<?xml version='1.0' encoding='utf-8'?>
<gpx version="1.1" creator="fitdecode" xmlns="http://www.topografix.com/GPX/1/1">
  <trk>
    <name>C:\Users\liangh\Desktop\export_112084103\activities\21219450743.fit.gz</name>
    <trkseg>
      <trkpt lat="41.30896247" lon="-72.92572260">
        <time>2026-09-07T12:36:12+00:00Z</time>
      </trkpt>
      <trkpt lat="41.30896951" lon="-72.92574179">
        <time>2026-09-07T12:36:13+00:00Z</time>
      </trkpt>
      <trkpt lat="41.30898192" lon="-72.92576401">
        <time>2026-09-07T12:36:14+00:00Z</time>
      </trkpt>
      <trkpt lat="41.30899348" lon="-72.92577976">
        <time>2026-09-07T12:36:15+00:00Z</time>
      </trkpt>
      <trkpt lat="41.30900480" lon="-72.92579795">
        <time>2026-09-07T12:36:16+00:00Z</time>
      </trkpt>
      <trkpt lat="41.30901041" lon="-72.92581505">
        <time>2026-09-07T12:36:17+00:00Z</time>
      </trkpt>
      <trkpt lat="41.30901662" lon="-72.92582905">
        <time>2026-09-07T12:36:18+00:00Z</time>
      </trkpt>
      <trkpt lat="41.30901938" lon="-72.92583517">
        <time>2026-09-07T12:36:19+00:00Z</time>
      </trkpt>
      <trkpt lat="41.30902207" lon="-72.92584288">
        <time>2026-09-07T12:36:20+00:00Z</time>
      </trkpt>
      <trkpt lat="41.30902651" lon="-72.92585352">
        <time>2026-09-07T12:36:21+00:00Z</time>
      </trkpt>
      <trkpt lat="41.30903447" lon="-72.92586073">
        <time>2026-09-07T12:36:22+00:00Z</time>
      </trkpt>
      <trkpt lat="41.30904327" lon="-72.92587289">
        <time>2026-09-07T12:36:23+00:00Z</time>
      </trkpt>
      <trkpt lat="41.30905165" lon="-72.92588278">
        <time>2026-09-07T12:36:24+00:00Z</time>
      </trkpt>
      <trkpt lat="41.30905995" lon="-72.92589921">
        <time>2026-09-07T12:36:25+00:00Z</time>
      </trkpt>
      <trkpt lat="41.30906791" lon="-72.92591287">
        <time>2026-09-07T12:36:26+00:00Z</time>
      </trkpt>
      <trkpt lat="41.30907361" lon="-72.92592988">
        <time>2026-09-07T12:36:27+00:00Z</time>
      </trkpt>
      <trkpt lat="41.30907613" lon="-72.92594288">
        <time>2026-09-07T12:36:28+00:00Z</time>
      </trkpt>
      <trkpt lat="41.30907780" lon="-72.92595235">
        <time>2026-09-07T12:36:29+00:00Z</time>
      </trkpt>
      <trkpt lat="41.30907780" lon="-72.92595453">
        <time>2026-09-07T12:36:30+00:00Z</time>
      </trkpt>
      <trkpt lat="41.30907881" lon="-72.92596056">
        <time>2026-09-07T12:36:31+00:00Z</time>
      </trkpt>
      <trkpt lat="41.30908325" lon="-72.92597531">
        <time>2026-09-07T12:36:32+00:00Z</time>
      </trkpt>
      <trkpt lat="41.30908409" lon="-72.92598428">
        <time>2026-09-07T12:36:33+00:00Z</time>
      </trkpt>
      <trkpt lat="41.30908610" lon="-72.92598956">
        <time>2026-09-07T12:36:34+00:00Z</time>
      </trkpt>
      <trkpt lat="41.30909004" lon="-72.92599652">
        <time>2026-09-07T12:36:35+00:00Z</time>
      </trkpt>
      <trkpt lat="41.30909381" lon="-72.92600515">
        <time>2026-09-07T12:36:36+00:00Z</time>
      </trkpt>
      <trkpt lat="41.30909599" lon="-72.92601261">
        <time>2026-09-07T12:36:37+00:00Z</time>
      </trkpt>
      <trkpt lat="41.30909692" lon="-72.92602058">
        <time>2026-09-07T12:36:38+00:00Z</time>
      </trkpt>
      <trkpt lat="41.30909826" lon="-72.92602686">
        <time>2026-09-07T12:36:39+00:00Z</time>
      </trkpt>
      <trkpt lat="41.30909884" lon="-72.92603239">
        <time>2026-09-07T12:36:40+00:00Z</time>
      </trkpt>
      <trkpt lat="41.30910144" lon="-72.92603776">
        <time>2026-09-07T12:36:41+00:00Z</time>
      </trkpt>
      <trkpt lat="41.30910488" lon="-72.92604480">
        <time>2026-09-07T12:36:42+00:00Z</time>
      </trkpt>
      <trkpt lat="41.30910731" lon="-72.92605058">
        <time>2026-09-07T12:36:43+00:00Z</time>
      </trkpt>
      <trkpt lat="41.30910832" lon="-72.92605712">
        <time>2026-09-07T12:36:44+00:00Z</time>
      </trkpt>
      <trkpt lat="41.30911016" lon="-72.92606232">
        <time>2026-09-07T12:36:45+00:00Z</time>
      </trkpt>
      <trkpt lat="41.30911108" lon="-72.92606609">
        <time>2026-09-07T12:36:46+00:00Z</time>
      </trkpt>
      <trkpt lat="41.30911334" lon="-72.92606894">
        <time>2026-09-07T12:36:47+00:00Z</time>
      </trkpt>
      <trkpt lat="41.30911670" lon="-72.92607355">
        <time>2026-09-07T12:36:48+00:00Z</time>
      </trkpt>
      <trkpt lat="41.30911888" lon="-72.92608143">
        <time>2026-09-07T12:36:49+00:00Z</time>
      </trkpt>
      <trkpt lat="41.30912181" lon="-72.92609065">
        <time>2026-09-07T12:36:50+00:00Z</time>
      </trkpt>
      <trkpt lat="41.30912449" lon="-72.92609995">
        <time>2026-09-07T12:36:51+00:00Z</time>
      </trkpt>
      <trkpt lat="41.30912684" lon="-72.92610993">
        <time>2026-09-07T12:36:52+00:00Z</time>
      </trkpt>
      <trkpt lat="41.30912717" lon="-72.92611915">
        <time>2026-09-07T12:36:53+00:00Z</time>
      </trkpt>
      <trkpt lat="41.30912969" lon="-72.92612652">
        <time>2026-09-07T12:36:54+00:00Z</time>
      </trkpt>
      <trkpt lat="41.30913145" lon="-72.92613382">
        <time>2026-09-07T12:36:55+00:00Z</time>
      </trkpt>
      <trkpt lat="41.30913304" lon="-72.92614027">
        <time>2026-09-07T12:36:56+00:00Z</time>
      </trkpt>
      <trkpt lat="41.30913480" lon="-72.92614521">
        <time>2026-09-07T12:36:57+00:00Z</time>
      </trkpt>
      <trkpt lat="41.30913790" lon="-72.92614840">
        <time>2026-09-07T12:36:58+00:00Z</time>
      </trkpt>
      <trkpt lat="41.30914000" lon="-72.92615930">
        <time>2026-09-07T12:36:59+00:00Z</time>
      </trkpt>
      <trkpt lat="41.30914151" lon="-72.92617355">
        <time>2026-09-07T12:37:00+00:00Z</time>
      </trkpt>
      <trkpt lat="41.30914293" lon="-72.92618930">
        <time>2026-09-07T12:37:01+00:00Z</time>
      </trkpt>
      <trkpt lat="41.30914545" lon="-72.92620297">
        <time>2026-09-07T12:37:02+00:00Z</time>
      </trkpt>
      <trkpt lat="41.30914712" lon="-72.92621789">
        <time>2026-09-07T12:37:03+00:00Z</time>
      </trkpt>
      <trkpt lat="41.30914821" lon="-72.92622887">
        <time>2026-09-07T12:37:04+00:00Z</time>
      </trkpt>
      <trkpt lat="41.30915090" lon="-72.92624110">
        <time>2026-09-07T12:37:05+00:00Z</time>
      </trkpt>
      <trkpt lat="41.30915282" lon="-72.92625150">
        <time>2026-09-07T12:37:06+00:00Z</time>
      </trkpt>
      <trkpt lat="41.30915919" lon="-72.92626734">
        <time>2026-09-07T12:37:07+00:00Z</time>
      </trkpt>
      <trkpt lat="41.30916540" lon="-72.92627891">
        <time>2026-09-07T12:37:08+00:00Z</time>
      </trkpt>
      <trkpt lat="41.30917747" lon="-72.92629760">
        <time>2026-09-07T12:37:09+00:00Z</time>
      </trkpt>
      <trkpt lat="41.30918669" lon="-72.92631394">
        <time>2026-09-07T12:37:10+00:00Z</time>
      </trkpt>
      <trkpt lat="41.30919633" lon="-72.92633775">
        <time>2026-09-07T12:37:11+00:00Z</time>
      </trkpt>
      <trkpt lat="41.30920948" lon="-72.92636272">
        <time>2026-09-07T12:37:12+00:00Z</time>
      </trkpt>
      <trkpt lat="41.30922273" lon="-72.92637781">
        <time>2026-09-07T12:37:13+00:00Z</time>
      </trkpt>
      <trkpt lat="41.30923849" lon="-72.92640212">
        <time>2026-09-07T12:37:14+00:00Z</time>
      </trkpt>
      <trkpt lat="41.30924234" lon="-72.92642458">
        <time>2026-09-07T12:37:15+00:00Z</time>
      </trkpt>
      <trkpt lat="41.30924955" lon="-72.92645182">
        <time>2026-09-07T12:37:16+00:00Z</time>
      </trkpt>
      <trkpt lat="41.30926036" lon="-72.92647756">
        <time>2026-09-07T12:37:17+00:00Z</time>
      </trkpt>
      <trkpt lat="41.30927252" lon="-72.92650145">
        <time>2026-09-07T12:37:18+00:00Z</time>
      </trkpt>
      <trkpt lat="41.30929003" lon="-72.92652064">
        <time>2026-09-07T12:37:19+00:00Z</time>
      </trkpt>
      <trkpt lat="41.30930135" lon="-72.92654159">
        <time>2026-09-07T12:37:20+00:00Z</time>
      </trkpt>
      <trkpt lat="41.30931283" lon="-72.92656993">
        <time>2026-09-07T12:37:21+00:00Z</time>
      </trkpt>
      <trkpt lat="41.30932088" lon="-72.92659583">
        <time>2026-09-07T12:37:22+00:00Z</time>
      </trkpt>
      <trkpt lat="41.30933153" lon="-72.92662273">
        <time>2026-09-07T12:37:23+00:00Z</time>
      </trkpt>
      <trkpt lat="41.30934116" lon="-72.92665173">
        <time>2026-09-07T12:37:24+00:00Z</time>
      </trkpt>
      <trkpt lat="41.30935206" lon="-72.92667688">
        <time>2026-09-07T12:37:25+00:00Z</time>
      </trkpt>
      <trkpt lat="41.30937017" lon="-72.92670337">
        <time>2026-09-07T12:37:26+00:00Z</time>
      </trkpt>
      <trkpt lat="41.30937989" lon="-72.92672357">
        <time>2026-09-07T12:37:27+00:00Z</time>
      </trkpt>
      <trkpt lat="41.30939221" lon="-72.92675097">
        <time>2026-09-07T12:37:28+00:00Z</time>
      </trkpt>
      <trkpt lat="41.30940470" lon="-72.92677947">
        <time>2026-09-07T12:37:29+00:00Z</time>
      </trkpt>
      <trkpt lat="41.30941459" lon="-72.92680420">
        <time>2026-09-07T12:37:30+00:00Z</time>
      </trkpt>
      <trkpt lat="41.30942490" lon="-72.92682901">
        <time>2026-09-07T12:37:31+00:00Z</time>
      </trkpt>
      <trkpt lat="41.30943395" lon="-72.92685315">
        <time>2026-09-07T12:37:32+00:00Z</time>
      </trkpt>
      <trkpt lat="41.30944552" lon="-72.92687871">
        <time>2026-09-07T12:37:33+00:00Z</time>
      </trkpt>
      <trkpt lat="41.30945398" lon="-72.92689975">
        <time>2026-09-07T12:37:34+00:00Z</time>
      </trkpt>
      <trkpt lat="41.30946471" lon="-72.92692322">
        <time>2026-09-07T12:37:35+00:00Z</time>
      </trkpt>
      <trkpt lat="41.30947536" lon="-72.92694577">
        <time>2026-09-07T12:37:36+00:00Z</time>
      </trkpt>
      <trkpt lat="41.30948399" lon="-72.92696790">
        <time>2026-09-07T12:37:37+00:00Z</time>
      </trkpt>
      <trkpt lat="41.30950034" lon="-72.92699019">
        <time>2026-09-07T12:37:38+00:00Z</time>
      </trkpt>
      <trkpt lat="41.30950863" lon="-72.92700754">
        <time>2026-09-07T12:37:39+00:00Z</time>
      </trkpt>
      <trkpt lat="41.30952272" lon="-72.92703378">
        <time>2026-09-07T12:37:40+00:00Z</time>
      </trkpt>
      <trkpt lat="41.30952925" lon="-72.92705482">
        <time>2026-09-07T12:37:41+00:00Z</time>
      </trkpt>
      <trkpt lat="41.30953948" lon="-72.92708063">
        <time>2026-09-07T12:37:42+00:00Z</time>
      </trkpt>
      <trkpt lat="41.30955054" lon="-72.92710687">
        <time>2026-09-07T12:37:43+00:00Z</time>
      </trkpt>
      <trkpt lat="41.30956052" lon="-72.92712330">
        <time>2026-09-07T12:37:44+00:00Z</time>
      </trkpt>
      <trkpt lat="41.30957485" lon="-72.92715054">
        <time>2026-09-07T12:37:45+00:00Z</time>
      </trkpt>
      <trkpt lat="41.30958214" lon="-72.92717041">
        <time>2026-09-07T12:37:46+00:00Z</time>
      </trkpt>
      <trkpt lat="41.30959681" lon="-72.92719672">
        <time>2026-09-07T12:37:47+00:00Z</time>
      </trkpt>
      <trkpt lat="41.30960377" lon="-72.92721726">
        <time>2026-09-07T12:37:48+00:00Z</time>
      </trkpt>
      <trkpt lat="41.30961525" lon="-72.92724618">
        <time>2026-09-07T12:37:49+00:00Z</time>
      </trkpt>
      <trkpt lat="41.30962623" lon="-72.92727250">
        <time>2026-09-07T12:37:50+00:00Z</time>
      </trkpt>
      <trkpt lat="41.30963554" lon="-72.92729219">
        <time>2026-09-07T12:37:51+00:00Z</time>
      </trkpt>
      <trkpt lat="41.30965423" lon="-72.92731860">
        <time>2026-09-07T12:37:52+00:00Z</time>
      </trkpt>
      <trkpt lat="41.30966839" lon="-72.92733536">
        <time>2026-09-07T12:37:53+00:00Z</time>
      </trkpt>
      <trkpt lat="41.30968298" lon="-72.92736612">
        <time>2026-09-07T12:37:54+00:00Z</time>
      </trkpt>
      <trkpt lat="41.30968834" lon="-72.92739211">
        <time>2026-09-07T12:37:55+00:00Z</time>
      </trkpt>
      <trkpt lat="41.30969547" lon="-72.92741776">
        <time>2026-09-07T12:37:56+00:00Z</time>
      </trkpt>
      <trkpt lat="41.30970452" lon="-72.92743946">
        <time>2026-09-07T12:37:57+00:00Z</time>
      </trkpt>
      <trkpt lat="41.30971190" lon="-72.92746000">
        <time>2026-09-07T12:37:58+00:00Z</time>
      </trkpt>
      <trkpt lat="41.30972464" lon="-72.92748406">
        <time>2026-09-07T12:37:59+00:00Z</time>
      </trkpt>
      <trkpt lat="41.30973377" lon="-72.92750501">
        <time>2026-09-07T12:38:00+00:00Z</time>
      </trkpt>
      <trkpt lat="41.30974559" lon="-72.92752940">
        <time>2026-09-07T12:38:01+00:00Z</time>
      </trkpt>
      <trkpt lat="41.30975322" lon="-72.92755581">
        <time>2026-09-07T12:38:02+00:00Z</time>
      </trkpt>
      <trkpt lat="41.30976797" lon="-72.92758523">
        <time>2026-09-07T12:38:03+00:00Z</time>
      </trkpt>
      <trkpt lat="41.30977585" lon="-72.92761272">
        <time>2026-09-07T12:38:04+00:00Z</time>
      </trkpt>
      <trkpt lat="41.30978708" lon="-72.92763971">
        <time>2026-09-07T12:38:05+00:00Z</time>
      </trkpt>
      <trkpt lat="41.30979580" lon="-72.92766536">
        <time>2026-09-07T12:38:06+00:00Z</time>
      </trkpt>
      <trkpt lat="41.30980401" lon="-72.92769109">
        <time>2026-09-07T12:38:07+00:00Z</time>
      </trkpt>
      <trkpt lat="41.30981265" lon="-72.92771934">
        <time>2026-09-07T12:38:08+00:00Z</time>
      </trkpt>
      <trkpt lat="41.30981910" lon="-72.92774364">
        <time>2026-09-07T12:38:09+00:00Z</time>
      </trkpt>
      <trkpt lat="41.30983276" lon="-72.92777130">
        <time>2026-09-07T12:38:10+00:00Z</time>
      </trkpt>
      <trkpt lat="41.30983897" lon="-72.92779419">
        <time>2026-09-07T12:38:11+00:00Z</time>
      </trkpt>
      <trkpt lat="41.30985531" lon="-72.92781766">
        <time>2026-09-07T12:38:12+00:00Z</time>
      </trkpt>
      <trkpt lat="41.30986554" lon="-72.92784247">
        <time>2026-09-07T12:38:13+00:00Z</time>
      </trkpt>
      <trkpt lat="41.30987442" lon="-72.92786879">
        <time>2026-09-07T12:38:14+00:00Z</time>
      </trkpt>
      <trkpt lat="41.30988968" lon="-72.92789326">
        <time>2026-09-07T12:38:15+00:00Z</time>
      </trkpt>
      <trkpt lat="41.30989823" lon="-72.92791723">
        <time>2026-09-07T12:38:16+00:00Z</time>
      </trkpt>
      <trkpt lat="41.30990912" lon="-72.92794674">
        <time>2026-09-07T12:38:17+00:00Z</time>
      </trkpt>
      <trkpt lat="41.30991734" lon="-72.92796887">
        <time>2026-09-07T12:38:18+00:00Z</time>
      </trkpt>
      <trkpt lat="41.30992865" lon="-72.92799527">
        <time>2026-09-07T12:38:19+00:00Z</time>
      </trkpt>
      <trkpt lat="41.30993729" lon="-72.92802167">
        <time>2026-09-07T12:38:20+00:00Z</time>
      </trkpt>
      <trkpt lat="41.30994843" lon="-72.92804648">
        <time>2026-09-07T12:38:21+00:00Z</time>
      </trkpt>
      <trkpt lat="41.30996084" lon="-72.92807724">
        <time>2026-09-07T12:38:22+00:00Z</time>
      </trkpt>
      <trkpt lat="41.30996578" lon="-72.92809837">
        <time>2026-09-07T12:38:23+00:00Z</time>
      </trkpt>
      <trkpt lat="41.30997618" lon="-72.92813206">
        <time>2026-09-07T12:38:24+00:00Z</time>
      </trkpt>
      <trkpt lat="41.30998473" lon="-72.92815411">
        <time>2026-09-07T12:38:25+00:00Z</time>
      </trkpt>
      <trkpt lat="41.30999780" lon="-72.92818428">
        <time>2026-09-07T12:38:26+00:00Z</time>
      </trkpt>
      <trkpt lat="41.31000317" lon="-72.92820834">
        <time>2026-09-07T12:38:27+00:00Z</time>
      </trkpt>
      <trkpt lat="41.31001549" lon="-72.92823482">
        <time>2026-09-07T12:38:28+00:00Z</time>
      </trkpt>
      <trkpt lat="41.31002437" lon="-72.92825812">
        <time>2026-09-07T12:38:29+00:00Z</time>
      </trkpt>
      <trkpt lat="41.31003686" lon="-72.92828235">
        <time>2026-09-07T12:38:30+00:00Z</time>
      </trkpt>
      <trkpt lat="41.31004625" lon="-72.92830506">
        <time>2026-09-07T12:38:31+00:00Z</time>
      </trkpt>
      <trkpt lat="41.31005899" lon="-72.92832962">
        <time>2026-09-07T12:38:32+00:00Z</time>
      </trkpt>
      <trkpt lat="41.31006871" lon="-72.92835502">
        <time>2026-09-07T12:38:33+00:00Z</time>
      </trkpt>
      <trkpt lat="41.31007844" lon="-72.92837949">
        <time>2026-09-07T12:38:34+00:00Z</time>
      </trkpt>
      <trkpt lat="41.31009076" lon="-72.92840380">
        <time>2026-09-07T12:38:35+00:00Z</time>
      </trkpt>
      <trkpt lat="41.31010325" lon="-72.92842685">
        <time>2026-09-07T12:38:36+00:00Z</time>
      </trkpt>
      <trkpt lat="41.31011431" lon="-72.92845636">
        <time>2026-09-07T12:38:37+00:00Z</time>
      </trkpt>
      <trkpt lat="41.31012470" lon="-72.92848125">
        <time>2026-09-07T12:38:38+00:00Z</time>
      </trkpt>
      <trkpt lat="41.31013644" lon="-72.92850832">
        <time>2026-09-07T12:38:39+00:00Z</time>
      </trkpt>
      <trkpt lat="41.31014566" lon="-72.92853238">
        <time>2026-09-07T12:38:40+00:00Z</time>
      </trkpt>
      <trkpt lat="41.31015672" lon="-72.92856138">
        <time>2026-09-07T12:38:41+00:00Z</time>
      </trkpt>
      <trkpt lat="41.31016511" lon="-72.92858301">
        <time>2026-09-07T12:38:42+00:00Z</time>
      </trkpt>
      <trkpt lat="41.31017592" lon="-72.92860463">
        <time>2026-09-07T12:38:43+00:00Z</time>
      </trkpt>
      <trkpt lat="41.31018614" lon="-72.92863003">
        <time>2026-09-07T12:38:44+00:00Z</time>
      </trkpt>
      <trkpt lat="41.31019788" lon="-72.92864369">
        <time>2026-09-07T12:38:45+00:00Z</time>
      </trkpt>
      <trkpt lat="41.31021263" lon="-72.92866624">
        <time>2026-09-07T12:38:46+00:00Z</time>
      </trkpt>
      <trkpt lat="41.31022302" lon="-72.92868786">
        <time>2026-09-07T12:38:47+00:00Z</time>
      </trkpt>
      <trkpt lat="41.31023535" lon="-72.92871553">
        <time>2026-09-07T12:38:48+00:00Z</time>
      </trkpt>
      <trkpt lat="41.31024306" lon="-72.92873556">
        <time>2026-09-07T12:38:49+00:00Z</time>
      </trkpt>
      <trkpt lat="41.31025638" lon="-72.92876481">
        <time>2026-09-07T12:38:50+00:00Z</time>
      </trkpt>
      <trkpt lat="41.31026359" lon="-72.92878744">
        <time>2026-09-07T12:38:51+00:00Z</time>
      </trkpt>
      <trkpt lat="41.31027482" lon="-72.92881393">
        <time>2026-09-07T12:38:52+00:00Z</time>
      </trkpt>
      <trkpt lat="41.31028631" lon="-72.92883874">
        <time>2026-09-07T12:38:53+00:00Z</time>
      </trkpt>
      <trkpt lat="41.31029712" lon="-72.92886280">
        <time>2026-09-07T12:38:54+00:00Z</time>
      </trkpt>
      <trkpt lat="41.31030953" lon="-72.92888844">
        <time>2026-09-07T12:38:55+00:00Z</time>
      </trkpt>
      <trkpt lat="41.31032017" lon="-72.92890898">
        <time>2026-09-07T12:38:56+00:00Z</time>
      </trkpt>
      <trkpt lat="41.31033886" lon="-72.92893119">
        <time>2026-09-07T12:38:57+00:00Z</time>
      </trkpt>
      <trkpt lat="41.31035110" lon="-72.92894804">
        <time>2026-09-07T12:38:58+00:00Z</time>
      </trkpt>
      <trkpt lat="41.31036895" lon="-72.92897528">
        <time>2026-09-07T12:38:59+00:00Z</time>
      </trkpt>
      <trkpt lat="41.31037155" lon="-72.92899523">
        <time>2026-09-07T12:39:00+00:00Z</time>
      </trkpt>
      <trkpt lat="41.31038027" lon="-72.92902373">
        <time>2026-09-07T12:39:01+00:00Z</time>
      </trkpt>
      <trkpt lat="41.31038748" lon="-72.92905013">
        <time>2026-09-07T12:39:02+00:00Z</time>
      </trkpt>
      <trkpt lat="41.31039552" lon="-72.92907628">
        <time>2026-09-07T12:39:03+00:00Z</time>
      </trkpt>
      <trkpt lat="41.31040466" lon="-72.92910160">
        <time>2026-09-07T12:39:04+00:00Z</time>
      </trkpt>
      <trkpt lat="41.31041681" lon="-72.92912305">
        <time>2026-09-07T12:39:05+00:00Z</time>
      </trkpt>
      <trkpt lat="41.31043014" lon="-72.92915365">
        <time>2026-09-07T12:39:06+00:00Z</time>
      </trkpt>
      <trkpt lat="41.31043919" lon="-72.92917536">
        <time>2026-09-07T12:39:07+00:00Z</time>
      </trkpt>
      <trkpt lat="41.31045629" lon="-72.92920159">
        <time>2026-09-07T12:39:08+00:00Z</time>
      </trkpt>
      <trkpt lat="41.31046878" lon="-72.92922230">
        <time>2026-09-07T12:39:09+00:00Z</time>
      </trkpt>
      <trkpt lat="41.31048228" lon="-72.92925222">
        <time>2026-09-07T12:39:10+00:00Z</time>
      </trkpt>
      <trkpt lat="41.31048571" lon="-72.92927745">
        <time>2026-09-07T12:39:11+00:00Z</time>
      </trkpt>
      <trkpt lat="41.31049611" lon="-72.92930955">
        <time>2026-09-07T12:39:12+00:00Z</time>
      </trkpt>
      <trkpt lat="41.31050357" lon="-72.92933553">
        <time>2026-09-07T12:39:13+00:00Z</time>
      </trkpt>
      <trkpt lat="41.31050700" lon="-72.92935699">
        <time>2026-09-07T12:39:14+00:00Z</time>
      </trkpt>
      <trkpt lat="41.31051991" lon="-72.92938340">
        <time>2026-09-07T12:39:15+00:00Z</time>
      </trkpt>
      <trkpt lat="41.31052888" lon="-72.92940410">
        <time>2026-09-07T12:39:16+00:00Z</time>
      </trkpt>
      <trkpt lat="41.31054313" lon="-72.92943913">
        <time>2026-09-07T12:39:17+00:00Z</time>
      </trkpt>
      <trkpt lat="41.31055319" lon="-72.92945917">
        <time>2026-09-07T12:39:18+00:00Z</time>
      </trkpt>
      <trkpt lat="41.31056978" lon="-72.92948741">
        <time>2026-09-07T12:39:19+00:00Z</time>
      </trkpt>
      <trkpt lat="41.31058076" lon="-72.92950988">
        <time>2026-09-07T12:39:20+00:00Z</time>
      </trkpt>
      <trkpt lat="41.31059065" lon="-72.92954542">
        <time>2026-09-07T12:39:21+00:00Z</time>
      </trkpt>
      <trkpt lat="41.31059526" lon="-72.92956947">
        <time>2026-09-07T12:39:22+00:00Z</time>
      </trkpt>
      <trkpt lat="41.31060591" lon="-72.92959856">
        <time>2026-09-07T12:39:23+00:00Z</time>
      </trkpt>
      <trkpt lat="41.31061262" lon="-72.92962245">
        <time>2026-09-07T12:39:24+00:00Z</time>
      </trkpt>
      <trkpt lat="41.31062125" lon="-72.92964952">
        <time>2026-09-07T12:39:25+00:00Z</time>
      </trkpt>
      <trkpt lat="41.31062997" lon="-72.92967726">
        <time>2026-09-07T12:39:26+00:00Z</time>
      </trkpt>
      <trkpt lat="41.31063684" lon="-72.92970400">
        <time>2026-09-07T12:39:27+00:00Z</time>
      </trkpt>
      <trkpt lat="41.31064757" lon="-72.92973133">
        <time>2026-09-07T12:39:28+00:00Z</time>
      </trkpt>
      <trkpt lat="41.31065813" lon="-72.92975488">
        <time>2026-09-07T12:39:29+00:00Z</time>
      </trkpt>
      <trkpt lat="41.31067171" lon="-72.92978380">
        <time>2026-09-07T12:39:30+00:00Z</time>
      </trkpt>
      <trkpt lat="41.31067950" lon="-72.92980065">
        <time>2026-09-07T12:39:31+00:00Z</time>
      </trkpt>
      <trkpt lat="41.31069467" lon="-72.92982512">
        <time>2026-09-07T12:39:32+00:00Z</time>
      </trkpt>
      <trkpt lat="41.31070213" lon="-72.92984314">
        <time>2026-09-07T12:39:33+00:00Z</time>
      </trkpt>
      <trkpt lat="41.31071789" lon="-72.92987525">
        <time>2026-09-07T12:39:34+00:00Z</time>
      </trkpt>
      <trkpt lat="41.31072300" lon="-72.92989989">
        <time>2026-09-07T12:39:35+00:00Z</time>
      </trkpt>
      <trkpt lat="41.31073415" lon="-72.92993249">
        <time>2026-09-07T12:39:36+00:00Z</time>
      </trkpt>
      <trkpt lat="41.31074212" lon="-72.92995689">
        <time>2026-09-07T12:39:37+00:00Z</time>
      </trkpt>
      <trkpt lat="41.31075427" lon="-72.92998287">
        <time>2026-09-07T12:39:38+00:00Z</time>
      </trkpt>
      <trkpt lat="41.31076676" lon="-72.93000584">
        <time>2026-09-07T12:39:39+00:00Z</time>
      </trkpt>
      <trkpt lat="41.31077698" lon="-72.93003048">
        <time>2026-09-07T12:39:40+00:00Z</time>
      </trkpt>
      <trkpt lat="41.31078972" lon="-72.93005588">
        <time>2026-09-07T12:39:41+00:00Z</time>
      </trkpt>
      <trkpt lat="41.31079702" lon="-72.93007448">
        <time>2026-09-07T12:39:42+00:00Z</time>
      </trkpt>
      <trkpt lat="41.31081386" lon="-72.93009720">
        <time>2026-09-07T12:39:43+00:00Z</time>
      </trkpt>
      <trkpt lat="41.31082283" lon="-72.93011161">
        <time>2026-09-07T12:39:44+00:00Z</time>
      </trkpt>
      <trkpt lat="41.31084337" lon="-72.93013316">
        <time>2026-09-07T12:39:45+00:00Z</time>
      </trkpt>
      <trkpt lat="41.31085494" lon="-72.93014950">
        <time>2026-09-07T12:39:46+00:00Z</time>
      </trkpt>
      <trkpt lat="41.31087304" lon="-72.93016811">
        <time>2026-09-07T12:39:47+00:00Z</time>
      </trkpt>
      <trkpt lat="41.31088519" lon="-72.93018437">
        <time>2026-09-07T12:39:48+00:00Z</time>
      </trkpt>
      <trkpt lat="41.31090414" lon="-72.93020055">
        <time>2026-09-07T12:39:49+00:00Z</time>
      </trkpt>
      <trkpt lat="41.31091881" lon="-72.93021974">
        <time>2026-09-07T12:39:50+00:00Z</time>
      </trkpt>
      <trkpt lat="41.31093197" lon="-72.93023818">
        <time>2026-09-07T12:39:51+00:00Z</time>
      </trkpt>
      <trkpt lat="41.31094462" lon="-72.93025863">
        <time>2026-09-07T12:39:52+00:00Z</time>
      </trkpt>
      <trkpt lat="41.31095837" lon="-72.93027758">
        <time>2026-09-07T12:39:53+00:00Z</time>
      </trkpt>
      <trkpt lat="41.31097589" lon="-72.93029627">
        <time>2026-09-07T12:39:54+00:00Z</time>
      </trkpt>
      <trkpt lat="41.31099030" lon="-72.93031161">
        <time>2026-09-07T12:39:55+00:00Z</time>
      </trkpt>
      <trkpt lat="41.31100908" lon="-72.93032820">
        <time>2026-09-07T12:39:56+00:00Z</time>
      </trkpt>
      <trkpt lat="41.31102098" lon="-72.93034581">
        <time>2026-09-07T12:39:57+00:00Z</time>
      </trkpt>
      <trkpt lat="41.31103951" lon="-72.93036357">
        <time>2026-09-07T12:39:58+00:00Z</time>
      </trkpt>
      <trkpt lat="41.31105250" lon="-72.93037539">
        <time>2026-09-07T12:39:59+00:00Z</time>
      </trkpt>
      <trkpt lat="41.31107714" lon="-72.93039056">
        <time>2026-09-07T12:40:00+00:00Z</time>
      </trkpt>
      <trkpt lat="41.31109131" lon="-72.93040146">
        <time>2026-09-07T12:40:01+00:00Z</time>
      </trkpt>
      <trkpt lat="41.31111419" lon="-72.93041848">
        <time>2026-09-07T12:40:02+00:00Z</time>
      </trkpt>
      <trkpt lat="41.31112550" lon="-72.93043097">
        <time>2026-09-07T12:40:03+00:00Z</time>
      </trkpt>
      <trkpt lat="41.31114696" lon="-72.93044882">
        <time>2026-09-07T12:40:04+00:00Z</time>
      </trkpt>
      <trkpt lat="41.31115987" lon="-72.93046835">
        <time>2026-09-07T12:40:05+00:00Z</time>
      </trkpt>
      <trkpt lat="41.31117839" lon="-72.93048654">
        <time>2026-09-07T12:40:06+00:00Z</time>
      </trkpt>
      <trkpt lat="41.31119289" lon="-72.93050196">
        <time>2026-09-07T12:40:07+00:00Z</time>
      </trkpt>
      <trkpt lat="41.31120916" lon="-72.93051990">
        <time>2026-09-07T12:40:08+00:00Z</time>
      </trkpt>
      <trkpt lat="41.31121921" lon="-72.93054236">
        <time>2026-09-07T12:40:09+00:00Z</time>
      </trkpt>
      <trkpt lat="41.31123355" lon="-72.93056005">
        <time>2026-09-07T12:40:10+00:00Z</time>
      </trkpt>
      <trkpt lat="41.31124880" lon="-72.93057698">
        <time>2026-09-07T12:40:11+00:00Z</time>
      </trkpt>
      <trkpt lat="41.31126062" lon="-72.93059517">
        <time>2026-09-07T12:40:12+00:00Z</time>
      </trkpt>
      <trkpt lat="41.31127747" lon="-72.93061436">
        <time>2026-09-07T12:40:13+00:00Z</time>
      </trkpt>
      <trkpt lat="41.31129079" lon="-72.93062660">
        <time>2026-09-07T12:40:14+00:00Z</time>
      </trkpt>
      <trkpt lat="41.31130798" lon="-72.93064504">
        <time>2026-09-07T12:40:15+00:00Z</time>
      </trkpt>
      <trkpt lat="41.31132441" lon="-72.93065225">
        <time>2026-09-07T12:40:16+00:00Z</time>
      </trkpt>
      <trkpt lat="41.31134779" lon="-72.93066742">
        <time>2026-09-07T12:40:17+00:00Z</time>
      </trkpt>
      <trkpt lat="41.31136011" lon="-72.93068016">
        <time>2026-09-07T12:40:18+00:00Z</time>
      </trkpt>
      <trkpt lat="41.31138425" lon="-72.93069893">
        <time>2026-09-07T12:40:19+00:00Z</time>
      </trkpt>
      <trkpt lat="41.31139758" lon="-72.93071553">
        <time>2026-09-07T12:40:20+00:00Z</time>
      </trkpt>
      <trkpt lat="41.31141753" lon="-72.93073280">
        <time>2026-09-07T12:40:21+00:00Z</time>
      </trkpt>
      <trkpt lat="41.31143144" lon="-72.93075585">
        <time>2026-09-07T12:40:22+00:00Z</time>
      </trkpt>
      <trkpt lat="41.31144896" lon="-72.93077387">
        <time>2026-09-07T12:40:23+00:00Z</time>
      </trkpt>
      <trkpt lat="41.31146598" lon="-72.93079214">
        <time>2026-09-07T12:40:24+00:00Z</time>
      </trkpt>
      <trkpt lat="41.31148274" lon="-72.93081234">
        <time>2026-09-07T12:40:25+00:00Z</time>
      </trkpt>
      <trkpt lat="41.31150219" lon="-72.93083162">
        <time>2026-09-07T12:40:26+00:00Z</time>
      </trkpt>
      <trkpt lat="41.31151719" lon="-72.93085082">
        <time>2026-09-07T12:40:27+00:00Z</time>
      </trkpt>
      <trkpt lat="41.31153605" lon="-72.93087110">
        <time>2026-09-07T12:40:28+00:00Z</time>
      </trkpt>
      <trkpt lat="41.31154896" lon="-72.93088292">
        <time>2026-09-07T12:40:29+00:00Z</time>
      </trkpt>
      <trkpt lat="41.31156907" lon="-72.93090194">
        <time>2026-09-07T12:40:30+00:00Z</time>
      </trkpt>
      <trkpt lat="41.31158257" lon="-72.93090748">
        <time>2026-09-07T12:40:31+00:00Z</time>
      </trkpt>
      <trkpt lat="41.31160461" lon="-72.93092349">
        <time>2026-09-07T12:40:32+00:00Z</time>
      </trkpt>
      <trkpt lat="41.31161777" lon="-72.93093463">
        <time>2026-09-07T12:40:33+00:00Z</time>
      </trkpt>
      <trkpt lat="41.31163730" lon="-72.93095408">
        <time>2026-09-07T12:40:34+00:00Z</time>
      </trkpt>
      <trkpt lat="41.31165004" lon="-72.93097353">
        <time>2026-09-07T12:40:35+00:00Z</time>
      </trkpt>
      <trkpt lat="41.31167200" lon="-72.93099071">
        <time>2026-09-07T12:40:36+00:00Z</time>
      </trkpt>
      <trkpt lat="41.31168919" lon="-72.93100613">
        <time>2026-09-07T12:40:37+00:00Z</time>
      </trkpt>
      <trkpt lat="41.31170872" lon="-72.93102424">
        <time>2026-09-07T12:40:38+00:00Z</time>
      </trkpt>
      <trkpt lat="41.31172791" lon="-72.93104318">
        <time>2026-09-07T12:40:39+00:00Z</time>
      </trkpt>
      <trkpt lat="41.31174518" lon="-72.93105500">
        <time>2026-09-07T12:40:40+00:00Z</time>
      </trkpt>
      <trkpt lat="41.31176119" lon="-72.93107327">
        <time>2026-09-07T12:40:41+00:00Z</time>
      </trkpt>
      <trkpt lat="41.31177393" lon="-72.93108861">
        <time>2026-09-07T12:40:42+00:00Z</time>
      </trkpt>
      <trkpt lat="41.31178935" lon="-72.93110604">
        <time>2026-09-07T12:40:43+00:00Z</time>
      </trkpt>
      <trkpt lat="41.31180025" lon="-72.93112163">
        <time>2026-09-07T12:40:44+00:00Z</time>
      </trkpt>
      <trkpt lat="41.31181961" lon="-72.93113722">
        <time>2026-09-07T12:40:45+00:00Z</time>
      </trkpt>
      <trkpt lat="41.31183235" lon="-72.93114837">
        <time>2026-09-07T12:40:46+00:00Z</time>
      </trkpt>
      <trkpt lat="41.31185205" lon="-72.93116338">
        <time>2026-09-07T12:40:47+00:00Z</time>
      </trkpt>
      <trkpt lat="41.31186428" lon="-72.93117721">
        <time>2026-09-07T12:40:48+00:00Z</time>
      </trkpt>
      <trkpt lat="41.31188365" lon="-72.93119372">
        <time>2026-09-07T12:40:49+00:00Z</time>
      </trkpt>
      <trkpt lat="41.31189764" lon="-72.93120302">
        <time>2026-09-07T12:40:50+00:00Z</time>
      </trkpt>
      <trkpt lat="41.31191801" lon="-72.93121736">
        <time>2026-09-07T12:40:51+00:00Z</time>
      </trkpt>
      <trkpt lat="41.31193226" lon="-72.93122968">
        <time>2026-09-07T12:40:52+00:00Z</time>
      </trkpt>
      <trkpt lat="41.31195724" lon="-72.93124720">
        <time>2026-09-07T12:40:53+00:00Z</time>
      </trkpt>
      <trkpt lat="41.31197266" lon="-72.93125382">
        <time>2026-09-07T12:40:54+00:00Z</time>
      </trkpt>
      <trkpt lat="41.31199429" lon="-72.93127771">
        <time>2026-09-07T12:40:55+00:00Z</time>
      </trkpt>
      <trkpt lat="41.31200292" lon="-72.93129740">
        <time>2026-09-07T12:40:56+00:00Z</time>
      </trkpt>
      <trkpt lat="41.31202346" lon="-72.93132179">
        <time>2026-09-07T12:40:57+00:00Z</time>
      </trkpt>
      <trkpt lat="41.31203704" lon="-72.93133889">
        <time>2026-09-07T12:40:58+00:00Z</time>
      </trkpt>
      <trkpt lat="41.31205556" lon="-72.93135591">
        <time>2026-09-07T12:40:59+00:00Z</time>
      </trkpt>
      <trkpt lat="41.31207459" lon="-72.93137167">
        <time>2026-09-07T12:41:00+00:00Z</time>
      </trkpt>
      <trkpt lat="41.31209085" lon="-72.93138843">
        <time>2026-09-07T12:41:01+00:00Z</time>
      </trkpt>
      <trkpt lat="41.31210543" lon="-72.93140729">
        <time>2026-09-07T12:41:02+00:00Z</time>
      </trkpt>
      <trkpt lat="41.31212094" lon="-72.93142338">
        <time>2026-09-07T12:41:03+00:00Z</time>
      </trkpt>
      <trkpt lat="41.31213946" lon="-72.93144057">
        <time>2026-09-07T12:41:04+00:00Z</time>
      </trkpt>
      <trkpt lat="41.31215463" lon="-72.93145331">
        <time>2026-09-07T12:41:05+00:00Z</time>
      </trkpt>
      <trkpt lat="41.31217550" lon="-72.93147434">
        <time>2026-09-07T12:41:06+00:00Z</time>
      </trkpt>
      <trkpt lat="41.31219101" lon="-72.93148608">
        <time>2026-09-07T12:41:07+00:00Z</time>
      </trkpt>
      <trkpt lat="41.31221524" lon="-72.93150913">
        <time>2026-09-07T12:41:08+00:00Z</time>
      </trkpt>
      <trkpt lat="41.31222990" lon="-72.93152397">
        <time>2026-09-07T12:41:09+00:00Z</time>
      </trkpt>
      <trkpt lat="41.31225178" lon="-72.93154442">
        <time>2026-09-07T12:41:10+00:00Z</time>
      </trkpt>
      <trkpt lat="41.31226670" lon="-72.93156026">
        <time>2026-09-07T12:41:11+00:00Z</time>
      </trkpt>
      <trkpt lat="41.31228288" lon="-72.93157971">
        <time>2026-09-07T12:41:12+00:00Z</time>
      </trkpt>
      <trkpt lat="41.31229553" lon="-72.93160250">
        <time>2026-09-07T12:41:13+00:00Z</time>
      </trkpt>
      <trkpt lat="41.31231154" lon="-72.93161851">
        <time>2026-09-07T12:41:14+00:00Z</time>
      </trkpt>
      <trkpt lat="41.31232998" lon="-72.93163922">
        <time>2026-09-07T12:41:15+00:00Z</time>
      </trkpt>
      <trkpt lat="41.31234532" lon="-72.93165472">
        <time>2026-09-07T12:41:16+00:00Z</time>
      </trkpt>
      <trkpt lat="41.31236351" lon="-72.93167191">
        <time>2026-09-07T12:41:17+00:00Z</time>
      </trkpt>
      <trkpt lat="41.31237935" lon="-72.93168188">
        <time>2026-09-07T12:41:18+00:00Z</time>
      </trkpt>
      <trkpt lat="41.31240131" lon="-72.93169932">
        <time>2026-09-07T12:41:19+00:00Z</time>
      </trkpt>
      <trkpt lat="41.31241389" lon="-72.93170602">
        <time>2026-09-07T12:41:20+00:00Z</time>
      </trkpt>
      <trkpt lat="41.31243685" lon="-72.93172404">
        <time>2026-09-07T12:41:21+00:00Z</time>
      </trkpt>
      <trkpt lat="41.31244691" lon="-72.93173536">
        <time>2026-09-07T12:41:22+00:00Z</time>
      </trkpt>
      <trkpt lat="41.31246543" lon="-72.93175698">
        <time>2026-09-07T12:41:23+00:00Z</time>
      </trkpt>
      <trkpt lat="41.31247734" lon="-72.93177224">
        <time>2026-09-07T12:41:24+00:00Z</time>
      </trkpt>
      <trkpt lat="41.31249620" lon="-72.93179269">
        <time>2026-09-07T12:41:25+00:00Z</time>
      </trkpt>
      <trkpt lat="41.31250944" lon="-72.93180803">
        <time>2026-09-07T12:41:26+00:00Z</time>
      </trkpt>
      <trkpt lat="41.31252780" lon="-72.93182848">
        <time>2026-09-07T12:41:27+00:00Z</time>
      </trkpt>
      <trkpt lat="41.31254297" lon="-72.93184667">
        <time>2026-09-07T12:41:28+00:00Z</time>
      </trkpt>
      <trkpt lat="41.31256317" lon="-72.93186586">
        <time>2026-09-07T12:41:29+00:00Z</time>
      </trkpt>
      <trkpt lat="41.31257918" lon="-72.93188087">
        <time>2026-09-07T12:41:30+00:00Z</time>
      </trkpt>
      <trkpt lat="41.31259686" lon="-72.93190073">
        <time>2026-09-07T12:41:31+00:00Z</time>
      </trkpt>
      <trkpt lat="41.31261455" lon="-72.93192194">
        <time>2026-09-07T12:41:32+00:00Z</time>
      </trkpt>
      <trkpt lat="41.31263123" lon="-72.93194449">
        <time>2026-09-07T12:41:33+00:00Z</time>
      </trkpt>
      <trkpt lat="41.31265428" lon="-72.93196762">
        <time>2026-09-07T12:41:34+00:00Z</time>
      </trkpt>
      <trkpt lat="41.31266945" lon="-72.93198246">
        <time>2026-09-07T12:41:35+00:00Z</time>
      </trkpt>
      <trkpt lat="41.31268898" lon="-72.93200416">
        <time>2026-09-07T12:41:36+00:00Z</time>
      </trkpt>
      <trkpt lat="41.31270155" lon="-72.93202043">
        <time>2026-09-07T12:41:37+00:00Z</time>
      </trkpt>
      <trkpt lat="41.31272159" lon="-72.93203660">
        <time>2026-09-07T12:41:38+00:00Z</time>
      </trkpt>
      <trkpt lat="41.31273600" lon="-72.93205211">
        <time>2026-09-07T12:41:39+00:00Z</time>
      </trkpt>
      <trkpt lat="41.31274975" lon="-72.93206845">
        <time>2026-09-07T12:41:40+00:00Z</time>
      </trkpt>
      <trkpt lat="41.31276743" lon="-72.93208706">
        <time>2026-09-07T12:41:41+00:00Z</time>
      </trkpt>
      <trkpt lat="41.31278487" lon="-72.93209972">
        <time>2026-09-07T12:41:42+00:00Z</time>
      </trkpt>
      <trkpt lat="41.31280817" lon="-72.93211640">
        <time>2026-09-07T12:41:43+00:00Z</time>
      </trkpt>
      <trkpt lat="41.31282552" lon="-72.93212369">
        <time>2026-09-07T12:41:44+00:00Z</time>
      </trkpt>
      <trkpt lat="41.31285109" lon="-72.93213425">
        <time>2026-09-07T12:41:45+00:00Z</time>
      </trkpt>
      <trkpt lat="41.31286425" lon="-72.93214607">
        <time>2026-09-07T12:41:46+00:00Z</time>
      </trkpt>
      <trkpt lat="41.31288813" lon="-72.93216317">
        <time>2026-09-07T12:41:47+00:00Z</time>
      </trkpt>
      <trkpt lat="41.31289962" lon="-72.93217616">
        <time>2026-09-07T12:41:48+00:00Z</time>
      </trkpt>
      <trkpt lat="41.31291848" lon="-72.93219578">
        <time>2026-09-07T12:41:49+00:00Z</time>
      </trkpt>
      <trkpt lat="41.31292761" lon="-72.93221606">
        <time>2026-09-07T12:41:50+00:00Z</time>
      </trkpt>
      <trkpt lat="41.31294463" lon="-72.93223442">
        <time>2026-09-07T12:41:51+00:00Z</time>
      </trkpt>
      <trkpt lat="41.31295972" lon="-72.93224967">
        <time>2026-09-07T12:41:52+00:00Z</time>
      </trkpt>
      <trkpt lat="41.31297707" lon="-72.93226493">
        <time>2026-09-07T12:41:53+00:00Z</time>
      </trkpt>
      <trkpt lat="41.31299140" lon="-72.93227993">
        <time>2026-09-07T12:41:54+00:00Z</time>
      </trkpt>
      <trkpt lat="41.31300506" lon="-72.93229552">
        <time>2026-09-07T12:41:55+00:00Z</time>
      </trkpt>
      <trkpt lat="41.31301973" lon="-72.93231228">
        <time>2026-09-07T12:41:56+00:00Z</time>
      </trkpt>
      <trkpt lat="41.31303473" lon="-72.93232184">
        <time>2026-09-07T12:41:57+00:00Z</time>
      </trkpt>
      <trkpt lat="41.31305502" lon="-72.93233466">
        <time>2026-09-07T12:41:58+00:00Z</time>
      </trkpt>
      <trkpt lat="41.31306675" lon="-72.93234321">
        <time>2026-09-07T12:41:59+00:00Z</time>
      </trkpt>
      <trkpt lat="41.31308561" lon="-72.93235981">
        <time>2026-09-07T12:42:00+00:00Z</time>
      </trkpt>
      <trkpt lat="41.31309986" lon="-72.93237532">
        <time>2026-09-07T12:42:01+00:00Z</time>
      </trkpt>
      <trkpt lat="41.31311998" lon="-72.93239803">
        <time>2026-09-07T12:42:02+00:00Z</time>
      </trkpt>
      <trkpt lat="41.31313104" lon="-72.93241429">
        <time>2026-09-07T12:42:03+00:00Z</time>
      </trkpt>
      <trkpt lat="41.31315175" lon="-72.93244019">
        <time>2026-09-07T12:42:04+00:00Z</time>
      </trkpt>
      <trkpt lat="41.31316314" lon="-72.93245939">
        <time>2026-09-07T12:42:05+00:00Z</time>
      </trkpt>
      <trkpt lat="41.31318334" lon="-72.93248529">
        <time>2026-09-07T12:42:06+00:00Z</time>
      </trkpt>
      <trkpt lat="41.31319743" lon="-72.93250708">
        <time>2026-09-07T12:42:07+00:00Z</time>
      </trkpt>
      <trkpt lat="41.31321268" lon="-72.93252544">
        <time>2026-09-07T12:42:08+00:00Z</time>
      </trkpt>
      <trkpt lat="41.31322517" lon="-72.93254513">
        <time>2026-09-07T12:42:09+00:00Z</time>
      </trkpt>
      <trkpt lat="41.31323749" lon="-72.93256223">
        <time>2026-09-07T12:42:10+00:00Z</time>
      </trkpt>
      <trkpt lat="41.31325300" lon="-72.93258235">
        <time>2026-09-07T12:42:11+00:00Z</time>
      </trkpt>
      <trkpt lat="41.31326834" lon="-72.93259635">
        <time>2026-09-07T12:42:12+00:00Z</time>
      </trkpt>
      <trkpt lat="41.31328720" lon="-72.93261445">
        <time>2026-09-07T12:42:13+00:00Z</time>
      </trkpt>
      <trkpt lat="41.31329793" lon="-72.93262677">
        <time>2026-09-07T12:42:14+00:00Z</time>
      </trkpt>
      <trkpt lat="41.31331637" lon="-72.93264689">
        <time>2026-09-07T12:42:15+00:00Z</time>
      </trkpt>
      <trkpt lat="41.31332760" lon="-72.93265670">
        <time>2026-09-07T12:42:16+00:00Z</time>
      </trkpt>
      <trkpt lat="41.31335308" lon="-72.93267614">
        <time>2026-09-07T12:42:17+00:00Z</time>
      </trkpt>
      <trkpt lat="41.31336791" lon="-72.93269240">
        <time>2026-09-07T12:42:18+00:00Z</time>
      </trkpt>
      <trkpt lat="41.31339164" lon="-72.93271327">
        <time>2026-09-07T12:42:19+00:00Z</time>
      </trkpt>
      <trkpt lat="41.31340706" lon="-72.93272761">
        <time>2026-09-07T12:42:20+00:00Z</time>
      </trkpt>
      <trkpt lat="41.31342525" lon="-72.93274127">
        <time>2026-09-07T12:42:21+00:00Z</time>
      </trkpt>
      <trkpt lat="41.31343832" lon="-72.93275778">
        <time>2026-09-07T12:42:22+00:00Z</time>
      </trkpt>
      <trkpt lat="41.31345492" lon="-72.93277262">
        <time>2026-09-07T12:42:23+00:00Z</time>
      </trkpt>
      <trkpt lat="41.31346959" lon="-72.93279047">
        <time>2026-09-07T12:42:24+00:00Z</time>
      </trkpt>
      <trkpt lat="41.31348258" lon="-72.93280900">
        <time>2026-09-07T12:42:25+00:00Z</time>
      </trkpt>
      <trkpt lat="41.31349674" lon="-72.93282945">
        <time>2026-09-07T12:42:26+00:00Z</time>
      </trkpt>
      <trkpt lat="41.31351091" lon="-72.93284604">
        <time>2026-09-07T12:42:27+00:00Z</time>
      </trkpt>
      <trkpt lat="41.31352826" lon="-72.93286272">
        <time>2026-09-07T12:42:28+00:00Z</time>
      </trkpt>
      <trkpt lat="41.31354268" lon="-72.93287421">
        <time>2026-09-07T12:42:29+00:00Z</time>
      </trkpt>
      <trkpt lat="41.31356061" lon="-72.93289240">
        <time>2026-09-07T12:42:30+00:00Z</time>
      </trkpt>
      <trkpt lat="41.31357436" lon="-72.93290773">
        <time>2026-09-07T12:42:31+00:00Z</time>
      </trkpt>
      <trkpt lat="41.31359464" lon="-72.93292508">
        <time>2026-09-07T12:42:32+00:00Z</time>
      </trkpt>
      <trkpt lat="41.31361091" lon="-72.93293590">
        <time>2026-09-07T12:42:33+00:00Z</time>
      </trkpt>
      <trkpt lat="41.31363354" lon="-72.93295400">
        <time>2026-09-07T12:42:34+00:00Z</time>
      </trkpt>
      <trkpt lat="41.31364753" lon="-72.93296364">
        <time>2026-09-07T12:42:35+00:00Z</time>
      </trkpt>
      <trkpt lat="41.31367218" lon="-72.93298200">
        <time>2026-09-07T12:42:36+00:00Z</time>
      </trkpt>
      <trkpt lat="41.31368534" lon="-72.93299541">
        <time>2026-09-07T12:42:37+00:00Z</time>
      </trkpt>
      <trkpt lat="41.31370629" lon="-72.93301284">
        <time>2026-09-07T12:42:38+00:00Z</time>
      </trkpt>
      <trkpt lat="41.31371979" lon="-72.93303061">
        <time>2026-09-07T12:42:39+00:00Z</time>
      </trkpt>
      <trkpt lat="41.31373605" lon="-72.93304729">
        <time>2026-09-07T12:42:40+00:00Z</time>
      </trkpt>
      <trkpt lat="41.31374979" lon="-72.93306464">
        <time>2026-09-07T12:42:41+00:00Z</time>
      </trkpt>
      <trkpt lat="41.31376488" lon="-72.93308032">
        <time>2026-09-07T12:42:42+00:00Z</time>
      </trkpt>
      <trkpt lat="41.31378449" lon="-72.93309934">
        <time>2026-09-07T12:42:43+00:00Z</time>
      </trkpt>
      <trkpt lat="41.31380084" lon="-72.93311116">
        <time>2026-09-07T12:42:44+00:00Z</time>
      </trkpt>
      <trkpt lat="41.31382431" lon="-72.93312801">
        <time>2026-09-07T12:42:45+00:00Z</time>
      </trkpt>
      <trkpt lat="41.31383990" lon="-72.93314251">
        <time>2026-09-07T12:42:46+00:00Z</time>
      </trkpt>
      <trkpt lat="41.31386169" lon="-72.93316137">
        <time>2026-09-07T12:42:47+00:00Z</time>
      </trkpt>
      <trkpt lat="41.31387636" lon="-72.93317495">
        <time>2026-09-07T12:42:48+00:00Z</time>
      </trkpt>
      <trkpt lat="41.31389790" lon="-72.93319440">
        <time>2026-09-07T12:42:49+00:00Z</time>
      </trkpt>
      <trkpt lat="41.31391106" lon="-72.93321141">
        <time>2026-09-07T12:42:50+00:00Z</time>
      </trkpt>
      <trkpt lat="41.31392774" lon="-72.93322843">
        <time>2026-09-07T12:42:51+00:00Z</time>
      </trkpt>
      <trkpt lat="41.31394492" lon="-72.93324636">
        <time>2026-09-07T12:42:52+00:00Z</time>
      </trkpt>
      <trkpt lat="41.31396370" lon="-72.93326170">
        <time>2026-09-07T12:42:53+00:00Z</time>
      </trkpt>
      <trkpt lat="41.31398331" lon="-72.93327771">
        <time>2026-09-07T12:42:54+00:00Z</time>
      </trkpt>
      <trkpt lat="41.31400041" lon="-72.93329037">
        <time>2026-09-07T12:42:55+00:00Z</time>
      </trkpt>
      <trkpt lat="41.31402246" lon="-72.93330688">
        <time>2026-09-07T12:42:56+00:00Z</time>
      </trkpt>
      <trkpt lat="41.31403964" lon="-72.93331878">
        <time>2026-09-07T12:42:57+00:00Z</time>
      </trkpt>
      <trkpt lat="41.31406638" lon="-72.93333471">
        <time>2026-09-07T12:42:58+00:00Z</time>
      </trkpt>
      <trkpt lat="41.31408163" lon="-72.93334686">
        <time>2026-09-07T12:42:59+00:00Z</time>
      </trkpt>
      <trkpt lat="41.31410477" lon="-72.93337268">
        <time>2026-09-07T12:43:00+00:00Z</time>
      </trkpt>
      <trkpt lat="41.31411524" lon="-72.93339514">
        <time>2026-09-07T12:43:01+00:00Z</time>
      </trkpt>
      <trkpt lat="41.31412975" lon="-72.93342523">
        <time>2026-09-07T12:43:02+00:00Z</time>
      </trkpt>
      <trkpt lat="41.31414341" lon="-72.93344686">
        <time>2026-09-07T12:43:03+00:00Z</time>
      </trkpt>
      <trkpt lat="41.31415841" lon="-72.93346505">
        <time>2026-09-07T12:43:04+00:00Z</time>
      </trkpt>
      <trkpt lat="41.31417819" lon="-72.93348500">
        <time>2026-09-07T12:43:05+00:00Z</time>
      </trkpt>
      <trkpt lat="41.31419554" lon="-72.93350243">
        <time>2026-09-07T12:43:06+00:00Z</time>
      </trkpt>
      <trkpt lat="41.31421893" lon="-72.93351618">
        <time>2026-09-07T12:43:07+00:00Z</time>
      </trkpt>
      <trkpt lat="41.31423351" lon="-72.93352691">
        <time>2026-09-07T12:43:08+00:00Z</time>
      </trkpt>
      <trkpt lat="41.31425866" lon="-72.93354669">
        <time>2026-09-07T12:43:09+00:00Z</time>
      </trkpt>
      <trkpt lat="41.31427333" lon="-72.93356127">
        <time>2026-09-07T12:43:10+00:00Z</time>
      </trkpt>
      <trkpt lat="41.31429520" lon="-72.93358256">
        <time>2026-09-07T12:43:11+00:00Z</time>
      </trkpt>
      <trkpt lat="41.31430753" lon="-72.93360301">
        <time>2026-09-07T12:43:12+00:00Z</time>
      </trkpt>
      <trkpt lat="41.31432069" lon="-72.93362497">
        <time>2026-09-07T12:43:13+00:00Z</time>
      </trkpt>
      <trkpt lat="41.31433686" lon="-72.93364861">
        <time>2026-09-07T12:43:14+00:00Z</time>
      </trkpt>
      <trkpt lat="41.31435237" lon="-72.93366739">
        <time>2026-09-07T12:43:15+00:00Z</time>
      </trkpt>
      <trkpt lat="41.31437500" lon="-72.93368750">
        <time>2026-09-07T12:43:16+00:00Z</time>
      </trkpt>
      <trkpt lat="41.31439336" lon="-72.93369723">
        <time>2026-09-07T12:43:17+00:00Z</time>
      </trkpt>
      <trkpt lat="41.31442370" lon="-72.93371382">
        <time>2026-09-07T12:43:18+00:00Z</time>
      </trkpt>
      <trkpt lat="41.31443921" lon="-72.93372623">
        <time>2026-09-07T12:43:19+00:00Z</time>
      </trkpt>
      <trkpt lat="41.31446385" lon="-72.93374375">
        <time>2026-09-07T12:43:20+00:00Z</time>
      </trkpt>
      <trkpt lat="41.31447709" lon="-72.93376084">
        <time>2026-09-07T12:43:21+00:00Z</time>
      </trkpt>
      <trkpt lat="41.31449495" lon="-72.93378348">
        <time>2026-09-07T12:43:22+00:00Z</time>
      </trkpt>
      <trkpt lat="41.31450810" lon="-72.93380485">
        <time>2026-09-07T12:43:23+00:00Z</time>
      </trkpt>
      <trkpt lat="41.31452311" lon="-72.93382647">
        <time>2026-09-07T12:43:24+00:00Z</time>
      </trkpt>
      <trkpt lat="41.31454188" lon="-72.93384584">
        <time>2026-09-07T12:43:25+00:00Z</time>
      </trkpt>
      <trkpt lat="41.31455823" lon="-72.93385833">
        <time>2026-09-07T12:43:26+00:00Z</time>
      </trkpt>
      <trkpt lat="41.31458153" lon="-72.93387149">
        <time>2026-09-07T12:43:27+00:00Z</time>
      </trkpt>
      <trkpt lat="41.31459787" lon="-72.93388322">
        <time>2026-09-07T12:43:28+00:00Z</time>
      </trkpt>
      <trkpt lat="41.31461942" lon="-72.93390116">
        <time>2026-09-07T12:43:29+00:00Z</time>
      </trkpt>
      <trkpt lat="41.31463157" lon="-72.93391675">
        <time>2026-09-07T12:43:30+00:00Z</time>
      </trkpt>
      <trkpt lat="41.31464884" lon="-72.93393376">
        <time>2026-09-07T12:43:31+00:00Z</time>
      </trkpt>
      <trkpt lat="41.31466552" lon="-72.93394986">
        <time>2026-09-07T12:43:32+00:00Z</time>
      </trkpt>
      <trkpt lat="41.31468236" lon="-72.93396427">
        <time>2026-09-07T12:43:33+00:00Z</time>
      </trkpt>
      <trkpt lat="41.31470139" lon="-72.93398246">
        <time>2026-09-07T12:43:34+00:00Z</time>
      </trkpt>
      <trkpt lat="41.31471849" lon="-72.93399663">
        <time>2026-09-07T12:43:35+00:00Z</time>
      </trkpt>
      <trkpt lat="41.31474179" lon="-72.93401297">
        <time>2026-09-07T12:43:36+00:00Z</time>
      </trkpt>
      <trkpt lat="41.31475663" lon="-72.93402303">
        <time>2026-09-07T12:43:37+00:00Z</time>
      </trkpt>
      <trkpt lat="41.31478177" lon="-72.93403761">
        <time>2026-09-07T12:43:38+00:00Z</time>
      </trkpt>
      <trkpt lat="41.31479686" lon="-72.93405036">
        <time>2026-09-07T12:43:39+00:00Z</time>
      </trkpt>
      <trkpt lat="41.31481899" lon="-72.93407181">
        <time>2026-09-07T12:43:40+00:00Z</time>
      </trkpt>
      <trkpt lat="41.31483383" lon="-72.93409067">
        <time>2026-09-07T12:43:41+00:00Z</time>
      </trkpt>
      <trkpt lat="41.31485160" lon="-72.93410744">
        <time>2026-09-07T12:43:42+00:00Z</time>
      </trkpt>
      <trkpt lat="41.31486643" lon="-72.93412713">
        <time>2026-09-07T12:43:43+00:00Z</time>
      </trkpt>
      <trkpt lat="41.31488018" lon="-72.93414515">
        <time>2026-09-07T12:43:44+00:00Z</time>
      </trkpt>
      <trkpt lat="41.31490147" lon="-72.93416535">
        <time>2026-09-07T12:43:45+00:00Z</time>
      </trkpt>
      <trkpt lat="41.31491396" lon="-72.93417927">
        <time>2026-09-07T12:43:46+00:00Z</time>
      </trkpt>
      <trkpt lat="41.31493902" lon="-72.93419888">
        <time>2026-09-07T12:43:47+00:00Z</time>
      </trkpt>
      <trkpt lat="41.31495327" lon="-72.93421355">
        <time>2026-09-07T12:43:48+00:00Z</time>
      </trkpt>
      <trkpt lat="41.31497322" lon="-72.93423316">
        <time>2026-09-07T12:43:49+00:00Z</time>
      </trkpt>
      <trkpt lat="41.31498629" lon="-72.93425051">
        <time>2026-09-07T12:43:50+00:00Z</time>
      </trkpt>
      <trkpt lat="41.31500289" lon="-72.93426384">
        <time>2026-09-07T12:43:51+00:00Z</time>
      </trkpt>
      <trkpt lat="41.31502183" lon="-72.93428019">
        <time>2026-09-07T12:43:52+00:00Z</time>
      </trkpt>
      <trkpt lat="41.31503910" lon="-72.93429150">
        <time>2026-09-07T12:43:53+00:00Z</time>
      </trkpt>
      <trkpt lat="41.31506626" lon="-72.93430651">
        <time>2026-09-07T12:43:54+00:00Z</time>
      </trkpt>
      <trkpt lat="41.31508176" lon="-72.93431791">
        <time>2026-09-07T12:43:55+00:00Z</time>
      </trkpt>
      <trkpt lat="41.31510640" lon="-72.93433953">
        <time>2026-09-07T12:43:56+00:00Z</time>
      </trkpt>
      <trkpt lat="41.31512040" lon="-72.93436032">
        <time>2026-09-07T12:43:57+00:00Z</time>
      </trkpt>
      <trkpt lat="41.31513742" lon="-72.93437918">
        <time>2026-09-07T12:43:58+00:00Z</time>
      </trkpt>
      <trkpt lat="41.31515644" lon="-72.93439711">
        <time>2026-09-07T12:43:59+00:00Z</time>
      </trkpt>
      <trkpt lat="41.31517413" lon="-72.93441011">
        <time>2026-09-07T12:44:00+00:00Z</time>
      </trkpt>
      <trkpt lat="41.31519592" lon="-72.93443089">
        <time>2026-09-07T12:44:01+00:00Z</time>
      </trkpt>
      <trkpt lat="41.31521177" lon="-72.93444145">
        <time>2026-09-07T12:44:02+00:00Z</time>
      </trkpt>
      <trkpt lat="41.31523733" lon="-72.93446291">
        <time>2026-09-07T12:44:03+00:00Z</time>
      </trkpt>
      <trkpt lat="41.31525108" lon="-72.93448135">
        <time>2026-09-07T12:44:04+00:00Z</time>
      </trkpt>
      <trkpt lat="41.31526927" lon="-72.93450449">
        <time>2026-09-07T12:44:05+00:00Z</time>
      </trkpt>
      <trkpt lat="41.31528469" lon="-72.93452645">
        <time>2026-09-07T12:44:06+00:00Z</time>
      </trkpt>
      <trkpt lat="41.31529877" lon="-72.93454028">
        <time>2026-09-07T12:44:07+00:00Z</time>
      </trkpt>
      <trkpt lat="41.31532383" lon="-72.93455411">
        <time>2026-09-07T12:44:08+00:00Z</time>
      </trkpt>
      <trkpt lat="41.31534127" lon="-72.93456165">
        <time>2026-09-07T12:44:09+00:00Z</time>
      </trkpt>
      <trkpt lat="41.31536767" lon="-72.93457749">
        <time>2026-09-07T12:44:10+00:00Z</time>
      </trkpt>
      <trkpt lat="41.31538100" lon="-72.93459023">
        <time>2026-09-07T12:44:11+00:00Z</time>
      </trkpt>
      <trkpt lat="41.31540371" lon="-72.93460373">
        <time>2026-09-07T12:44:12+00:00Z</time>
      </trkpt>
      <trkpt lat="41.31541830" lon="-72.93462225">
        <time>2026-09-07T12:44:13+00:00Z</time>
      </trkpt>
      <trkpt lat="41.31543581" lon="-72.93464220">
        <time>2026-09-07T12:44:14+00:00Z</time>
      </trkpt>
      <trkpt lat="41.31545912" lon="-72.93466106">
        <time>2026-09-07T12:44:15+00:00Z</time>
      </trkpt>
      <trkpt lat="41.31547554" lon="-72.93467095">
        <time>2026-09-07T12:44:16+00:00Z</time>
      </trkpt>
      <trkpt lat="41.31550337" lon="-72.93468914">
        <time>2026-09-07T12:44:17+00:00Z</time>
      </trkpt>
      <trkpt lat="41.31551636" lon="-72.93470850">
        <time>2026-09-07T12:44:18+00:00Z</time>
      </trkpt>
      <trkpt lat="41.31553539" lon="-72.93472971">
        <time>2026-09-07T12:44:19+00:00Z</time>
      </trkpt>
      <trkpt lat="41.31555140" lon="-72.93475075">
        <time>2026-09-07T12:44:20+00:00Z</time>
      </trkpt>
      <trkpt lat="41.31556850" lon="-72.93476768">
        <time>2026-09-07T12:44:21+00:00Z</time>
      </trkpt>
      <trkpt lat="41.31559314" lon="-72.93478528">
        <time>2026-09-07T12:44:22+00:00Z</time>
      </trkpt>
      <trkpt lat="41.31560789" lon="-72.93479643">
        <time>2026-09-07T12:44:23+00:00Z</time>
      </trkpt>
      <trkpt lat="41.31563564" lon="-72.93481596">
        <time>2026-09-07T12:44:24+00:00Z</time>
      </trkpt>
      <trkpt lat="41.31565056" lon="-72.93483490">
        <time>2026-09-07T12:44:25+00:00Z</time>
      </trkpt>
      <trkpt lat="41.31566959" lon="-72.93485904">
        <time>2026-09-07T12:44:26+00:00Z</time>
      </trkpt>
      <trkpt lat="41.31568274" lon="-72.93488201">
        <time>2026-09-07T12:44:27+00:00Z</time>
      </trkpt>
      <trkpt lat="41.31570026" lon="-72.93490171">
        <time>2026-09-07T12:44:28+00:00Z</time>
      </trkpt>
      <trkpt lat="41.31571979" lon="-72.93491855">
        <time>2026-09-07T12:44:29+00:00Z</time>
      </trkpt>
      <trkpt lat="41.31573739" lon="-72.93493205">
        <time>2026-09-07T12:44:30+00:00Z</time>
      </trkpt>
      <trkpt lat="41.31576187" lon="-72.93495317">
        <time>2026-09-07T12:44:31+00:00Z</time>
      </trkpt>
      <trkpt lat="41.31577620" lon="-72.93497169">
        <time>2026-09-07T12:44:32+00:00Z</time>
      </trkpt>
      <trkpt lat="41.31579632" lon="-72.93499885">
        <time>2026-09-07T12:44:33+00:00Z</time>
      </trkpt>
      <trkpt lat="41.31581040" lon="-72.93502282">
        <time>2026-09-07T12:44:34+00:00Z</time>
      </trkpt>
      <trkpt lat="41.31582574" lon="-72.93504646">
        <time>2026-09-07T12:44:35+00:00Z</time>
      </trkpt>
      <trkpt lat="41.31584058" lon="-72.93506758">
        <time>2026-09-07T12:44:36+00:00Z</time>
      </trkpt>
      <trkpt lat="41.31585742" lon="-72.93508301">
        <time>2026-09-07T12:44:37+00:00Z</time>
      </trkpt>
      <trkpt lat="41.31588114" lon="-72.93510103">
        <time>2026-09-07T12:44:38+00:00Z</time>
      </trkpt>
      <trkpt lat="41.31589238" lon="-72.93511251">
        <time>2026-09-07T12:44:39+00:00Z</time>
      </trkpt>
      <trkpt lat="41.31591727" lon="-72.93513422">
        <time>2026-09-07T12:44:40+00:00Z</time>
      </trkpt>
      <trkpt lat="41.31592875" lon="-72.93515149">
        <time>2026-09-07T12:44:41+00:00Z</time>
      </trkpt>
      <trkpt lat="41.31594770" lon="-72.93517470">
        <time>2026-09-07T12:44:42+00:00Z</time>
      </trkpt>
      <trkpt lat="41.31595952" lon="-72.93519675">
        <time>2026-09-07T12:44:43+00:00Z</time>
      </trkpt>
      <trkpt lat="41.31597586" lon="-72.93521862">
        <time>2026-09-07T12:44:44+00:00Z</time>
      </trkpt>
      <trkpt lat="41.31599430" lon="-72.93523941">
        <time>2026-09-07T12:44:45+00:00Z</time>
      </trkpt>
      <trkpt lat="41.31600796" lon="-72.93525827">
        <time>2026-09-07T12:44:46+00:00Z</time>
      </trkpt>
      <trkpt lat="41.31603344" lon="-72.93528040">
        <time>2026-09-07T12:44:47+00:00Z</time>
      </trkpt>
      <trkpt lat="41.31604644" lon="-72.93530035">
        <time>2026-09-07T12:44:48+00:00Z</time>
      </trkpt>
      <trkpt lat="41.31606454" lon="-72.93532751">
        <time>2026-09-07T12:44:49+00:00Z</time>
      </trkpt>
      <trkpt lat="41.31607686" lon="-72.93535433">
        <time>2026-09-07T12:44:50+00:00Z</time>
      </trkpt>
      <trkpt lat="41.31609363" lon="-72.93537553">
        <time>2026-09-07T12:44:51+00:00Z</time>
      </trkpt>
      <trkpt lat="41.31611399" lon="-72.93540034">
        <time>2026-09-07T12:44:52+00:00Z</time>
      </trkpt>
      <trkpt lat="41.31612975" lon="-72.93541962">
        <time>2026-09-07T12:44:53+00:00Z</time>
      </trkpt>
      <trkpt lat="41.31615506" lon="-72.93544536">
        <time>2026-09-07T12:44:54+00:00Z</time>
      </trkpt>
      <trkpt lat="41.31616588" lon="-72.93546287">
        <time>2026-09-07T12:44:55+00:00Z</time>
      </trkpt>
      <trkpt lat="41.31618264" lon="-72.93548576">
        <time>2026-09-07T12:44:56+00:00Z</time>
      </trkpt>
      <trkpt lat="41.31619295" lon="-72.93550797">
        <time>2026-09-07T12:44:57+00:00Z</time>
      </trkpt>
      <trkpt lat="41.31620762" lon="-72.93552725">
        <time>2026-09-07T12:44:58+00:00Z</time>
      </trkpt>
      <trkpt lat="41.31622983" lon="-72.93555189">
        <time>2026-09-07T12:44:59+00:00Z</time>
      </trkpt>
      <trkpt lat="41.31624240" lon="-72.93556823">
        <time>2026-09-07T12:45:00+00:00Z</time>
      </trkpt>
      <trkpt lat="41.31626311" lon="-72.93559179">
        <time>2026-09-07T12:45:01+00:00Z</time>
      </trkpt>
      <trkpt lat="41.31627711" lon="-72.93561090">
        <time>2026-09-07T12:45:02+00:00Z</time>
      </trkpt>
      <trkpt lat="41.31629496" lon="-72.93563043">
        <time>2026-09-07T12:45:03+00:00Z</time>
      </trkpt>
      <trkpt lat="41.31630971" lon="-72.93565239">
        <time>2026-09-07T12:45:04+00:00Z</time>
      </trkpt>
      <trkpt lat="41.31632505" lon="-72.93567242">
        <time>2026-09-07T12:45:05+00:00Z</time>
      </trkpt>
      <trkpt lat="41.31634592" lon="-72.93569371">
        <time>2026-09-07T12:45:06+00:00Z</time>
      </trkpt>
      <trkpt lat="41.31636042" lon="-72.93570586">
        <time>2026-09-07T12:45:07+00:00Z</time>
      </trkpt>
      <trkpt lat="41.31638054" lon="-72.93573269">
        <time>2026-09-07T12:45:08+00:00Z</time>
      </trkpt>
      <trkpt lat="41.31639135" lon="-72.93575867">
        <time>2026-09-07T12:45:09+00:00Z</time>
      </trkpt>
      <trkpt lat="41.31640946" lon="-72.93578357">
        <time>2026-09-07T12:45:10+00:00Z</time>
      </trkpt>
      <trkpt lat="41.31642622" lon="-72.93581055">
        <time>2026-09-07T12:45:11+00:00Z</time>
      </trkpt>
      <trkpt lat="41.31643904" lon="-72.93582640">
        <time>2026-09-07T12:45:12+00:00Z</time>
      </trkpt>
      <trkpt lat="41.31646134" lon="-72.93585733">
        <time>2026-09-07T12:45:13+00:00Z</time>
      </trkpt>
      <trkpt lat="41.31646830" lon="-72.93587996">
        <time>2026-09-07T12:45:14+00:00Z</time>
      </trkpt>
      <trkpt lat="41.31648439" lon="-72.93590401">
        <time>2026-09-07T12:45:15+00:00Z</time>
      </trkpt>
      <trkpt lat="41.31649671" lon="-72.93592379">
        <time>2026-09-07T12:45:16+00:00Z</time>
      </trkpt>
      <trkpt lat="41.31651289" lon="-72.93594676">
        <time>2026-09-07T12:45:17+00:00Z</time>
      </trkpt>
      <trkpt lat="41.31652689" lon="-72.93597266">
        <time>2026-09-07T12:45:18+00:00Z</time>
      </trkpt>
      <trkpt lat="41.31653829" lon="-72.93599144">
        <time>2026-09-07T12:45:19+00:00Z</time>
      </trkpt>
      <trkpt lat="41.31655471" lon="-72.93601658">
        <time>2026-09-07T12:45:20+00:00Z</time>
      </trkpt>
      <trkpt lat="41.31656553" lon="-72.93603402">
        <time>2026-09-07T12:45:21+00:00Z</time>
      </trkpt>
      <trkpt lat="41.31658237" lon="-72.93606117">
        <time>2026-09-07T12:45:22+00:00Z</time>
      </trkpt>
      <trkpt lat="41.31659210" lon="-72.93608389">
        <time>2026-09-07T12:45:23+00:00Z</time>
      </trkpt>
      <trkpt lat="41.31660869" lon="-72.93610769">
        <time>2026-09-07T12:45:24+00:00Z</time>
      </trkpt>
      <trkpt lat="41.31662185" lon="-72.93613301">
        <time>2026-09-07T12:45:25+00:00Z</time>
      </trkpt>
      <trkpt lat="41.31663350" lon="-72.93615321">
        <time>2026-09-07T12:45:26+00:00Z</time>
      </trkpt>
      <trkpt lat="41.31665463" lon="-72.93617819">
        <time>2026-09-07T12:45:27+00:00Z</time>
      </trkpt>
      <trkpt lat="41.31666552" lon="-72.93619428">
        <time>2026-09-07T12:45:28+00:00Z</time>
      </trkpt>
      <trkpt lat="41.31668304" lon="-72.93621884">
        <time>2026-09-07T12:45:29+00:00Z</time>
      </trkpt>
      <trkpt lat="41.31669327" lon="-72.93623753">
        <time>2026-09-07T12:45:30+00:00Z</time>
      </trkpt>
      <trkpt lat="41.31670810" lon="-72.93625907">
        <time>2026-09-07T12:45:31+00:00Z</time>
      </trkpt>
      <trkpt lat="41.31672269" lon="-72.93627927">
        <time>2026-09-07T12:45:32+00:00Z</time>
      </trkpt>
      <trkpt lat="41.31673870" lon="-72.93629704">
        <time>2026-09-07T12:45:33+00:00Z</time>
      </trkpt>
      <trkpt lat="41.31675756" lon="-72.93631531">
        <time>2026-09-07T12:45:34+00:00Z</time>
      </trkpt>
      <trkpt lat="41.31677457" lon="-72.93633040">
        <time>2026-09-07T12:45:35+00:00Z</time>
      </trkpt>
      <trkpt lat="41.31679863" lon="-72.93635320">
        <time>2026-09-07T12:45:36+00:00Z</time>
      </trkpt>
      <trkpt lat="41.31681019" lon="-72.93637130">
        <time>2026-09-07T12:45:37+00:00Z</time>
      </trkpt>
      <trkpt lat="41.31682511" lon="-72.93639754">
        <time>2026-09-07T12:45:38+00:00Z</time>
      </trkpt>
      <trkpt lat="41.31683425" lon="-72.93641782">
        <time>2026-09-07T12:45:39+00:00Z</time>
      </trkpt>
      <trkpt lat="41.31684808" lon="-72.93643702">
        <time>2026-09-07T12:45:40+00:00Z</time>
      </trkpt>
      <trkpt lat="41.31686334" lon="-72.93646032">
        <time>2026-09-07T12:45:41+00:00Z</time>
      </trkpt>
      <trkpt lat="41.31687465" lon="-72.93647608">
        <time>2026-09-07T12:45:42+00:00Z</time>
      </trkpt>
      <trkpt lat="41.31689779" lon="-72.93649502">
        <time>2026-09-07T12:45:43+00:00Z</time>
      </trkpt>
      <trkpt lat="41.31690960" lon="-72.93650676">
        <time>2026-09-07T12:45:44+00:00Z</time>
      </trkpt>
      <trkpt lat="41.31692729" lon="-72.93652897">
        <time>2026-09-07T12:45:45+00:00Z</time>
      </trkpt>
      <trkpt lat="41.31694011" lon="-72.93654833">
        <time>2026-09-07T12:45:46+00:00Z</time>
      </trkpt>
      <trkpt lat="41.31695679" lon="-72.93657021">
        <time>2026-09-07T12:45:47+00:00Z</time>
      </trkpt>
      <trkpt lat="41.31697121" lon="-72.93659301">
        <time>2026-09-07T12:45:48+00:00Z</time>
      </trkpt>
      <trkpt lat="41.31698471" lon="-72.93661295">
        <time>2026-09-07T12:45:49+00:00Z</time>
      </trkpt>
      <trkpt lat="41.31700591" lon="-72.93663617">
        <time>2026-09-07T12:45:50+00:00Z</time>
      </trkpt>
      <trkpt lat="41.31701949" lon="-72.93665185">
        <time>2026-09-07T12:45:51+00:00Z</time>
      </trkpt>
      <trkpt lat="41.31704061" lon="-72.93667573">
        <time>2026-09-07T12:45:52+00:00Z</time>
      </trkpt>
      <trkpt lat="41.31704899" lon="-72.93669753">
        <time>2026-09-07T12:45:53+00:00Z</time>
      </trkpt>
      <trkpt lat="41.31706626" lon="-72.93671655">
        <time>2026-09-07T12:45:54+00:00Z</time>
      </trkpt>
      <trkpt lat="41.31708085" lon="-72.93673734">
        <time>2026-09-07T12:45:55+00:00Z</time>
      </trkpt>
      <trkpt lat="41.31709660" lon="-72.93675469">
        <time>2026-09-07T12:45:56+00:00Z</time>
      </trkpt>
      <trkpt lat="41.31711538" lon="-72.93677229">
        <time>2026-09-07T12:45:57+00:00Z</time>
      </trkpt>
      <trkpt lat="41.31713164" lon="-72.93678344">
        <time>2026-09-07T12:45:58+00:00Z</time>
      </trkpt>
      <trkpt lat="41.31715385" lon="-72.93680264">
        <time>2026-09-07T12:45:59+00:00Z</time>
      </trkpt>
      <trkpt lat="41.31716508" lon="-72.93681948">
        <time>2026-09-07T12:46:00+00:00Z</time>
      </trkpt>
      <trkpt lat="41.31718176" lon="-72.93684505">
        <time>2026-09-07T12:46:01+00:00Z</time>
      </trkpt>
      <trkpt lat="41.31719157" lon="-72.93686894">
        <time>2026-09-07T12:46:02+00:00Z</time>
      </trkpt>
      <trkpt lat="41.31720783" lon="-72.93688771">
        <time>2026-09-07T12:46:03+00:00Z</time>
      </trkpt>
      <trkpt lat="41.31722460" lon="-72.93690892">
        <time>2026-09-07T12:46:04+00:00Z</time>
      </trkpt>
      <trkpt lat="41.31723767" lon="-72.93692853">
        <time>2026-09-07T12:46:05+00:00Z</time>
      </trkpt>
      <trkpt lat="41.31725896" lon="-72.93694764">
        <time>2026-09-07T12:46:06+00:00Z</time>
      </trkpt>
      <trkpt lat="41.31727044" lon="-72.93696382">
        <time>2026-09-07T12:46:07+00:00Z</time>
      </trkpt>
      <trkpt lat="41.31728771" lon="-72.93698830">
        <time>2026-09-07T12:46:08+00:00Z</time>
      </trkpt>
      <trkpt lat="41.31729827" lon="-72.93701185">
        <time>2026-09-07T12:46:09+00:00Z</time>
      </trkpt>
      <trkpt lat="41.31731302" lon="-72.93703507">
        <time>2026-09-07T12:46:10+00:00Z</time>
      </trkpt>
      <trkpt lat="41.31733096" lon="-72.93705929">
        <time>2026-09-07T12:46:11+00:00Z</time>
      </trkpt>
      <trkpt lat="41.31734605" lon="-72.93707421">
        <time>2026-09-07T12:46:12+00:00Z</time>
      </trkpt>
      <trkpt lat="41.31736809" lon="-72.93709424">
        <time>2026-09-07T12:46:13+00:00Z</time>
      </trkpt>
      <trkpt lat="41.31738167" lon="-72.93710715">
        <time>2026-09-07T12:46:14+00:00Z</time>
      </trkpt>
      <trkpt lat="41.31740380" lon="-72.93712869">
        <time>2026-09-07T12:46:15+00:00Z</time>
      </trkpt>
      <trkpt lat="41.31741579" lon="-72.93715007">
        <time>2026-09-07T12:46:16+00:00Z</time>
      </trkpt>
      <trkpt lat="41.31742928" lon="-72.93717287">
        <time>2026-09-07T12:46:17+00:00Z</time>
      </trkpt>
      <trkpt lat="41.31744378" lon="-72.93719709">
        <time>2026-09-07T12:46:18+00:00Z</time>
      </trkpt>
      <trkpt lat="41.31745853" lon="-72.93721486">
        <time>2026-09-07T12:46:19+00:00Z</time>
      </trkpt>
      <trkpt lat="41.31748318" lon="-72.93723908">
        <time>2026-09-07T12:46:20+00:00Z</time>
      </trkpt>
      <trkpt lat="41.31749525" lon="-72.93725643">
        <time>2026-09-07T12:46:21+00:00Z</time>
      </trkpt>
      <trkpt lat="41.31751813" lon="-72.93728183">
        <time>2026-09-07T12:46:22+00:00Z</time>
      </trkpt>
      <trkpt lat="41.31752978" lon="-72.93730111">
        <time>2026-09-07T12:46:23+00:00Z</time>
      </trkpt>
      <trkpt lat="41.31754529" lon="-72.93732265">
        <time>2026-09-07T12:46:24+00:00Z</time>
      </trkpt>
      <trkpt lat="41.31756163" lon="-72.93734595">
        <time>2026-09-07T12:46:25+00:00Z</time>
      </trkpt>
      <trkpt lat="41.31757597" lon="-72.93736313">
        <time>2026-09-07T12:46:26+00:00Z</time>
      </trkpt>
      <trkpt lat="41.31759876" lon="-72.93738090">
        <time>2026-09-07T12:46:27+00:00Z</time>
      </trkpt>
      <trkpt lat="41.31761419" lon="-72.93739440">
        <time>2026-09-07T12:46:28+00:00Z</time>
      </trkpt>
      <trkpt lat="41.31763229" lon="-72.93742072">
        <time>2026-09-07T12:46:29+00:00Z</time>
      </trkpt>
      <trkpt lat="41.31764285" lon="-72.93744511">
        <time>2026-09-07T12:46:30+00:00Z</time>
      </trkpt>
      <trkpt lat="41.31766012" lon="-72.93746950">
        <time>2026-09-07T12:46:31+00:00Z</time>
      </trkpt>
      <trkpt lat="41.31767311" lon="-72.93748895">
        <time>2026-09-07T12:46:32+00:00Z</time>
      </trkpt>
      <trkpt lat="41.31768778" lon="-72.93750747">
        <time>2026-09-07T12:46:33+00:00Z</time>
      </trkpt>
      <trkpt lat="41.31770982" lon="-72.93752658">
        <time>2026-09-07T12:46:34+00:00Z</time>
      </trkpt>
      <trkpt lat="41.31772181" lon="-72.93753739">
        <time>2026-09-07T12:46:35+00:00Z</time>
      </trkpt>
      <trkpt lat="41.31774218" lon="-72.93755759">
        <time>2026-09-07T12:46:36+00:00Z</time>
      </trkpt>
      <trkpt lat="41.31775131" lon="-72.93757461">
        <time>2026-09-07T12:46:37+00:00Z</time>
      </trkpt>
      <trkpt lat="41.31776615" lon="-72.93759783">
        <time>2026-09-07T12:46:38+00:00Z</time>
      </trkpt>
      <trkpt lat="41.31777864" lon="-72.93762331">
        <time>2026-09-07T12:46:39+00:00Z</time>
      </trkpt>
      <trkpt lat="41.31779264" lon="-72.93764384">
        <time>2026-09-07T12:46:40+00:00Z</time>
      </trkpt>
      <trkpt lat="41.31781376" lon="-72.93766530">
        <time>2026-09-07T12:46:41+00:00Z</time>
      </trkpt>
      <trkpt lat="41.31782700" lon="-72.93767896">
        <time>2026-09-07T12:46:42+00:00Z</time>
      </trkpt>
      <trkpt lat="41.31784662" lon="-72.93770461">
        <time>2026-09-07T12:46:43+00:00Z</time>
      </trkpt>
      <trkpt lat="41.31785617" lon="-72.93772817">
        <time>2026-09-07T12:46:44+00:00Z</time>
      </trkpt>
      <trkpt lat="41.31787000" lon="-72.93775490">
        <time>2026-09-07T12:46:45+00:00Z</time>
      </trkpt>
      <trkpt lat="41.31788350" lon="-72.93777946">
        <time>2026-09-07T12:46:46+00:00Z</time>
      </trkpt>
      <trkpt lat="41.31789473" lon="-72.93779816">
        <time>2026-09-07T12:46:47+00:00Z</time>
      </trkpt>
      <trkpt lat="41.31791552" lon="-72.93782045">
        <time>2026-09-07T12:46:48+00:00Z</time>
      </trkpt>
      <trkpt lat="41.31792801" lon="-72.93783328">
        <time>2026-09-07T12:46:49+00:00Z</time>
      </trkpt>
      <trkpt lat="41.31794762" lon="-72.93785582">
        <time>2026-09-07T12:46:50+00:00Z</time>
      </trkpt>
      <trkpt lat="41.31796028" lon="-72.93787477">
        <time>2026-09-07T12:46:51+00:00Z</time>
      </trkpt>
      <trkpt lat="41.31797830" lon="-72.93789966">
        <time>2026-09-07T12:46:52+00:00Z</time>
      </trkpt>
      <trkpt lat="41.31798953" lon="-72.93792548">
        <time>2026-09-07T12:46:53+00:00Z</time>
      </trkpt>
      <trkpt lat="41.31800679" lon="-72.93794501">
        <time>2026-09-07T12:46:54+00:00Z</time>
      </trkpt>
      <trkpt lat="41.31802708" lon="-72.93796412">
        <time>2026-09-07T12:46:55+00:00Z</time>
      </trkpt>
      <trkpt lat="41.31804426" lon="-72.93797862">
        <time>2026-09-07T12:46:56+00:00Z</time>
      </trkpt>
      <trkpt lat="41.31806723" lon="-72.93800309">
        <time>2026-09-07T12:46:57+00:00Z</time>
      </trkpt>
      <trkpt lat="41.31807888" lon="-72.93801751">
        <time>2026-09-07T12:46:58+00:00Z</time>
      </trkpt>
      <trkpt lat="41.31809816" lon="-72.93803872">
        <time>2026-09-07T12:46:59+00:00Z</time>
      </trkpt>
      <trkpt lat="41.31810905" lon="-72.93806026">
        <time>2026-09-07T12:47:00+00:00Z</time>
      </trkpt>
      <trkpt lat="41.31812448" lon="-72.93808079">
        <time>2026-09-07T12:47:01+00:00Z</time>
      </trkpt>
      <trkpt lat="41.31813806" lon="-72.93810368">
        <time>2026-09-07T12:47:02+00:00Z</time>
      </trkpt>
      <trkpt lat="41.31815230" lon="-72.93811851">
        <time>2026-09-07T12:47:03+00:00Z</time>
      </trkpt>
      <trkpt lat="41.31817577" lon="-72.93814114">
        <time>2026-09-07T12:47:04+00:00Z</time>
      </trkpt>
      <trkpt lat="41.31818893" lon="-72.93815615">
        <time>2026-09-07T12:47:05+00:00Z</time>
      </trkpt>
      <trkpt lat="41.31820553" lon="-72.93817786">
        <time>2026-09-07T12:47:06+00:00Z</time>
      </trkpt>
      <trkpt lat="41.31821861" lon="-72.93819604">
        <time>2026-09-07T12:47:07+00:00Z</time>
      </trkpt>
      <trkpt lat="41.31823604" lon="-72.93821490">
        <time>2026-09-07T12:47:08+00:00Z</time>
      </trkpt>
      <trkpt lat="41.31825088" lon="-72.93823678">
        <time>2026-09-07T12:47:09+00:00Z</time>
      </trkpt>
      <trkpt lat="41.31826496" lon="-72.93825388">
        <time>2026-09-07T12:47:10+00:00Z</time>
      </trkpt>
      <trkpt lat="41.31828910" lon="-72.93827157">
        <time>2026-09-07T12:47:11+00:00Z</time>
      </trkpt>
      <trkpt lat="41.31830393" lon="-72.93828456">
        <time>2026-09-07T12:47:12+00:00Z</time>
      </trkpt>
      <trkpt lat="41.31832338" lon="-72.93831096">
        <time>2026-09-07T12:47:13+00:00Z</time>
      </trkpt>
      <trkpt lat="41.31833386" lon="-72.93833527">
        <time>2026-09-07T12:47:14+00:00Z</time>
      </trkpt>
      <trkpt lat="41.31835179" lon="-72.93835958">
        <time>2026-09-07T12:47:15+00:00Z</time>
      </trkpt>
      <trkpt lat="41.31836856" lon="-72.93838254">
        <time>2026-09-07T12:47:16+00:00Z</time>
      </trkpt>
      <trkpt lat="41.31838339" lon="-72.93839822">
        <time>2026-09-07T12:47:17+00:00Z</time>
      </trkpt>
      <trkpt lat="41.31840703" lon="-72.93841976">
        <time>2026-09-07T12:47:18+00:00Z</time>
      </trkpt>
      <trkpt lat="41.31842002" lon="-72.93843912">
        <time>2026-09-07T12:47:19+00:00Z</time>
      </trkpt>
      <trkpt lat="41.31843804" lon="-72.93846879">
        <time>2026-09-07T12:47:20+00:00Z</time>
      </trkpt>
      <trkpt lat="41.31845070" lon="-72.93849193">
        <time>2026-09-07T12:47:21+00:00Z</time>
      </trkpt>
      <trkpt lat="41.31846503" lon="-72.93851221">
        <time>2026-09-07T12:47:22+00:00Z</time>
      </trkpt>
      <trkpt lat="41.31847995" lon="-72.93853476">
        <time>2026-09-07T12:47:23+00:00Z</time>
      </trkpt>
      <trkpt lat="41.31849445" lon="-72.93855445">
        <time>2026-09-07T12:47:24+00:00Z</time>
      </trkpt>
      <trkpt lat="41.31851516" lon="-72.93857792">
        <time>2026-09-07T12:47:25+00:00Z</time>
      </trkpt>
      <trkpt lat="41.31852874" lon="-72.93859444">
        <time>2026-09-07T12:47:26+00:00Z</time>
      </trkpt>
      <trkpt lat="41.31855128" lon="-72.93862444">
        <time>2026-09-07T12:47:27+00:00Z</time>
      </trkpt>
      <trkpt lat="41.31856151" lon="-72.93864523">
        <time>2026-09-07T12:47:28+00:00Z</time>
      </trkpt>
      <trkpt lat="41.31857685" lon="-72.93867490">
        <time>2026-09-07T12:47:29+00:00Z</time>
      </trkpt>
      <trkpt lat="41.31858733" lon="-72.93869887">
        <time>2026-09-07T12:47:30+00:00Z</time>
      </trkpt>
      <trkpt lat="41.31859931" lon="-72.93871824">
        <time>2026-09-07T12:47:31+00:00Z</time>
      </trkpt>
      <trkpt lat="41.31861909" lon="-72.93873793">
        <time>2026-09-07T12:47:32+00:00Z</time>
      </trkpt>
      <trkpt lat="41.31863435" lon="-72.93874984">
        <time>2026-09-07T12:47:33+00:00Z</time>
      </trkpt>
      <trkpt lat="41.31865472" lon="-72.93877012">
        <time>2026-09-07T12:47:34+00:00Z</time>
      </trkpt>
      <trkpt lat="41.31866746" lon="-72.93878680">
        <time>2026-09-07T12:47:35+00:00Z</time>
      </trkpt>
      <trkpt lat="41.31868665" lon="-72.93881128">
        <time>2026-09-07T12:47:36+00:00Z</time>
      </trkpt>
      <trkpt lat="41.31870090" lon="-72.93882502">
        <time>2026-09-07T12:47:37+00:00Z</time>
      </trkpt>
      <trkpt lat="41.31871951" lon="-72.93884464">
        <time>2026-09-07T12:47:38+00:00Z</time>
      </trkpt>
      <trkpt lat="41.31873636" lon="-72.93886618">
        <time>2026-09-07T12:47:39+00:00Z</time>
      </trkpt>
      <trkpt lat="41.31875237" lon="-72.93888512">
        <time>2026-09-07T12:47:40+00:00Z</time>
      </trkpt>
      <trkpt lat="41.31877248" lon="-72.93890515">
        <time>2026-09-07T12:47:41+00:00Z</time>
      </trkpt>
      <trkpt lat="41.31878631" lon="-72.93892938">
        <time>2026-09-07T12:47:42+00:00Z</time>
      </trkpt>
      <trkpt lat="41.31880819" lon="-72.93895519">
        <time>2026-09-07T12:47:43+00:00Z</time>
      </trkpt>
      <trkpt lat="41.31882336" lon="-72.93897321">
        <time>2026-09-07T12:47:44+00:00Z</time>
      </trkpt>
      <trkpt lat="41.31884172" lon="-72.93899786">
        <time>2026-09-07T12:47:45+00:00Z</time>
      </trkpt>
      <trkpt lat="41.31885739" lon="-72.93902493">
        <time>2026-09-07T12:47:46+00:00Z</time>
      </trkpt>
      <trkpt lat="41.31887172" lon="-72.93904672">
        <time>2026-09-07T12:47:47+00:00Z</time>
      </trkpt>
      <trkpt lat="41.31888991" lon="-72.93907187">
        <time>2026-09-07T12:47:48+00:00Z</time>
      </trkpt>
      <trkpt lat="41.31890307" lon="-72.93909308">
        <time>2026-09-07T12:47:49+00:00Z</time>
      </trkpt>
      <trkpt lat="41.31892118" lon="-72.93911411">
        <time>2026-09-07T12:47:50+00:00Z</time>
      </trkpt>
      <trkpt lat="41.31893442" lon="-72.93913222">
        <time>2026-09-07T12:47:51+00:00Z</time>
      </trkpt>
      <trkpt lat="41.31895160" lon="-72.93915041">
        <time>2026-09-07T12:47:52+00:00Z</time>
      </trkpt>
      <trkpt lat="41.31897155" lon="-72.93916860">
        <time>2026-09-07T12:47:53+00:00Z</time>
      </trkpt>
      <trkpt lat="41.31898689" lon="-72.93918653">
        <time>2026-09-07T12:47:54+00:00Z</time>
      </trkpt>
      <trkpt lat="41.31900843" lon="-72.93920690">
        <time>2026-09-07T12:47:55+00:00Z</time>
      </trkpt>
      <trkpt lat="41.31902042" lon="-72.93923171">
        <time>2026-09-07T12:47:56+00:00Z</time>
      </trkpt>
      <trkpt lat="41.31903618" lon="-72.93925325">
        <time>2026-09-07T12:47:57+00:00Z</time>
      </trkpt>
      <trkpt lat="41.31905738" lon="-72.93927915">
        <time>2026-09-07T12:47:58+00:00Z</time>
      </trkpt>
      <trkpt lat="41.31907172" lon="-72.93929634">
        <time>2026-09-07T12:47:59+00:00Z</time>
      </trkpt>
      <trkpt lat="41.31909418" lon="-72.93932559">
        <time>2026-09-07T12:48:00+00:00Z</time>
      </trkpt>
      <trkpt lat="41.31910516" lon="-72.93934981">
        <time>2026-09-07T12:48:01+00:00Z</time>
      </trkpt>
      <trkpt lat="41.31912075" lon="-72.93937161">
        <time>2026-09-07T12:48:02+00:00Z</time>
      </trkpt>
      <trkpt lat="41.31914028" lon="-72.93939214">
        <time>2026-09-07T12:48:03+00:00Z</time>
      </trkpt>
      <trkpt lat="41.31915486" lon="-72.93940664">
        <time>2026-09-07T12:48:04+00:00Z</time>
      </trkpt>
      <trkpt lat="41.31917959" lon="-72.93942408">
        <time>2026-09-07T12:48:05+00:00Z</time>
      </trkpt>
      <trkpt lat="41.31918831" lon="-72.93944579">
        <time>2026-09-07T12:48:06+00:00Z</time>
      </trkpt>
      <trkpt lat="41.31920314" lon="-72.93947252">
        <time>2026-09-07T12:48:07+00:00Z</time>
      </trkpt>
      <trkpt lat="41.31921647" lon="-72.93949474">
        <time>2026-09-07T12:48:08+00:00Z</time>
      </trkpt>
      <trkpt lat="41.31923139" lon="-72.93951301">
        <time>2026-09-07T12:48:09+00:00Z</time>
      </trkpt>
      <trkpt lat="41.31925528" lon="-72.93953296">
        <time>2026-09-07T12:48:10+00:00Z</time>
      </trkpt>
      <trkpt lat="41.31926861" lon="-72.93954897">
        <time>2026-09-07T12:48:11+00:00Z</time>
      </trkpt>
      <trkpt lat="41.31929291" lon="-72.93957638">
        <time>2026-09-07T12:48:12+00:00Z</time>
      </trkpt>
      <trkpt lat="41.31930892" lon="-72.93960052">
        <time>2026-09-07T12:48:13+00:00Z</time>
      </trkpt>
      <trkpt lat="41.31932569" lon="-72.93962440">
        <time>2026-09-07T12:48:14+00:00Z</time>
      </trkpt>
      <trkpt lat="41.31934145" lon="-72.93964678">
        <time>2026-09-07T12:48:15+00:00Z</time>
      </trkpt>
      <trkpt lat="41.31935519" lon="-72.93966447">
        <time>2026-09-07T12:48:16+00:00Z</time>
      </trkpt>
      <trkpt lat="41.31937682" lon="-72.93968014">
        <time>2026-09-07T12:48:17+00:00Z</time>
      </trkpt>
      <trkpt lat="41.31939190" lon="-72.93969163">
        <time>2026-09-07T12:48:18+00:00Z</time>
      </trkpt>
      <trkpt lat="41.31941403" lon="-72.93971652">
        <time>2026-09-07T12:48:19+00:00Z</time>
      </trkpt>
      <trkpt lat="41.31942468" lon="-72.93974016">
        <time>2026-09-07T12:48:20+00:00Z</time>
      </trkpt>
      <trkpt lat="41.31943918" lon="-72.93976740">
        <time>2026-09-07T12:48:21+00:00Z</time>
      </trkpt>
      <trkpt lat="41.31945167" lon="-72.93979255">
        <time>2026-09-07T12:48:22+00:00Z</time>
      </trkpt>
      <trkpt lat="41.31946608" lon="-72.93981015">
        <time>2026-09-07T12:48:23+00:00Z</time>
      </trkpt>
      <trkpt lat="41.31949014" lon="-72.93982943">
        <time>2026-09-07T12:48:24+00:00Z</time>
      </trkpt>
      <trkpt lat="41.31950431" lon="-72.93984007">
        <time>2026-09-07T12:48:25+00:00Z</time>
      </trkpt>
      <trkpt lat="41.31953046" lon="-72.93986153">
        <time>2026-09-07T12:48:26+00:00Z</time>
      </trkpt>
      <trkpt lat="41.31954487" lon="-72.93987821">
        <time>2026-09-07T12:48:27+00:00Z</time>
      </trkpt>
      <trkpt lat="41.31956038" lon="-72.93990495">
        <time>2026-09-07T12:48:28+00:00Z</time>
      </trkpt>
      <trkpt lat="41.31957379" lon="-72.93992909">
        <time>2026-09-07T12:48:29+00:00Z</time>
      </trkpt>
      <trkpt lat="41.31958460" lon="-72.93995574">
        <time>2026-09-07T12:48:30+00:00Z</time>
      </trkpt>
      <trkpt lat="41.31960120" lon="-72.93998273">
        <time>2026-09-07T12:48:31+00:00Z</time>
      </trkpt>
      <trkpt lat="41.31961721" lon="-72.93999782">
        <time>2026-09-07T12:48:32+00:00Z</time>
      </trkpt>
      <trkpt lat="41.31964118" lon="-72.94002028">
        <time>2026-09-07T12:48:33+00:00Z</time>
      </trkpt>
      <trkpt lat="41.31965325" lon="-72.94003964">
        <time>2026-09-07T12:48:34+00:00Z</time>
      </trkpt>
      <trkpt lat="41.31967044" lon="-72.94006621">
        <time>2026-09-07T12:48:35+00:00Z</time>
      </trkpt>
      <trkpt lat="41.31968225" lon="-72.94009044">
        <time>2026-09-07T12:48:36+00:00Z</time>
      </trkpt>
      <trkpt lat="41.31969877" lon="-72.94011374">
        <time>2026-09-07T12:48:37+00:00Z</time>
      </trkpt>
      <trkpt lat="41.31971586" lon="-72.94013822">
        <time>2026-09-07T12:48:38+00:00Z</time>
      </trkpt>
      <trkpt lat="41.31973431" lon="-72.94015481">
        <time>2026-09-07T12:48:39+00:00Z</time>
      </trkpt>
      <trkpt lat="41.31975786" lon="-72.94018406">
        <time>2026-09-07T12:48:40+00:00Z</time>
      </trkpt>
      <trkpt lat="41.31977077" lon="-72.94021047">
        <time>2026-09-07T12:48:41+00:00Z</time>
      </trkpt>
      <trkpt lat="41.31978585" lon="-72.94023830">
        <time>2026-09-07T12:48:42+00:00Z</time>
      </trkpt>
      <trkpt lat="41.31979675" lon="-72.94026478">
        <time>2026-09-07T12:48:43+00:00Z</time>
      </trkpt>
      <trkpt lat="41.31980949" lon="-72.94028842">
        <time>2026-09-07T12:48:44+00:00Z</time>
      </trkpt>
      <trkpt lat="41.31982818" lon="-72.94031264">
        <time>2026-09-07T12:48:45+00:00Z</time>
      </trkpt>
      <trkpt lat="41.31984243" lon="-72.94033075">
        <time>2026-09-07T12:48:46+00:00Z</time>
      </trkpt>
      <trkpt lat="41.31986330" lon="-72.94035187">
        <time>2026-09-07T12:48:47+00:00Z</time>
      </trkpt>
      <trkpt lat="41.31987621" lon="-72.94036763">
        <time>2026-09-07T12:48:48+00:00Z</time>
      </trkpt>
      <trkpt lat="41.31989616" lon="-72.94039043">
        <time>2026-09-07T12:48:49+00:00Z</time>
      </trkpt>
      <trkpt lat="41.31990739" lon="-72.94041222">
        <time>2026-09-07T12:48:50+00:00Z</time>
      </trkpt>
      <trkpt lat="41.31992524" lon="-72.94043628">
        <time>2026-09-07T12:48:51+00:00Z</time>
      </trkpt>
      <trkpt lat="41.31993757" lon="-72.94045581">
        <time>2026-09-07T12:48:52+00:00Z</time>
      </trkpt>
      <trkpt lat="41.31995165" lon="-72.94047517">
        <time>2026-09-07T12:48:53+00:00Z</time>
      </trkpt>
      <trkpt lat="41.31997168" lon="-72.94049721">
        <time>2026-09-07T12:48:54+00:00Z</time>
      </trkpt>
      <trkpt lat="41.31998694" lon="-72.94051364">
        <time>2026-09-07T12:48:55+00:00Z</time>
      </trkpt>
      <trkpt lat="41.32001049" lon="-72.94053535">
        <time>2026-09-07T12:48:56+00:00Z</time>
      </trkpt>
      <trkpt lat="41.32002331" lon="-72.94055538">
        <time>2026-09-07T12:48:57+00:00Z</time>
      </trkpt>
      <trkpt lat="41.32003924" lon="-72.94057994">
        <time>2026-09-07T12:48:58+00:00Z</time>
      </trkpt>
      <trkpt lat="41.32005190" lon="-72.94060240">
        <time>2026-09-07T12:48:59+00:00Z</time>
      </trkpt>
      <trkpt lat="41.32006883" lon="-72.94062193">
        <time>2026-09-07T12:49:00+00:00Z</time>
      </trkpt>
      <trkpt lat="41.32008894" lon="-72.94064281">
        <time>2026-09-07T12:49:01+00:00Z</time>
      </trkpt>
      <trkpt lat="41.32010386" lon="-72.94065865">
        <time>2026-09-07T12:49:02+00:00Z</time>
      </trkpt>
      <trkpt lat="41.32012926" lon="-72.94067482">
        <time>2026-09-07T12:49:03+00:00Z</time>
      </trkpt>
      <trkpt lat="41.32014343" lon="-72.94069092">
        <time>2026-09-07T12:49:04+00:00Z</time>
      </trkpt>
      <trkpt lat="41.32016203" lon="-72.94071606">
        <time>2026-09-07T12:49:05+00:00Z</time>
      </trkpt>
      <trkpt lat="41.32017461" lon="-72.94074071">
        <time>2026-09-07T12:49:06+00:00Z</time>
      </trkpt>
      <trkpt lat="41.32019112" lon="-72.94076694">
        <time>2026-09-07T12:49:07+00:00Z</time>
      </trkpt>
      <trkpt lat="41.32020755" lon="-72.94079284">
        <time>2026-09-07T12:49:08+00:00Z</time>
      </trkpt>
      <trkpt lat="41.32022222" lon="-72.94081631">
        <time>2026-09-07T12:49:09+00:00Z</time>
      </trkpt>
      <trkpt lat="41.32024149" lon="-72.94084112">
        <time>2026-09-07T12:49:10+00:00Z</time>
      </trkpt>
      <trkpt lat="41.32025692" lon="-72.94085554">
        <time>2026-09-07T12:49:11+00:00Z</time>
      </trkpt>
      <trkpt lat="41.32028206" lon="-72.94087909">
        <time>2026-09-07T12:49:12+00:00Z</time>
      </trkpt>
      <trkpt lat="41.32029505" lon="-72.94089720">
        <time>2026-09-07T12:49:13+00:00Z</time>
      </trkpt>
      <trkpt lat="41.32031341" lon="-72.94092377">
        <time>2026-09-07T12:49:14+00:00Z</time>
      </trkpt>
      <trkpt lat="41.32032716" lon="-72.94094791">
        <time>2026-09-07T12:49:15+00:00Z</time>
      </trkpt>
      <trkpt lat="41.32034484" lon="-72.94097121">
        <time>2026-09-07T12:49:16+00:00Z</time>
      </trkpt>
      <trkpt lat="41.32036177" lon="-72.94099275">
        <time>2026-09-07T12:49:17+00:00Z</time>
      </trkpt>
      <trkpt lat="41.32037887" lon="-72.94100884">
        <time>2026-09-07T12:49:18+00:00Z</time>
      </trkpt>
      <trkpt lat="41.32040083" lon="-72.94102871">
        <time>2026-09-07T12:49:19+00:00Z</time>
      </trkpt>
      <trkpt lat="41.32041676" lon="-72.94104598">
        <time>2026-09-07T12:49:20+00:00Z</time>
      </trkpt>
      <trkpt lat="41.32043713" lon="-72.94106869">
        <time>2026-09-07T12:49:21+00:00Z</time>
      </trkpt>
      <trkpt lat="41.32044761" lon="-72.94108814">
        <time>2026-09-07T12:49:22+00:00Z</time>
      </trkpt>
      <trkpt lat="41.32046102" lon="-72.94111026">
        <time>2026-09-07T12:49:23+00:00Z</time>
      </trkpt>
      <trkpt lat="41.32047174" lon="-72.94113306">
        <time>2026-09-07T12:49:24+00:00Z</time>
      </trkpt>
      <trkpt lat="41.32048683" lon="-72.94115377">
        <time>2026-09-07T12:49:25+00:00Z</time>
      </trkpt>
      <trkpt lat="41.32051064" lon="-72.94117020">
        <time>2026-09-07T12:49:26+00:00Z</time>
      </trkpt>
      <trkpt lat="41.32052899" lon="-72.94118595">
        <time>2026-09-07T12:49:27+00:00Z</time>
      </trkpt>
      <trkpt lat="41.32055816" lon="-72.94119668">
        <time>2026-09-07T12:49:28+00:00Z</time>
      </trkpt>
      <trkpt lat="41.32057409" lon="-72.94121420">
        <time>2026-09-07T12:49:29+00:00Z</time>
      </trkpt>
      <trkpt lat="41.32060401" lon="-72.94121110">
        <time>2026-09-07T12:49:30+00:00Z</time>
      </trkpt>
      <trkpt lat="41.32062237" lon="-72.94121202">
        <time>2026-09-07T12:49:31+00:00Z</time>
      </trkpt>
      <trkpt lat="41.32064668" lon="-72.94120322">
        <time>2026-09-07T12:49:32+00:00Z</time>
      </trkpt>
      <trkpt lat="41.32066721" lon="-72.94120263">
        <time>2026-09-07T12:49:33+00:00Z</time>
      </trkpt>
      <trkpt lat="41.32069076" lon="-72.94119517">
        <time>2026-09-07T12:49:34+00:00Z</time>
      </trkpt>
      <trkpt lat="41.32071172" lon="-72.94118394">
        <time>2026-09-07T12:49:35+00:00Z</time>
      </trkpt>
      <trkpt lat="41.32073075" lon="-72.94117757">
        <time>2026-09-07T12:49:36+00:00Z</time>
      </trkpt>
      <trkpt lat="41.32076050" lon="-72.94116248">
        <time>2026-09-07T12:49:37+00:00Z</time>
      </trkpt>
      <trkpt lat="41.32078162" lon="-72.94115444">
        <time>2026-09-07T12:49:38+00:00Z</time>
      </trkpt>
      <trkpt lat="41.32081088" lon="-72.94113943">
        <time>2026-09-07T12:49:39+00:00Z</time>
      </trkpt>
      <trkpt lat="41.32083175" lon="-72.94113298">
        <time>2026-09-07T12:49:40+00:00Z</time>
      </trkpt>
      <trkpt lat="41.32085547" lon="-72.94112116">
        <time>2026-09-07T12:49:41+00:00Z</time>
      </trkpt>
      <trkpt lat="41.32087206" lon="-72.94111504">
        <time>2026-09-07T12:49:42+00:00Z</time>
      </trkpt>
      <trkpt lat="41.32089419" lon="-72.94110934">
        <time>2026-09-07T12:49:43+00:00Z</time>
      </trkpt>
      <trkpt lat="41.32091716" lon="-72.94110088">
        <time>2026-09-07T12:49:44+00:00Z</time>
      </trkpt>
      <trkpt lat="41.32094021" lon="-72.94109710">
        <time>2026-09-07T12:49:45+00:00Z</time>
      </trkpt>
      <trkpt lat="41.32096485" lon="-72.94108763">
        <time>2026-09-07T12:49:46+00:00Z</time>
      </trkpt>
      <trkpt lat="41.32098530" lon="-72.94108118">
        <time>2026-09-07T12:49:47+00:00Z</time>
      </trkpt>
      <trkpt lat="41.32100944" lon="-72.94106944">
        <time>2026-09-07T12:49:48+00:00Z</time>
      </trkpt>
      <trkpt lat="41.32102780" lon="-72.94106073">
        <time>2026-09-07T12:49:49+00:00Z</time>
      </trkpt>
      <trkpt lat="41.32104842" lon="-72.94104824">
        <time>2026-09-07T12:49:50+00:00Z</time>
      </trkpt>
      <trkpt lat="41.32107021" lon="-72.94103910">
        <time>2026-09-07T12:49:51+00:00Z</time>
      </trkpt>
      <trkpt lat="41.32108958" lon="-72.94102829">
        <time>2026-09-07T12:49:52+00:00Z</time>
      </trkpt>
      <trkpt lat="41.32110978" lon="-72.94101681">
        <time>2026-09-07T12:49:53+00:00Z</time>
      </trkpt>
      <trkpt lat="41.32112889" lon="-72.94100742">
        <time>2026-09-07T12:49:54+00:00Z</time>
      </trkpt>
      <trkpt lat="41.32115386" lon="-72.94099627">
        <time>2026-09-07T12:49:55+00:00Z</time>
      </trkpt>
      <trkpt lat="41.32117071" lon="-72.94098990">
        <time>2026-09-07T12:49:56+00:00Z</time>
      </trkpt>
      <trkpt lat="41.32119192" lon="-72.94097791">
        <time>2026-09-07T12:49:57+00:00Z</time>
      </trkpt>
      <trkpt lat="41.32121229" lon="-72.94097020">
        <time>2026-09-07T12:49:58+00:00Z</time>
      </trkpt>
      <trkpt lat="41.32123291" lon="-72.94096425">
        <time>2026-09-07T12:49:59+00:00Z</time>
      </trkpt>
      <trkpt lat="41.32125738" lon="-72.94094933">
        <time>2026-09-07T12:50:00+00:00Z</time>
      </trkpt>
      <trkpt lat="41.32127599" lon="-72.94094263">
        <time>2026-09-07T12:50:01+00:00Z</time>
      </trkpt>
      <trkpt lat="41.32130097" lon="-72.94092628">
        <time>2026-09-07T12:50:02+00:00Z</time>
      </trkpt>
      <trkpt lat="41.32132251" lon="-72.94091580">
        <time>2026-09-07T12:50:03+00:00Z</time>
      </trkpt>
      <trkpt lat="41.32134648" lon="-72.94090625">
        <time>2026-09-07T12:50:04+00:00Z</time>
      </trkpt>
      <trkpt lat="41.32137791" lon="-72.94089317">
        <time>2026-09-07T12:50:05+00:00Z</time>
      </trkpt>
      <trkpt lat="41.32140071" lon="-72.94088798">
        <time>2026-09-07T12:50:06+00:00Z</time>
      </trkpt>
      <trkpt lat="41.32143374" lon="-72.94087247">
        <time>2026-09-07T12:50:07+00:00Z</time>
      </trkpt>
      <trkpt lat="41.32145226" lon="-72.94086459">
        <time>2026-09-07T12:50:08+00:00Z</time>
      </trkpt>
      <trkpt lat="41.32147204" lon="-72.94085177">
        <time>2026-09-07T12:50:09+00:00Z</time>
      </trkpt>
      <trkpt lat="41.32149098" lon="-72.94084221">
        <time>2026-09-07T12:50:10+00:00Z</time>
      </trkpt>
      <trkpt lat="41.32150892" lon="-72.94083626">
        <time>2026-09-07T12:50:11+00:00Z</time>
      </trkpt>
      <trkpt lat="41.32153382" lon="-72.94082168">
        <time>2026-09-07T12:50:12+00:00Z</time>
      </trkpt>
      <trkpt lat="41.32154983" lon="-72.94081631">
        <time>2026-09-07T12:50:13+00:00Z</time>
      </trkpt>
      <trkpt lat="41.32157304" lon="-72.94080164">
        <time>2026-09-07T12:50:14+00:00Z</time>
      </trkpt>
      <trkpt lat="41.32159090" lon="-72.94079293">
        <time>2026-09-07T12:50:15+00:00Z</time>
      </trkpt>
      <trkpt lat="41.32161210" lon="-72.94078396">
        <time>2026-09-07T12:50:16+00:00Z</time>
      </trkpt>
      <trkpt lat="41.32163532" lon="-72.94077097">
        <time>2026-09-07T12:50:17+00:00Z</time>
      </trkpt>
      <trkpt lat="41.32165552" lon="-72.94076476">
        <time>2026-09-07T12:50:18+00:00Z</time>
      </trkpt>
      <trkpt lat="41.32168477" lon="-72.94075043">
        <time>2026-09-07T12:50:19+00:00Z</time>
      </trkpt>
      <trkpt lat="41.32170489" lon="-72.94074414">
        <time>2026-09-07T12:50:20+00:00Z</time>
      </trkpt>
      <trkpt lat="41.32173163" lon="-72.94073006">
        <time>2026-09-07T12:50:21+00:00Z</time>
      </trkpt>
      <trkpt lat="41.32175107" lon="-72.94072595">
        <time>2026-09-07T12:50:22+00:00Z</time>
      </trkpt>
      <trkpt lat="41.32177320" lon="-72.94071858">
        <time>2026-09-07T12:50:23+00:00Z</time>
      </trkpt>
      <trkpt lat="41.32180036" lon="-72.94070525">
        <time>2026-09-07T12:50:24+00:00Z</time>
      </trkpt>
      <trkpt lat="41.32182173" lon="-72.94069989">
        <time>2026-09-07T12:50:25+00:00Z</time>
      </trkpt>
      <trkpt lat="41.32184814" lon="-72.94068974">
        <time>2026-09-07T12:50:26+00:00Z</time>
      </trkpt>
      <trkpt lat="41.32186876" lon="-72.94068354">
        <time>2026-09-07T12:50:27+00:00Z</time>
      </trkpt>
      <trkpt lat="41.32189290" lon="-72.94067130">
        <time>2026-09-07T12:50:28+00:00Z</time>
      </trkpt>
      <trkpt lat="41.32191771" lon="-72.94066326">
        <time>2026-09-07T12:50:29+00:00Z</time>
      </trkpt>
      <trkpt lat="41.32193875" lon="-72.94065814">
        <time>2026-09-07T12:50:30+00:00Z</time>
      </trkpt>
      <trkpt lat="41.32196624" lon="-72.94064842">
        <time>2026-09-07T12:50:31+00:00Z</time>
      </trkpt>
      <trkpt lat="41.32198568" lon="-72.94064733">
        <time>2026-09-07T12:50:32+00:00Z</time>
      </trkpt>
      <trkpt lat="41.32200882" lon="-72.94063761">
        <time>2026-09-07T12:50:33+00:00Z</time>
      </trkpt>
      <trkpt lat="41.32202902" lon="-72.94063057">
        <time>2026-09-07T12:50:34+00:00Z</time>
      </trkpt>
      <trkpt lat="41.32205525" lon="-72.94061481">
        <time>2026-09-07T12:50:35+00:00Z</time>
      </trkpt>
      <trkpt lat="41.32207897" lon="-72.94060584">
        <time>2026-09-07T12:50:36+00:00Z</time>
      </trkpt>
      <trkpt lat="41.32209800" lon="-72.94059847">
        <time>2026-09-07T12:50:37+00:00Z</time>
      </trkpt>
      <trkpt lat="41.32212399" lon="-72.94058547">
        <time>2026-09-07T12:50:38+00:00Z</time>
      </trkpt>
      <trkpt lat="41.32214310" lon="-72.94058371">
        <time>2026-09-07T12:50:39+00:00Z</time>
      </trkpt>
      <trkpt lat="41.32216841" lon="-72.94057340">
        <time>2026-09-07T12:50:40+00:00Z</time>
      </trkpt>
      <trkpt lat="41.32218484" lon="-72.94056720">
        <time>2026-09-07T12:50:41+00:00Z</time>
      </trkpt>
      <trkpt lat="41.32220764" lon="-72.94055815">
        <time>2026-09-07T12:50:42+00:00Z</time>
      </trkpt>
      <trkpt lat="41.32222926" lon="-72.94055413">
        <time>2026-09-07T12:50:43+00:00Z</time>
      </trkpt>
      <trkpt lat="41.32225005" lon="-72.94054675">
        <time>2026-09-07T12:50:44+00:00Z</time>
      </trkpt>
      <trkpt lat="41.32227218" lon="-72.94054113">
        <time>2026-09-07T12:50:45+00:00Z</time>
      </trkpt>
      <trkpt lat="41.32229196" lon="-72.94053434">
        <time>2026-09-07T12:50:46+00:00Z</time>
      </trkpt>
      <trkpt lat="41.32232146" lon="-72.94052848">
        <time>2026-09-07T12:50:47+00:00Z</time>
      </trkpt>
      <trkpt lat="41.32233605" lon="-72.94053124">
        <time>2026-09-07T12:50:48+00:00Z</time>
      </trkpt>
      <trkpt lat="41.32235826" lon="-72.94052529">
        <time>2026-09-07T12:50:49+00:00Z</time>
      </trkpt>
      <trkpt lat="41.32237838" lon="-72.94052278">
        <time>2026-09-07T12:50:50+00:00Z</time>
      </trkpt>
      <trkpt lat="41.32239757" lon="-72.94051607">
        <time>2026-09-07T12:50:51+00:00Z</time>
      </trkpt>
      <trkpt lat="41.32242087" lon="-72.94050828">
        <time>2026-09-07T12:50:52+00:00Z</time>
      </trkpt>
      <trkpt lat="41.32244233" lon="-72.94050643">
        <time>2026-09-07T12:50:53+00:00Z</time>
      </trkpt>
      <trkpt lat="41.32246798" lon="-72.94050224">
        <time>2026-09-07T12:50:54+00:00Z</time>
      </trkpt>
      <trkpt lat="41.32248617" lon="-72.94050199">
        <time>2026-09-07T12:50:55+00:00Z</time>
      </trkpt>
      <trkpt lat="41.32251140" lon="-72.94049528">
        <time>2026-09-07T12:50:56+00:00Z</time>
      </trkpt>
      <trkpt lat="41.32253084" lon="-72.94049277">
        <time>2026-09-07T12:50:57+00:00Z</time>
      </trkpt>
      <trkpt lat="41.32255222" lon="-72.94049000">
        <time>2026-09-07T12:50:58+00:00Z</time>
      </trkpt>
      <trkpt lat="41.32257879" lon="-72.94048715">
        <time>2026-09-07T12:50:59+00:00Z</time>
      </trkpt>
      <trkpt lat="41.32260125" lon="-72.94048372">
        <time>2026-09-07T12:51:00+00:00Z</time>
      </trkpt>
      <trkpt lat="41.32262623" lon="-72.94047751">
        <time>2026-09-07T12:51:01+00:00Z</time>
      </trkpt>
      <trkpt lat="41.32264182" lon="-72.94047517">
        <time>2026-09-07T12:51:02+00:00Z</time>
      </trkpt>
      <trkpt lat="41.32266445" lon="-72.94047156">
        <time>2026-09-07T12:51:03+00:00Z</time>
      </trkpt>
      <trkpt lat="41.32268381" lon="-72.94046880">
        <time>2026-09-07T12:51:04+00:00Z</time>
      </trkpt>
      <trkpt lat="41.32270183" lon="-72.94046947">
        <time>2026-09-07T12:51:05+00:00Z</time>
      </trkpt>
      <trkpt lat="41.32272648" lon="-72.94047039">
        <time>2026-09-07T12:51:06+00:00Z</time>
      </trkpt>
      <trkpt lat="41.32274693" lon="-72.94047165">
        <time>2026-09-07T12:51:07+00:00Z</time>
      </trkpt>
      <trkpt lat="41.32277333" lon="-72.94047181">
        <time>2026-09-07T12:51:08+00:00Z</time>
      </trkpt>
      <trkpt lat="41.32279487" lon="-72.94047450">
        <time>2026-09-07T12:51:09+00:00Z</time>
      </trkpt>
      <trkpt lat="41.32281709" lon="-72.94047735">
        <time>2026-09-07T12:51:10+00:00Z</time>
      </trkpt>
      <trkpt lat="41.32284215" lon="-72.94047626">
        <time>2026-09-07T12:51:11+00:00Z</time>
      </trkpt>
      <trkpt lat="41.32286419" lon="-72.94047810">
        <time>2026-09-07T12:51:12+00:00Z</time>
      </trkpt>
      <trkpt lat="41.32289110" lon="-72.94047324">
        <time>2026-09-07T12:51:13+00:00Z</time>
      </trkpt>
      <trkpt lat="41.32291155" lon="-72.94047416">
        <time>2026-09-07T12:51:14+00:00Z</time>
      </trkpt>
      <trkpt lat="41.32293519" lon="-72.94047609">
        <time>2026-09-07T12:51:15+00:00Z</time>
      </trkpt>
      <trkpt lat="41.32295606" lon="-72.94047735">
        <time>2026-09-07T12:51:16+00:00Z</time>
      </trkpt>
      <trkpt lat="41.32297508" lon="-72.94047886">
        <time>2026-09-07T12:51:17+00:00Z</time>
      </trkpt>
      <trkpt lat="41.32299956" lon="-72.94048263">
        <time>2026-09-07T12:51:18+00:00Z</time>
      </trkpt>
      <trkpt lat="41.32302077" lon="-72.94048598">
        <time>2026-09-07T12:51:19+00:00Z</time>
      </trkpt>
      <trkpt lat="41.32305169" lon="-72.94048380">
        <time>2026-09-07T12:51:20+00:00Z</time>
      </trkpt>
      <trkpt lat="41.32307298" lon="-72.94048548">
        <time>2026-09-07T12:51:21+00:00Z</time>
      </trkpt>
      <trkpt lat="41.32309712" lon="-72.94048741">
        <time>2026-09-07T12:51:22+00:00Z</time>
      </trkpt>
      <trkpt lat="41.32311841" lon="-72.94049076">
        <time>2026-09-07T12:51:23+00:00Z</time>
      </trkpt>
      <trkpt lat="41.32314205" lon="-72.94049218">
        <time>2026-09-07T12:51:24+00:00Z</time>
      </trkpt>
      <trkpt lat="41.32316787" lon="-72.94049369">
        <time>2026-09-07T12:51:25+00:00Z</time>
      </trkpt>
      <trkpt lat="41.32318748" lon="-72.94049805">
        <time>2026-09-07T12:51:26+00:00Z</time>
      </trkpt>
      <trkpt lat="41.32321296" lon="-72.94050040">
        <time>2026-09-07T12:51:27+00:00Z</time>
      </trkpt>
      <trkpt lat="41.32323082" lon="-72.94050459">
        <time>2026-09-07T12:51:28+00:00Z</time>
      </trkpt>
      <trkpt lat="41.32325521" lon="-72.94050844">
        <time>2026-09-07T12:51:29+00:00Z</time>
      </trkpt>
      <trkpt lat="41.32327742" lon="-72.94051716">
        <time>2026-09-07T12:51:30+00:00Z</time>
      </trkpt>
      <trkpt lat="41.32329871" lon="-72.94052479">
        <time>2026-09-07T12:51:31+00:00Z</time>
      </trkpt>
      <trkpt lat="41.32332310" lon="-72.94053392">
        <time>2026-09-07T12:51:32+00:00Z</time>
      </trkpt>
      <trkpt lat="41.32334288" lon="-72.94055002">
        <time>2026-09-07T12:51:33+00:00Z</time>
      </trkpt>
      <trkpt lat="41.32336426" lon="-72.94056117">
        <time>2026-09-07T12:51:34+00:00Z</time>
      </trkpt>
      <trkpt lat="41.32338907" lon="-72.94057315">
        <time>2026-09-07T12:51:35+00:00Z</time>
      </trkpt>
      <trkpt lat="41.32340684" lon="-72.94058656">
        <time>2026-09-07T12:51:36+00:00Z</time>
      </trkpt>
      <trkpt lat="41.32342829" lon="-72.94060458">
        <time>2026-09-07T12:51:37+00:00Z</time>
      </trkpt>
      <trkpt lat="41.32343911" lon="-72.94062621">
        <time>2026-09-07T12:51:38+00:00Z</time>
      </trkpt>
      <trkpt lat="41.32345763" lon="-72.94064448">
        <time>2026-09-07T12:51:39+00:00Z</time>
      </trkpt>
      <trkpt lat="41.32347833" lon="-72.94066183">
        <time>2026-09-07T12:51:40+00:00Z</time>
      </trkpt>
      <trkpt lat="41.32349292" lon="-72.94067474">
        <time>2026-09-07T12:51:41+00:00Z</time>
      </trkpt>
      <trkpt lat="41.32352142" lon="-72.94068497">
        <time>2026-09-07T12:51:42+00:00Z</time>
      </trkpt>
      <trkpt lat="41.32353743" lon="-72.94069494">
        <time>2026-09-07T12:51:43+00:00Z</time>
      </trkpt>
      <trkpt lat="41.32356215" lon="-72.94069528">
        <time>2026-09-07T12:51:44+00:00Z</time>
      </trkpt>
      <trkpt lat="41.32358302" lon="-72.94069461">
        <time>2026-09-07T12:51:45+00:00Z</time>
      </trkpt>
      <trkpt lat="41.32360264" lon="-72.94069041">
        <time>2026-09-07T12:51:46+00:00Z</time>
      </trkpt>
      <trkpt lat="41.32363055" lon="-72.94067843">
        <time>2026-09-07T12:51:47+00:00Z</time>
      </trkpt>
      <trkpt lat="41.32365142" lon="-72.94067089">
        <time>2026-09-07T12:51:48+00:00Z</time>
      </trkpt>
      <trkpt lat="41.32367866" lon="-72.94065789">
        <time>2026-09-07T12:51:49+00:00Z</time>
      </trkpt>
      <trkpt lat="41.32370071" lon="-72.94065806">
        <time>2026-09-07T12:51:50+00:00Z</time>
      </trkpt>
      <trkpt lat="41.32372158" lon="-72.94065890">
        <time>2026-09-07T12:51:51+00:00Z</time>
      </trkpt>
      <trkpt lat="41.32375116" lon="-72.94065680">
        <time>2026-09-07T12:51:52+00:00Z</time>
      </trkpt>
      <trkpt lat="41.32376944" lon="-72.94066317">
        <time>2026-09-07T12:51:53+00:00Z</time>
      </trkpt>
      <trkpt lat="41.32379140" lon="-72.94066921">
        <time>2026-09-07T12:51:54+00:00Z</time>
      </trkpt>
      <trkpt lat="41.32381478" lon="-72.94067843">
        <time>2026-09-07T12:51:55+00:00Z</time>
      </trkpt>
      <trkpt lat="41.32383381" lon="-72.94068044">
        <time>2026-09-07T12:51:56+00:00Z</time>
      </trkpt>
      <trkpt lat="41.32386189" lon="-72.94068421">
        <time>2026-09-07T12:51:57+00:00Z</time>
      </trkpt>
      <trkpt lat="41.32387924" lon="-72.94069301">
        <time>2026-09-07T12:51:58+00:00Z</time>
      </trkpt>
      <trkpt lat="41.32390011" lon="-72.94070131">
        <time>2026-09-07T12:51:59+00:00Z</time>
      </trkpt>
      <trkpt lat="41.32391981" lon="-72.94070961">
        <time>2026-09-07T12:52:00+00:00Z</time>
      </trkpt>
      <trkpt lat="41.32393749" lon="-72.94071573">
        <time>2026-09-07T12:52:01+00:00Z</time>
      </trkpt>
      <trkpt lat="41.32395937" lon="-72.94072512">
        <time>2026-09-07T12:52:02+00:00Z</time>
      </trkpt>
      <trkpt lat="41.32397404" lon="-72.94073300">
        <time>2026-09-07T12:52:03+00:00Z</time>
      </trkpt>
      <trkpt lat="41.32399667" lon="-72.94074582">
        <time>2026-09-07T12:52:04+00:00Z</time>
      </trkpt>
      <trkpt lat="41.32401553" lon="-72.94075848">
        <time>2026-09-07T12:52:05+00:00Z</time>
      </trkpt>
      <trkpt lat="41.32403791" lon="-72.94076501">
        <time>2026-09-07T12:52:06+00:00Z</time>
      </trkpt>
      <trkpt lat="41.32406775" lon="-72.94077080">
        <time>2026-09-07T12:52:07+00:00Z</time>
      </trkpt>
      <trkpt lat="41.32408812" lon="-72.94076954">
        <time>2026-09-07T12:52:08+00:00Z</time>
      </trkpt>
      <trkpt lat="41.32411670" lon="-72.94077717">
        <time>2026-09-07T12:52:09+00:00Z</time>
      </trkpt>
      <trkpt lat="41.32413841" lon="-72.94079603">
        <time>2026-09-07T12:52:10+00:00Z</time>
      </trkpt>
      <trkpt lat="41.32415936" lon="-72.94080189">
        <time>2026-09-07T12:52:11+00:00Z</time>
      </trkpt>
      <trkpt lat="41.32418535" lon="-72.94081070">
        <time>2026-09-07T12:52:12+00:00Z</time>
      </trkpt>
      <trkpt lat="41.32420572" lon="-72.94082134">
        <time>2026-09-07T12:52:13+00:00Z</time>
      </trkpt>
      <trkpt lat="41.32423396" lon="-72.94083048">
        <time>2026-09-07T12:52:14+00:00Z</time>
      </trkpt>
      <trkpt lat="41.32425148" lon="-72.94084213">
        <time>2026-09-07T12:52:15+00:00Z</time>
      </trkpt>
      <trkpt lat="41.32427059" lon="-72.94085646">
        <time>2026-09-07T12:52:16+00:00Z</time>
      </trkpt>
      <trkpt lat="41.32429247" lon="-72.94086820">
        <time>2026-09-07T12:52:17+00:00Z</time>
      </trkpt>
      <trkpt lat="41.32431082" lon="-72.94087515">
        <time>2026-09-07T12:52:18+00:00Z</time>
      </trkpt>
      <trkpt lat="41.32433387" lon="-72.94088127">
        <time>2026-09-07T12:52:19+00:00Z</time>
      </trkpt>
      <trkpt lat="41.32435148" lon="-72.94088546">
        <time>2026-09-07T12:52:20+00:00Z</time>
      </trkpt>
      <trkpt lat="41.32437679" lon="-72.94089477">
        <time>2026-09-07T12:52:21+00:00Z</time>
      </trkpt>
      <trkpt lat="41.32439699" lon="-72.94090725">
        <time>2026-09-07T12:52:22+00:00Z</time>
      </trkpt>
      <trkpt lat="41.32441627" lon="-72.94091396">
        <time>2026-09-07T12:52:23+00:00Z</time>
      </trkpt>
      <trkpt lat="41.32443982" lon="-72.94091899">
        <time>2026-09-07T12:52:24+00:00Z</time>
      </trkpt>
      <trkpt lat="41.32445818" lon="-72.94092326">
        <time>2026-09-07T12:52:25+00:00Z</time>
      </trkpt>
      <trkpt lat="41.32448575" lon="-72.94092888">
        <time>2026-09-07T12:52:26+00:00Z</time>
      </trkpt>
      <trkpt lat="41.32450428" lon="-72.94093550">
        <time>2026-09-07T12:52:27+00:00Z</time>
      </trkpt>
      <trkpt lat="41.32453395" lon="-72.94094112">
        <time>2026-09-07T12:52:28+00:00Z</time>
      </trkpt>
      <trkpt lat="41.32455524" lon="-72.94094715">
        <time>2026-09-07T12:52:29+00:00Z</time>
      </trkpt>
      <trkpt lat="41.32457578" lon="-72.94095403">
        <time>2026-09-07T12:52:30+00:00Z</time>
      </trkpt>
      <trkpt lat="41.32460277" lon="-72.94095310">
        <time>2026-09-07T12:52:31+00:00Z</time>
      </trkpt>
      <trkpt lat="41.32462196" lon="-72.94095822">
        <time>2026-09-07T12:52:32+00:00Z</time>
      </trkpt>
      <trkpt lat="41.32464937" lon="-72.94096425">
        <time>2026-09-07T12:52:33+00:00Z</time>
      </trkpt>
      <trkpt lat="41.32466848" lon="-72.94097372">
        <time>2026-09-07T12:52:34+00:00Z</time>
      </trkpt>
      <trkpt lat="41.32469379" lon="-72.94097473">
        <time>2026-09-07T12:52:35+00:00Z</time>
      </trkpt>
      <trkpt lat="41.32471911" lon="-72.94097951">
        <time>2026-09-07T12:52:36+00:00Z</time>
      </trkpt>
      <trkpt lat="41.32473713" lon="-72.94098420">
        <time>2026-09-07T12:52:37+00:00Z</time>
      </trkpt>
      <trkpt lat="41.32476806" lon="-72.94098211">
        <time>2026-09-07T12:52:38+00:00Z</time>
      </trkpt>
      <trkpt lat="41.32478666" lon="-72.94098697">
        <time>2026-09-07T12:52:39+00:00Z</time>
      </trkpt>
      <trkpt lat="41.32481324" lon="-72.94098931">
        <time>2026-09-07T12:52:40+00:00Z</time>
      </trkpt>
      <trkpt lat="41.32483302" lon="-72.94099376">
        <time>2026-09-07T12:52:41+00:00Z</time>
      </trkpt>
      <trkpt lat="41.32485582" lon="-72.94099552">
        <time>2026-09-07T12:52:42+00:00Z</time>
      </trkpt>
      <trkpt lat="41.32488297" lon="-72.94099518">
        <time>2026-09-07T12:52:43+00:00Z</time>
      </trkpt>
      <trkpt lat="41.32490376" lon="-72.94099309">
        <time>2026-09-07T12:52:44+00:00Z</time>
      </trkpt>
      <trkpt lat="41.32493201" lon="-72.94098680">
        <time>2026-09-07T12:52:45+00:00Z</time>
      </trkpt>
      <trkpt lat="41.32495263" lon="-72.94098713">
        <time>2026-09-07T12:52:46+00:00Z</time>
      </trkpt>
      <trkpt lat="41.32497618" lon="-72.94098068">
        <time>2026-09-07T12:52:47+00:00Z</time>
      </trkpt>
      <trkpt lat="41.32500191" lon="-72.94097431">
        <time>2026-09-07T12:52:48+00:00Z</time>
      </trkpt>
      <trkpt lat="41.32502228" lon="-72.94096903">
        <time>2026-09-07T12:52:49+00:00Z</time>
      </trkpt>
      <trkpt lat="41.32504843" lon="-72.94096073">
        <time>2026-09-07T12:52:50+00:00Z</time>
      </trkpt>
      <trkpt lat="41.32506754" lon="-72.94095847">
        <time>2026-09-07T12:52:51+00:00Z</time>
      </trkpt>
      <trkpt lat="41.32509495" lon="-72.94095109">
        <time>2026-09-07T12:52:52+00:00Z</time>
      </trkpt>
      <trkpt lat="41.32511524" lon="-72.94095252">
        <time>2026-09-07T12:52:53+00:00Z</time>
      </trkpt>
      <trkpt lat="41.32513762" lon="-72.94094682">
        <time>2026-09-07T12:52:54+00:00Z</time>
      </trkpt>
      <trkpt lat="41.32516318" lon="-72.94094137">
        <time>2026-09-07T12:52:55+00:00Z</time>
      </trkpt>
      <trkpt lat="41.32518355" lon="-72.94093978">
        <time>2026-09-07T12:52:56+00:00Z</time>
      </trkpt>
      <trkpt lat="41.32521037" lon="-72.94093366">
        <time>2026-09-07T12:52:57+00:00Z</time>
      </trkpt>
      <trkpt lat="41.32523149" lon="-72.94093181">
        <time>2026-09-07T12:52:58+00:00Z</time>
      </trkpt>
      <trkpt lat="41.32525605" lon="-72.94092486">
        <time>2026-09-07T12:52:59+00:00Z</time>
      </trkpt>
      <trkpt lat="41.32528153" lon="-72.94092108">
        <time>2026-09-07T12:53:00+00:00Z</time>
      </trkpt>
      <trkpt lat="41.32530274" lon="-72.94091698">
        <time>2026-09-07T12:53:01+00:00Z</time>
      </trkpt>
      <trkpt lat="41.32532855" lon="-72.94091505">
        <time>2026-09-07T12:53:02+00:00Z</time>
      </trkpt>
      <trkpt lat="41.32534850" lon="-72.94091857">
        <time>2026-09-07T12:53:03+00:00Z</time>
      </trkpt>
      <trkpt lat="41.32537776" lon="-72.94090902">
        <time>2026-09-07T12:53:04+00:00Z</time>
      </trkpt>
      <trkpt lat="41.32540123" lon="-72.94090214">
        <time>2026-09-07T12:53:05+00:00Z</time>
      </trkpt>
      <trkpt lat="41.32542520" lon="-72.94089334">
        <time>2026-09-07T12:53:06+00:00Z</time>
      </trkpt>
      <trkpt lat="41.32544498" lon="-72.94089569">
        <time>2026-09-07T12:53:07+00:00Z</time>
      </trkpt>
      <trkpt lat="41.32546627" lon="-72.94088714">
        <time>2026-09-07T12:53:08+00:00Z</time>
      </trkpt>
      <trkpt lat="41.32549234" lon="-72.94088169">
        <time>2026-09-07T12:53:09+00:00Z</time>
      </trkpt>
      <trkpt lat="41.32551153" lon="-72.94088286">
        <time>2026-09-07T12:53:10+00:00Z</time>
      </trkpt>
      <trkpt lat="41.32553802" lon="-72.94088010">
        <time>2026-09-07T12:53:11+00:00Z</time>
      </trkpt>
      <trkpt lat="41.32555277" lon="-72.94088236">
        <time>2026-09-07T12:53:12+00:00Z</time>
      </trkpt>
      <trkpt lat="41.32558068" lon="-72.94087809">
        <time>2026-09-07T12:53:13+00:00Z</time>
      </trkpt>
      <trkpt lat="41.32560449" lon="-72.94088135">
        <time>2026-09-07T12:53:14+00:00Z</time>
      </trkpt>
      <trkpt lat="41.32562603" lon="-72.94088462">
        <time>2026-09-07T12:53:15+00:00Z</time>
      </trkpt>
      <trkpt lat="41.32565654" lon="-72.94087968">
        <time>2026-09-07T12:53:16+00:00Z</time>
      </trkpt>
      <trkpt lat="41.32567632" lon="-72.94088102">
        <time>2026-09-07T12:53:17+00:00Z</time>
      </trkpt>
      <trkpt lat="41.32570406" lon="-72.94088060">
        <time>2026-09-07T12:53:18+00:00Z</time>
      </trkpt>
      <trkpt lat="41.32572494" lon="-72.94088311">
        <time>2026-09-07T12:53:19+00:00Z</time>
      </trkpt>
      <trkpt lat="41.32574857" lon="-72.94088395">
        <time>2026-09-07T12:53:20+00:00Z</time>
      </trkpt>
      <trkpt lat="41.32577816" lon="-72.94088144">
        <time>2026-09-07T12:53:21+00:00Z</time>
      </trkpt>
      <trkpt lat="41.32580012" lon="-72.94088471">
        <time>2026-09-07T12:53:22+00:00Z</time>
      </trkpt>
      <trkpt lat="41.32583105" lon="-72.94088127">
        <time>2026-09-07T12:53:23+00:00Z</time>
      </trkpt>
      <trkpt lat="41.32585058" lon="-72.94088504">
        <time>2026-09-07T12:53:24+00:00Z</time>
      </trkpt>
      <trkpt lat="41.32587489" lon="-72.94088085">
        <time>2026-09-07T12:53:25+00:00Z</time>
      </trkpt>
      <trkpt lat="41.32589350" lon="-72.94088169">
        <time>2026-09-07T12:53:26+00:00Z</time>
      </trkpt>
      <trkpt lat="41.32591512" lon="-72.94088496">
        <time>2026-09-07T12:53:27+00:00Z</time>
      </trkpt>
      <trkpt lat="41.32593993" lon="-72.94088647">
        <time>2026-09-07T12:53:28+00:00Z</time>
      </trkpt>
      <trkpt lat="41.32595829" lon="-72.94088689">
        <time>2026-09-07T12:53:29+00:00Z</time>
      </trkpt>
      <trkpt lat="41.32598159" lon="-72.94088613">
        <time>2026-09-07T12:53:30+00:00Z</time>
      </trkpt>
      <trkpt lat="41.32600439" lon="-72.94088823">
        <time>2026-09-07T12:53:31+00:00Z</time>
      </trkpt>
      <trkpt lat="41.32603012" lon="-72.94088999">
        <time>2026-09-07T12:53:32+00:00Z</time>
      </trkpt>
      <trkpt lat="41.32605719" lon="-72.94089418">
        <time>2026-09-07T12:53:33+00:00Z</time>
      </trkpt>
      <trkpt lat="41.32608142" lon="-72.94089703">
        <time>2026-09-07T12:53:34+00:00Z</time>
      </trkpt>
      <trkpt lat="41.32610933" lon="-72.94089762">
        <time>2026-09-07T12:53:35+00:00Z</time>
      </trkpt>
      <trkpt lat="41.32613330" lon="-72.94089795">
        <time>2026-09-07T12:53:36+00:00Z</time>
      </trkpt>
      <trkpt lat="41.32616599" lon="-72.94090063">
        <time>2026-09-07T12:53:37+00:00Z</time>
      </trkpt>
      <trkpt lat="41.32619239" lon="-72.94090332">
        <time>2026-09-07T12:53:38+00:00Z</time>
      </trkpt>
      <trkpt lat="41.32621679" lon="-72.94090382">
        <time>2026-09-07T12:53:39+00:00Z</time>
      </trkpt>
      <trkpt lat="41.32624319" lon="-72.94090600">
        <time>2026-09-07T12:53:40+00:00Z</time>
      </trkpt>
      <trkpt lat="41.32626599" lon="-72.94090860">
        <time>2026-09-07T12:53:41+00:00Z</time>
      </trkpt>
      <trkpt lat="41.32629247" lon="-72.94091195">
        <time>2026-09-07T12:53:42+00:00Z</time>
      </trkpt>
      <trkpt lat="41.32631259" lon="-72.94091539">
        <time>2026-09-07T12:53:43+00:00Z</time>
      </trkpt>
      <trkpt lat="41.32633648" lon="-72.94091824">
        <time>2026-09-07T12:53:44+00:00Z</time>
      </trkpt>
      <trkpt lat="41.32636003" lon="-72.94092075">
        <time>2026-09-07T12:53:45+00:00Z</time>
      </trkpt>
      <trkpt lat="41.32638149" lon="-72.94092352">
        <time>2026-09-07T12:53:46+00:00Z</time>
      </trkpt>
      <trkpt lat="41.32641242" lon="-72.94092452">
        <time>2026-09-07T12:53:47+00:00Z</time>
      </trkpt>
      <trkpt lat="41.32643161" lon="-72.94093047">
        <time>2026-09-07T12:53:48+00:00Z</time>
      </trkpt>
      <trkpt lat="41.32646179" lon="-72.94093232">
        <time>2026-09-07T12:53:49+00:00Z</time>
      </trkpt>
      <trkpt lat="41.32648149" lon="-72.94093936">
        <time>2026-09-07T12:53:50+00:00Z</time>
      </trkpt>
      <trkpt lat="41.32650479" lon="-72.94094355">
        <time>2026-09-07T12:53:51+00:00Z</time>
      </trkpt>
      <trkpt lat="41.32652759" lon="-72.94095042">
        <time>2026-09-07T12:53:52+00:00Z</time>
      </trkpt>
      <trkpt lat="41.32654728" lon="-72.94095729">
        <time>2026-09-07T12:53:53+00:00Z</time>
      </trkpt>
      <trkpt lat="41.32657670" lon="-72.94096291">
        <time>2026-09-07T12:53:54+00:00Z</time>
      </trkpt>
      <trkpt lat="41.32660001" lon="-72.94096861">
        <time>2026-09-07T12:53:55+00:00Z</time>
      </trkpt>
      <trkpt lat="41.32662507" lon="-72.94097146">
        <time>2026-09-07T12:53:56+00:00Z</time>
      </trkpt>
      <trkpt lat="41.32664585" lon="-72.94097884">
        <time>2026-09-07T12:53:57+00:00Z</time>
      </trkpt>
      <trkpt lat="41.32666689" lon="-72.94098035">
        <time>2026-09-07T12:53:58+00:00Z</time>
      </trkpt>
      <trkpt lat="41.32669128" lon="-72.94098353">
        <time>2026-09-07T12:53:59+00:00Z</time>
      </trkpt>
      <trkpt lat="41.32670998" lon="-72.94098998">
        <time>2026-09-07T12:54:00+00:00Z</time>
      </trkpt>
      <trkpt lat="41.32674225" lon="-72.94099174">
        <time>2026-09-07T12:54:01+00:00Z</time>
      </trkpt>
      <trkpt lat="41.32675826" lon="-72.94099560">
        <time>2026-09-07T12:54:02+00:00Z</time>
      </trkpt>
      <trkpt lat="41.32678776" lon="-72.94100029">
        <time>2026-09-07T12:54:03+00:00Z</time>
      </trkpt>
      <trkpt lat="41.32680377" lon="-72.94100717">
        <time>2026-09-07T12:54:04+00:00Z</time>
      </trkpt>
      <trkpt lat="41.32682850" lon="-72.94101345">
        <time>2026-09-07T12:54:05+00:00Z</time>
      </trkpt>
      <trkpt lat="41.32685046" lon="-72.94102284">
        <time>2026-09-07T12:54:06+00:00Z</time>
      </trkpt>
      <trkpt lat="41.32687267" lon="-72.94103022">
        <time>2026-09-07T12:54:07+00:00Z</time>
      </trkpt>
      <trkpt lat="41.32689614" lon="-72.94104137">
        <time>2026-09-07T12:54:08+00:00Z</time>
      </trkpt>
      <trkpt lat="41.32691584" lon="-72.94104866">
        <time>2026-09-07T12:54:09+00:00Z</time>
      </trkpt>
      <trkpt lat="41.32694257" lon="-72.94105805">
        <time>2026-09-07T12:54:10+00:00Z</time>
      </trkpt>
      <trkpt lat="41.32696361" lon="-72.94106500">
        <time>2026-09-07T12:54:11+00:00Z</time>
      </trkpt>
      <trkpt lat="41.32698976" lon="-72.94106794">
        <time>2026-09-07T12:54:12+00:00Z</time>
      </trkpt>
      <trkpt lat="41.32701097" lon="-72.94107456">
        <time>2026-09-07T12:54:13+00:00Z</time>
      </trkpt>
      <trkpt lat="41.32703394" lon="-72.94108252">
        <time>2026-09-07T12:54:14+00:00Z</time>
      </trkpt>
      <trkpt lat="41.32705732" lon="-72.94109258">
        <time>2026-09-07T12:54:15+00:00Z</time>
      </trkpt>
      <trkpt lat="41.32707912" lon="-72.94110004">
        <time>2026-09-07T12:54:16+00:00Z</time>
      </trkpt>
      <trkpt lat="41.32710694" lon="-72.94110750">
        <time>2026-09-07T12:54:17+00:00Z</time>
      </trkpt>
      <trkpt lat="41.32712513" lon="-72.94111563">
        <time>2026-09-07T12:54:18+00:00Z</time>
      </trkpt>
      <trkpt lat="41.32715070" lon="-72.94112309">
        <time>2026-09-07T12:54:19+00:00Z</time>
      </trkpt>
      <trkpt lat="41.32716956" lon="-72.94113373">
        <time>2026-09-07T12:54:20+00:00Z</time>
      </trkpt>
      <trkpt lat="41.32719252" lon="-72.94114647">
        <time>2026-09-07T12:54:21+00:00Z</time>
      </trkpt>
      <trkpt lat="41.32721339" lon="-72.94115771">
        <time>2026-09-07T12:54:22+00:00Z</time>
      </trkpt>
      <trkpt lat="41.32723804" lon="-72.94117028">
        <time>2026-09-07T12:54:23+00:00Z</time>
      </trkpt>
      <trkpt lat="41.32726000" lon="-72.94117464">
        <time>2026-09-07T12:54:24+00:00Z</time>
      </trkpt>
      <trkpt lat="41.32727902" lon="-72.94118646">
        <time>2026-09-07T12:54:25+00:00Z</time>
      </trkpt>
      <trkpt lat="41.32730668" lon="-72.94119718">
        <time>2026-09-07T12:54:26+00:00Z</time>
      </trkpt>
      <trkpt lat="41.32732496" lon="-72.94121001">
        <time>2026-09-07T12:54:27+00:00Z</time>
      </trkpt>
      <trkpt lat="41.32734952" lon="-72.94122149">
        <time>2026-09-07T12:54:28+00:00Z</time>
      </trkpt>
      <trkpt lat="41.32737106" lon="-72.94123306">
        <time>2026-09-07T12:54:29+00:00Z</time>
      </trkpt>
      <trkpt lat="41.32739495" lon="-72.94124312">
        <time>2026-09-07T12:54:30+00:00Z</time>
      </trkpt>
      <trkpt lat="41.32742026" lon="-72.94125376">
        <time>2026-09-07T12:54:31+00:00Z</time>
      </trkpt>
      <trkpt lat="41.32743895" lon="-72.94126516">
        <time>2026-09-07T12:54:32+00:00Z</time>
      </trkpt>
      <trkpt lat="41.32746552" lon="-72.94127799">
        <time>2026-09-07T12:54:33+00:00Z</time>
      </trkpt>
      <trkpt lat="41.32748430" lon="-72.94129073">
        <time>2026-09-07T12:54:34+00:00Z</time>
      </trkpt>
      <trkpt lat="41.32751020" lon="-72.94130112">
        <time>2026-09-07T12:54:35+00:00Z</time>
      </trkpt>
      <trkpt lat="41.32752973" lon="-72.94131587">
        <time>2026-09-07T12:54:36+00:00Z</time>
      </trkpt>
      <trkpt lat="41.32755278" lon="-72.94132853">
        <time>2026-09-07T12:54:37+00:00Z</time>
      </trkpt>
      <trkpt lat="41.32757616" lon="-72.94134077">
        <time>2026-09-07T12:54:38+00:00Z</time>
      </trkpt>
      <trkpt lat="41.32759544" lon="-72.94135242">
        <time>2026-09-07T12:54:39+00:00Z</time>
      </trkpt>
      <trkpt lat="41.32762268" lon="-72.94136466">
        <time>2026-09-07T12:54:40+00:00Z</time>
      </trkpt>
      <trkpt lat="41.32764020" lon="-72.94138226">
        <time>2026-09-07T12:54:41+00:00Z</time>
      </trkpt>
      <trkpt lat="41.32766107" lon="-72.94139575">
        <time>2026-09-07T12:54:42+00:00Z</time>
      </trkpt>
      <trkpt lat="41.32768488" lon="-72.94140950">
        <time>2026-09-07T12:54:43+00:00Z</time>
      </trkpt>
      <trkpt lat="41.32770474" lon="-72.94141931">
        <time>2026-09-07T12:54:44+00:00Z</time>
      </trkpt>
      <trkpt lat="41.32773240" lon="-72.94143280">
        <time>2026-09-07T12:54:45+00:00Z</time>
      </trkpt>
      <trkpt lat="41.32775310" lon="-72.94144009">
        <time>2026-09-07T12:54:46+00:00Z</time>
      </trkpt>
      <trkpt lat="41.32778211" lon="-72.94145359">
        <time>2026-09-07T12:54:47+00:00Z</time>
      </trkpt>
      <trkpt lat="41.32780147" lon="-72.94146717">
        <time>2026-09-07T12:54:48+00:00Z</time>
      </trkpt>
      <trkpt lat="41.32782410" lon="-72.94147798">
        <time>2026-09-07T12:54:49+00:00Z</time>
      </trkpt>
      <trkpt lat="41.32784715" lon="-72.94149072">
        <time>2026-09-07T12:54:50+00:00Z</time>
      </trkpt>
      <trkpt lat="41.32786442" lon="-72.94150212">
        <time>2026-09-07T12:54:51+00:00Z</time>
      </trkpt>
      <trkpt lat="41.32789023" lon="-72.94151746">
        <time>2026-09-07T12:54:52+00:00Z</time>
      </trkpt>
      <trkpt lat="41.32790792" lon="-72.94153238">
        <time>2026-09-07T12:54:53+00:00Z</time>
      </trkpt>
      <trkpt lat="41.32793281" lon="-72.94155350">
        <time>2026-09-07T12:54:54+00:00Z</time>
      </trkpt>
      <trkpt lat="41.32795092" lon="-72.94156901">
        <time>2026-09-07T12:54:55+00:00Z</time>
      </trkpt>
      <trkpt lat="41.32797305" lon="-72.94158108">
        <time>2026-09-07T12:54:56+00:00Z</time>
      </trkpt>
      <trkpt lat="41.32799618" lon="-72.94159792">
        <time>2026-09-07T12:54:57+00:00Z</time>
      </trkpt>
      <trkpt lat="41.32801588" lon="-72.94160999">
        <time>2026-09-07T12:54:58+00:00Z</time>
      </trkpt>
      <trkpt lat="41.32804111" lon="-72.94162391">
        <time>2026-09-07T12:54:59+00:00Z</time>
      </trkpt>
      <trkpt lat="41.32805745" lon="-72.94163975">
        <time>2026-09-07T12:55:00+00:00Z</time>
      </trkpt>
      <trkpt lat="41.32808436" lon="-72.94165844">
        <time>2026-09-07T12:55:01+00:00Z</time>
      </trkpt>
      <trkpt lat="41.32810045" lon="-72.94167520">
        <time>2026-09-07T12:55:02+00:00Z</time>
      </trkpt>
      <trkpt lat="41.32812300" lon="-72.94169088">
        <time>2026-09-07T12:55:03+00:00Z</time>
      </trkpt>
      <trkpt lat="41.32814228" lon="-72.94170622">
        <time>2026-09-07T12:55:04+00:00Z</time>
      </trkpt>
      <trkpt lat="41.32816348" lon="-72.94172139">
        <time>2026-09-07T12:55:05+00:00Z</time>
      </trkpt>
      <trkpt lat="41.32818192" lon="-72.94173815">
        <time>2026-09-07T12:55:06+00:00Z</time>
      </trkpt>
      <trkpt lat="41.32819693" lon="-72.94175500">
        <time>2026-09-07T12:55:07+00:00Z</time>
      </trkpt>
      <trkpt lat="41.32821947" lon="-72.94177243">
        <time>2026-09-07T12:55:08+00:00Z</time>
      </trkpt>
      <trkpt lat="41.32823993" lon="-72.94178115">
        <time>2026-09-07T12:55:09+00:00Z</time>
      </trkpt>
      <trkpt lat="41.32826289" lon="-72.94179833">
        <time>2026-09-07T12:55:10+00:00Z</time>
      </trkpt>
      <trkpt lat="41.32827898" lon="-72.94181518">
        <time>2026-09-07T12:55:11+00:00Z</time>
      </trkpt>
      <trkpt lat="41.32830002" lon="-72.94183337">
        <time>2026-09-07T12:55:12+00:00Z</time>
      </trkpt>
      <trkpt lat="41.32832131" lon="-72.94184972">
        <time>2026-09-07T12:55:13+00:00Z</time>
      </trkpt>
      <trkpt lat="41.32834042" lon="-72.94186631">
        <time>2026-09-07T12:55:14+00:00Z</time>
      </trkpt>
      <trkpt lat="41.32836046" lon="-72.94188408">
        <time>2026-09-07T12:55:15+00:00Z</time>
      </trkpt>
      <trkpt lat="41.32837303" lon="-72.94190043">
        <time>2026-09-07T12:55:16+00:00Z</time>
      </trkpt>
      <trkpt lat="41.32839566" lon="-72.94191727">
        <time>2026-09-07T12:55:17+00:00Z</time>
      </trkpt>
      <trkpt lat="41.32841175" lon="-72.94193035">
        <time>2026-09-07T12:55:18+00:00Z</time>
      </trkpt>
      <trkpt lat="41.32843237" lon="-72.94194879">
        <time>2026-09-07T12:55:19+00:00Z</time>
      </trkpt>
      <trkpt lat="41.32845006" lon="-72.94196698">
        <time>2026-09-07T12:55:20+00:00Z</time>
      </trkpt>
      <trkpt lat="41.32847076" lon="-72.94198425">
        <time>2026-09-07T12:55:21+00:00Z</time>
      </trkpt>
      <trkpt lat="41.32849323" lon="-72.94200126">
        <time>2026-09-07T12:55:22+00:00Z</time>
      </trkpt>
      <trkpt lat="41.32851368" lon="-72.94201585">
        <time>2026-09-07T12:55:23+00:00Z</time>
      </trkpt>
      <trkpt lat="41.32853338" lon="-72.94203605">
        <time>2026-09-07T12:55:24+00:00Z</time>
      </trkpt>
      <trkpt lat="41.32855106" lon="-72.94205180">
        <time>2026-09-07T12:55:25+00:00Z</time>
      </trkpt>
      <trkpt lat="41.32857721" lon="-72.94207033">
        <time>2026-09-07T12:55:26+00:00Z</time>
      </trkpt>
      <trkpt lat="41.32859549" lon="-72.94208575">
        <time>2026-09-07T12:55:27+00:00Z</time>
      </trkpt>
      <trkpt lat="41.32861770" lon="-72.94210251">
        <time>2026-09-07T12:55:28+00:00Z</time>
      </trkpt>
      <trkpt lat="41.32863354" lon="-72.94211919">
        <time>2026-09-07T12:55:29+00:00Z</time>
      </trkpt>
      <trkpt lat="41.32865131" lon="-72.94213604">
        <time>2026-09-07T12:55:30+00:00Z</time>
      </trkpt>
      <trkpt lat="41.32867050" lon="-72.94215708">
        <time>2026-09-07T12:55:31+00:00Z</time>
      </trkpt>
      <trkpt lat="41.32869062" lon="-72.94217074">
        <time>2026-09-07T12:55:32+00:00Z</time>
      </trkpt>
      <trkpt lat="41.32871484" lon="-72.94219086">
        <time>2026-09-07T12:55:33+00:00Z</time>
      </trkpt>
      <trkpt lat="41.32872943" lon="-72.94221240">
        <time>2026-09-07T12:55:34+00:00Z</time>
      </trkpt>
      <trkpt lat="41.32875164" lon="-72.94223646">
        <time>2026-09-07T12:55:35+00:00Z</time>
      </trkpt>
      <trkpt lat="41.32876891" lon="-72.94225875">
        <time>2026-09-07T12:55:36+00:00Z</time>
      </trkpt>
      <trkpt lat="41.32878508" lon="-72.94227812">
        <time>2026-09-07T12:55:37+00:00Z</time>
      </trkpt>
      <trkpt lat="41.32880897" lon="-72.94229639">
        <time>2026-09-07T12:55:38+00:00Z</time>
      </trkpt>
      <trkpt lat="41.32882264" lon="-72.94230779">
        <time>2026-09-07T12:55:39+00:00Z</time>
      </trkpt>
      <trkpt lat="41.32884828" lon="-72.94232916">
        <time>2026-09-07T12:55:40+00:00Z</time>
      </trkpt>
      <trkpt lat="41.32886211" lon="-72.94234676">
        <time>2026-09-07T12:55:41+00:00Z</time>
      </trkpt>
      <trkpt lat="41.32888307" lon="-72.94237023">
        <time>2026-09-07T12:55:42+00:00Z</time>
      </trkpt>
      <trkpt lat="41.32889380" lon="-72.94239337">
        <time>2026-09-07T12:55:43+00:00Z</time>
      </trkpt>
      <trkpt lat="41.32890821" lon="-72.94241273">
        <time>2026-09-07T12:55:44+00:00Z</time>
      </trkpt>
      <trkpt lat="41.32892582" lon="-72.94243611">
        <time>2026-09-07T12:55:45+00:00Z</time>
      </trkpt>
      <trkpt lat="41.32894141" lon="-72.94245212">
        <time>2026-09-07T12:55:46+00:00Z</time>
      </trkpt>
      <trkpt lat="41.32896613" lon="-72.94247501">
        <time>2026-09-07T12:55:47+00:00Z</time>
      </trkpt>
      <trkpt lat="41.32897862" lon="-72.94249512">
        <time>2026-09-07T12:55:48+00:00Z</time>
      </trkpt>
      <trkpt lat="41.32899547" lon="-72.94252287">
        <time>2026-09-07T12:55:49+00:00Z</time>
      </trkpt>
      <trkpt lat="41.32901123" lon="-72.94254852">
        <time>2026-09-07T12:55:50+00:00Z</time>
      </trkpt>
      <trkpt lat="41.32902497" lon="-72.94257198">
        <time>2026-09-07T12:55:51+00:00Z</time>
      </trkpt>
      <trkpt lat="41.32905113" lon="-72.94259353">
        <time>2026-09-07T12:55:52+00:00Z</time>
      </trkpt>
      <trkpt lat="41.32906688" lon="-72.94260836">
        <time>2026-09-07T12:55:53+00:00Z</time>
      </trkpt>
      <trkpt lat="41.32908901" lon="-72.94263242">
        <time>2026-09-07T12:55:54+00:00Z</time>
      </trkpt>
      <trkpt lat="41.32910142" lon="-72.94264952">
        <time>2026-09-07T12:55:55+00:00Z</time>
      </trkpt>
      <trkpt lat="41.32911751" lon="-72.94267257">
        <time>2026-09-07T12:55:56+00:00Z</time>
      </trkpt>
      <trkpt lat="41.32913067" lon="-72.94269537">
        <time>2026-09-07T12:55:57+00:00Z</time>
      </trkpt>
      <trkpt lat="41.32914525" lon="-72.94271297">
        <time>2026-09-07T12:55:58+00:00Z</time>
      </trkpt>
      <trkpt lat="41.32916839" lon="-72.94274348">
        <time>2026-09-07T12:55:59+00:00Z</time>
      </trkpt>
      <trkpt lat="41.32918012" lon="-72.94276703">
        <time>2026-09-07T12:56:00+00:00Z</time>
      </trkpt>
      <trkpt lat="41.32920208" lon="-72.94279855">
        <time>2026-09-07T12:56:01+00:00Z</time>
      </trkpt>
      <trkpt lat="41.32921684" lon="-72.94282604">
        <time>2026-09-07T12:56:02+00:00Z</time>
      </trkpt>
      <trkpt lat="41.32923318" lon="-72.94285043">
        <time>2026-09-07T12:56:03+00:00Z</time>
      </trkpt>
      <trkpt lat="41.32925095" lon="-72.94287591">
        <time>2026-09-07T12:56:04+00:00Z</time>
      </trkpt>
      <trkpt lat="41.32926612" lon="-72.94289469">
        <time>2026-09-07T12:56:05+00:00Z</time>
      </trkpt>
      <trkpt lat="41.32928875" lon="-72.94292193">
        <time>2026-09-07T12:56:06+00:00Z</time>
      </trkpt>
      <trkpt lat="41.32930367" lon="-72.94293878">
        <time>2026-09-07T12:56:07+00:00Z</time>
      </trkpt>
      <trkpt lat="41.32932287" lon="-72.94296208">
        <time>2026-09-07T12:56:08+00:00Z</time>
      </trkpt>
      <trkpt lat="41.32933276" lon="-72.94298932">
        <time>2026-09-07T12:56:09+00:00Z</time>
      </trkpt>
      <trkpt lat="41.32934785" lon="-72.94301262">
        <time>2026-09-07T12:56:10+00:00Z</time>
      </trkpt>
      <trkpt lat="41.32936746" lon="-72.94304146">
        <time>2026-09-07T12:56:11+00:00Z</time>
      </trkpt>
      <trkpt lat="41.32937928" lon="-72.94306358">
        <time>2026-09-07T12:56:12+00:00Z</time>
      </trkpt>
      <trkpt lat="41.32940342" lon="-72.94309326">
        <time>2026-09-07T12:56:13+00:00Z</time>
      </trkpt>
      <trkpt lat="41.32941322" lon="-72.94311371">
        <time>2026-09-07T12:56:14+00:00Z</time>
      </trkpt>
      <trkpt lat="41.32942714" lon="-72.94314212">
        <time>2026-09-07T12:56:15+00:00Z</time>
      </trkpt>
      <trkpt lat="41.32943979" lon="-72.94317054">
        <time>2026-09-07T12:56:16+00:00Z</time>
      </trkpt>
      <trkpt lat="41.32945413" lon="-72.94319484">
        <time>2026-09-07T12:56:17+00:00Z</time>
      </trkpt>
      <trkpt lat="41.32947232" lon="-72.94322200">
        <time>2026-09-07T12:56:18+00:00Z</time>
      </trkpt>
      <trkpt lat="41.32948330" lon="-72.94324522">
        <time>2026-09-07T12:56:19+00:00Z</time>
      </trkpt>
      <trkpt lat="41.32950509" lon="-72.94327548">
        <time>2026-09-07T12:56:20+00:00Z</time>
      </trkpt>
      <trkpt lat="41.32951573" lon="-72.94329618">
        <time>2026-09-07T12:56:21+00:00Z</time>
      </trkpt>
      <trkpt lat="41.32953191" lon="-72.94332451">
        <time>2026-09-07T12:56:22+00:00Z</time>
      </trkpt>
      <trkpt lat="41.32954432" lon="-72.94334966">
        <time>2026-09-07T12:56:23+00:00Z</time>
      </trkpt>
      <trkpt lat="41.32955798" lon="-72.94337120">
        <time>2026-09-07T12:56:24+00:00Z</time>
      </trkpt>
      <trkpt lat="41.32957533" lon="-72.94339676">
        <time>2026-09-07T12:56:25+00:00Z</time>
      </trkpt>
      <trkpt lat="41.32958757" lon="-72.94341546">
        <time>2026-09-07T12:56:26+00:00Z</time>
      </trkpt>
      <trkpt lat="41.32960835" lon="-72.94344211">
        <time>2026-09-07T12:56:27+00:00Z</time>
      </trkpt>
      <trkpt lat="41.32961942" lon="-72.94346298">
        <time>2026-09-07T12:56:28+00:00Z</time>
      </trkpt>
      <trkpt lat="41.32963794" lon="-72.94349190">
        <time>2026-09-07T12:56:29+00:00Z</time>
      </trkpt>
      <trkpt lat="41.32965085" lon="-72.94351310">
        <time>2026-09-07T12:56:30+00:00Z</time>
      </trkpt>
      <trkpt lat="41.32966619" lon="-72.94353154">
        <time>2026-09-07T12:56:31+00:00Z</time>
      </trkpt>
      <trkpt lat="41.32968429" lon="-72.94355862">
        <time>2026-09-07T12:56:32+00:00Z</time>
      </trkpt>
      <trkpt lat="41.32969947" lon="-72.94357731">
        <time>2026-09-07T12:56:33+00:00Z</time>
      </trkpt>
      <trkpt lat="41.32972168" lon="-72.94360723">
        <time>2026-09-07T12:56:34+00:00Z</time>
      </trkpt>
      <trkpt lat="41.32973291" lon="-72.94363162">
        <time>2026-09-07T12:56:35+00:00Z</time>
      </trkpt>
      <trkpt lat="41.32974816" lon="-72.94366239">
        <time>2026-09-07T12:56:36+00:00Z</time>
      </trkpt>
      <trkpt lat="41.32975881" lon="-72.94369047">
        <time>2026-09-07T12:56:37+00:00Z</time>
      </trkpt>
      <trkpt lat="41.32977172" lon="-72.94371435">
        <time>2026-09-07T12:56:38+00:00Z</time>
      </trkpt>
      <trkpt lat="41.32979091" lon="-72.94374084">
        <time>2026-09-07T12:56:39+00:00Z</time>
      </trkpt>
      <trkpt lat="41.32980323" lon="-72.94376045">
        <time>2026-09-07T12:56:40+00:00Z</time>
      </trkpt>
      <trkpt lat="41.32982536" lon="-72.94378979">
        <time>2026-09-07T12:56:41+00:00Z</time>
      </trkpt>
      <trkpt lat="41.32983835" lon="-72.94380890">
        <time>2026-09-07T12:56:42+00:00Z</time>
      </trkpt>
      <trkpt lat="41.32985394" lon="-72.94383514">
        <time>2026-09-07T12:56:43+00:00Z</time>
      </trkpt>
      <trkpt lat="41.32986694" lon="-72.94385810">
        <time>2026-09-07T12:56:44+00:00Z</time>
      </trkpt>
      <trkpt lat="41.32987926" lon="-72.94387680">
        <time>2026-09-07T12:56:45+00:00Z</time>
      </trkpt>
      <trkpt lat="41.32989644" lon="-72.94390177">
        <time>2026-09-07T12:56:46+00:00Z</time>
      </trkpt>
      <trkpt lat="41.32990675" lon="-72.94392298">
        <time>2026-09-07T12:56:47+00:00Z</time>
      </trkpt>
      <trkpt lat="41.32992930" lon="-72.94394913">
        <time>2026-09-07T12:56:48+00:00Z</time>
      </trkpt>
      <trkpt lat="41.32993944" lon="-72.94396900">
        <time>2026-09-07T12:56:49+00:00Z</time>
      </trkpt>
      <trkpt lat="41.32995721" lon="-72.94399565">
        <time>2026-09-07T12:56:50+00:00Z</time>
      </trkpt>
      <trkpt lat="41.32996676" lon="-72.94402046">
        <time>2026-09-07T12:56:51+00:00Z</time>
      </trkpt>
      <trkpt lat="41.32998185" lon="-72.94404066">
        <time>2026-09-07T12:56:52+00:00Z</time>
      </trkpt>
      <trkpt lat="41.32999702" lon="-72.94405960">
        <time>2026-09-07T12:56:53+00:00Z</time>
      </trkpt>
      <trkpt lat="41.33001085" lon="-72.94407603">
        <time>2026-09-07T12:56:54+00:00Z</time>
      </trkpt>
      <trkpt lat="41.33003323" lon="-72.94409565">
        <time>2026-09-07T12:56:55+00:00Z</time>
      </trkpt>
      <trkpt lat="41.33004673" lon="-72.94411082">
        <time>2026-09-07T12:56:56+00:00Z</time>
      </trkpt>
      <trkpt lat="41.33006760" lon="-72.94413663">
        <time>2026-09-07T12:56:57+00:00Z</time>
      </trkpt>
      <trkpt lat="41.33007766" lon="-72.94416027">
        <time>2026-09-07T12:56:58+00:00Z</time>
      </trkpt>
      <trkpt lat="41.33009518" lon="-72.94418299">
        <time>2026-09-07T12:56:59+00:00Z</time>
      </trkpt>
      <trkpt lat="41.33010448" lon="-72.94420503">
        <time>2026-09-07T12:57:00+00:00Z</time>
      </trkpt>
      <trkpt lat="41.33011948" lon="-72.94422364">
        <time>2026-09-07T12:57:01+00:00Z</time>
      </trkpt>
      <trkpt lat="41.33012996" lon="-72.94424602">
        <time>2026-09-07T12:57:02+00:00Z</time>
      </trkpt>
      <trkpt lat="41.33014220" lon="-72.94426681">
        <time>2026-09-07T12:57:03+00:00Z</time>
      </trkpt>
      <trkpt lat="41.33015603" lon="-72.94429329">
        <time>2026-09-07T12:57:04+00:00Z</time>
      </trkpt>
      <trkpt lat="41.33016977" lon="-72.94431550">
        <time>2026-09-07T12:57:05+00:00Z</time>
      </trkpt>
      <trkpt lat="41.33017832" lon="-72.94434836">
        <time>2026-09-07T12:57:06+00:00Z</time>
      </trkpt>
      <trkpt lat="41.33017506" lon="-72.94436856">
        <time>2026-09-07T12:57:07+00:00Z</time>
      </trkpt>
      <trkpt lat="41.33015938" lon="-72.94440293">
        <time>2026-09-07T12:57:08+00:00Z</time>
      </trkpt>
      <trkpt lat="41.33014698" lon="-72.94442120">
        <time>2026-09-07T12:57:09+00:00Z</time>
      </trkpt>
      <trkpt lat="41.33012996" lon="-72.94443930">
        <time>2026-09-07T12:57:10+00:00Z</time>
      </trkpt>
      <trkpt lat="41.33011621" lon="-72.94444643">
        <time>2026-09-07T12:57:11+00:00Z</time>
      </trkpt>
      <trkpt lat="41.33010222" lon="-72.94445255">
        <time>2026-09-07T12:57:12+00:00Z</time>
      </trkpt>
      <trkpt lat="41.33008646" lon="-72.94446889">
        <time>2026-09-07T12:57:13+00:00Z</time>
      </trkpt>
      <trkpt lat="41.33006886" lon="-72.94447870">
        <time>2026-09-07T12:57:14+00:00Z</time>
      </trkpt>
      <trkpt lat="41.33004673" lon="-72.94449152">
        <time>2026-09-07T12:57:15+00:00Z</time>
      </trkpt>
      <trkpt lat="41.33002837" lon="-72.94450141">
        <time>2026-09-07T12:57:16+00:00Z</time>
      </trkpt>
      <trkpt lat="41.33000524" lon="-72.94451809">
        <time>2026-09-07T12:57:17+00:00Z</time>
      </trkpt>
      <trkpt lat="41.32999032" lon="-72.94452614">
        <time>2026-09-07T12:57:18+00:00Z</time>
      </trkpt>
      <trkpt lat="41.32997205" lon="-72.94454492">
        <time>2026-09-07T12:57:19+00:00Z</time>
      </trkpt>
      <trkpt lat="41.32995629" lon="-72.94455347">
        <time>2026-09-07T12:57:20+00:00Z</time>
      </trkpt>
      <trkpt lat="41.32993810" lon="-72.94456579">
        <time>2026-09-07T12:57:21+00:00Z</time>
      </trkpt>
      <trkpt lat="41.32991974" lon="-72.94457383">
        <time>2026-09-07T12:57:22+00:00Z</time>
      </trkpt>
      <trkpt lat="41.32990105" lon="-72.94458498">
        <time>2026-09-07T12:57:23+00:00Z</time>
      </trkpt>
      <trkpt lat="41.32988546" lon="-72.94459663">
        <time>2026-09-07T12:57:24+00:00Z</time>
      </trkpt>
      <trkpt lat="41.32987004" lon="-72.94460627">
        <time>2026-09-07T12:57:25+00:00Z</time>
      </trkpt>
      <trkpt lat="41.32985202" lon="-72.94462077">
        <time>2026-09-07T12:57:26+00:00Z</time>
      </trkpt>
      <trkpt lat="41.32983408" lon="-72.94462614">
        <time>2026-09-07T12:57:27+00:00Z</time>
      </trkpt>
      <trkpt lat="41.32980994" lon="-72.94463946">
        <time>2026-09-07T12:57:28+00:00Z</time>
      </trkpt>
      <trkpt lat="41.32979334" lon="-72.94464625">
        <time>2026-09-07T12:57:29+00:00Z</time>
      </trkpt>
      <trkpt lat="41.32976996" lon="-72.94466268">
        <time>2026-09-07T12:57:30+00:00Z</time>
      </trkpt>
      <trkpt lat="41.32975328" lon="-72.94467224">
        <time>2026-09-07T12:57:31+00:00Z</time>
      </trkpt>
      <trkpt lat="41.32973433" lon="-72.94468649">
        <time>2026-09-07T12:57:32+00:00Z</time>
      </trkpt>
      <trkpt lat="41.32971749" lon="-72.94469797">
        <time>2026-09-07T12:57:33+00:00Z</time>
      </trkpt>
      <trkpt lat="41.32970165" lon="-72.94470660">
        <time>2026-09-07T12:57:34+00:00Z</time>
      </trkpt>
      <trkpt lat="41.32968228" lon="-72.94472010">
        <time>2026-09-07T12:57:35+00:00Z</time>
      </trkpt>
      <trkpt lat="41.32966275" lon="-72.94471859">
        <time>2026-09-07T12:57:36+00:00Z</time>
      </trkpt>
      <trkpt lat="41.32964163" lon="-72.94472823">
        <time>2026-09-07T12:57:37+00:00Z</time>
      </trkpt>
      <trkpt lat="41.32962537" lon="-72.94473225">
        <time>2026-09-07T12:57:38+00:00Z</time>
      </trkpt>
      <trkpt lat="41.32960173" lon="-72.94474332">
        <time>2026-09-07T12:57:39+00:00Z</time>
      </trkpt>
      <trkpt lat="41.32958078" lon="-72.94475094">
        <time>2026-09-07T12:57:40+00:00Z</time>
      </trkpt>
      <trkpt lat="41.32955957" lon="-72.94476595">
        <time>2026-09-07T12:57:41+00:00Z</time>
      </trkpt>
      <trkpt lat="41.32953811" lon="-72.94477601">
        <time>2026-09-07T12:57:42+00:00Z</time>
      </trkpt>
      <trkpt lat="41.32952034" lon="-72.94478673">
        <time>2026-09-07T12:57:43+00:00Z</time>
      </trkpt>
      <trkpt lat="41.32950031" lon="-72.94480224">
        <time>2026-09-07T12:57:44+00:00Z</time>
      </trkpt>
      <trkpt lat="41.32948539" lon="-72.94481129">
        <time>2026-09-07T12:57:45+00:00Z</time>
      </trkpt>
      <trkpt lat="41.32946553" lon="-72.94482881">
        <time>2026-09-07T12:57:46+00:00Z</time>
      </trkpt>
      <trkpt lat="41.32945312" lon="-72.94484080">
        <time>2026-09-07T12:57:47+00:00Z</time>
      </trkpt>
      <trkpt lat="41.32943275" lon="-72.94485798">
        <time>2026-09-07T12:57:48+00:00Z</time>
      </trkpt>
      <trkpt lat="41.32941507" lon="-72.94487156">
        <time>2026-09-07T12:57:49+00:00Z</time>
      </trkpt>
      <trkpt lat="41.32939721" lon="-72.94488422">
        <time>2026-09-07T12:57:50+00:00Z</time>
      </trkpt>
      <trkpt lat="41.32937777" lon="-72.94489319">
        <time>2026-09-07T12:57:51+00:00Z</time>
      </trkpt>
      <trkpt lat="41.32935891" lon="-72.94490199">
        <time>2026-09-07T12:57:52+00:00Z</time>
      </trkpt>
      <trkpt lat="41.32934206" lon="-72.94491883">
        <time>2026-09-07T12:57:53+00:00Z</time>
      </trkpt>
      <trkpt lat="41.32932555" lon="-72.94492696">
        <time>2026-09-07T12:57:54+00:00Z</time>
      </trkpt>
      <trkpt lat="41.32930744" lon="-72.94494054">
        <time>2026-09-07T12:57:55+00:00Z</time>
      </trkpt>
      <trkpt lat="41.32929563" lon="-72.94494750">
        <time>2026-09-07T12:57:56+00:00Z</time>
      </trkpt>
      <trkpt lat="41.32927777" lon="-72.94496292">
        <time>2026-09-07T12:57:57+00:00Z</time>
      </trkpt>
      <trkpt lat="41.32926277" lon="-72.94497189">
        <time>2026-09-07T12:57:58+00:00Z</time>
      </trkpt>
      <trkpt lat="41.32924215" lon="-72.94498413">
        <time>2026-09-07T12:57:59+00:00Z</time>
      </trkpt>
      <trkpt lat="41.32922463" lon="-72.94499586">
        <time>2026-09-07T12:58:00+00:00Z</time>
      </trkpt>
      <trkpt lat="41.32920569" lon="-72.94500634">
        <time>2026-09-07T12:58:01+00:00Z</time>
      </trkpt>
      <trkpt lat="41.32918767" lon="-72.94501950">
        <time>2026-09-07T12:58:02+00:00Z</time>
      </trkpt>
      <trkpt lat="41.32917023" lon="-72.94502671">
        <time>2026-09-07T12:58:03+00:00Z</time>
      </trkpt>
      <trkpt lat="41.32914869" lon="-72.94504121">
        <time>2026-09-07T12:58:04+00:00Z</time>
      </trkpt>
      <trkpt lat="41.32913419" lon="-72.94505286">
        <time>2026-09-07T12:58:05+00:00Z</time>
      </trkpt>
      <trkpt lat="41.32911474" lon="-72.94506954">
        <time>2026-09-07T12:58:06+00:00Z</time>
      </trkpt>
      <trkpt lat="41.32909949" lon="-72.94507851">
        <time>2026-09-07T12:58:07+00:00Z</time>
      </trkpt>
      <trkpt lat="41.32908440" lon="-72.94508890">
        <time>2026-09-07T12:58:08+00:00Z</time>
      </trkpt>
      <trkpt lat="41.32906630" lon="-72.94509904">
        <time>2026-09-07T12:58:09+00:00Z</time>
      </trkpt>
      <trkpt lat="41.32904735" lon="-72.94510801">
        <time>2026-09-07T12:58:10+00:00Z</time>
      </trkpt>
      <trkpt lat="41.32902606" lon="-72.94511941">
        <time>2026-09-07T12:58:11+00:00Z</time>
      </trkpt>
      <trkpt lat="41.32901022" lon="-72.94512536">
        <time>2026-09-07T12:58:12+00:00Z</time>
      </trkpt>
      <trkpt lat="41.32899052" lon="-72.94513903">
        <time>2026-09-07T12:58:13+00:00Z</time>
      </trkpt>
      <trkpt lat="41.32897309" lon="-72.94514967">
        <time>2026-09-07T12:58:14+00:00Z</time>
      </trkpt>
      <trkpt lat="41.32895029" lon="-72.94516384">
        <time>2026-09-07T12:58:15+00:00Z</time>
      </trkpt>
      <trkpt lat="41.32892934" lon="-72.94517281">
        <time>2026-09-07T12:58:16+00:00Z</time>
      </trkpt>
      <trkpt lat="41.32891056" lon="-72.94518605">
        <time>2026-09-07T12:58:17+00:00Z</time>
      </trkpt>
      <trkpt lat="41.32889212" lon="-72.94520021">
        <time>2026-09-07T12:58:18+00:00Z</time>
      </trkpt>
      <trkpt lat="41.32887435" lon="-72.94520809">
        <time>2026-09-07T12:58:19+00:00Z</time>
      </trkpt>
      <trkpt lat="41.32885566" lon="-72.94522846">
        <time>2026-09-07T12:58:20+00:00Z</time>
      </trkpt>
      <trkpt lat="41.32883890" lon="-72.94524011">
        <time>2026-09-07T12:58:21+00:00Z</time>
      </trkpt>
      <trkpt lat="41.32882213" lon="-72.94525595">
        <time>2026-09-07T12:58:22+00:00Z</time>
      </trkpt>
      <trkpt lat="41.32880922" lon="-72.94527012">
        <time>2026-09-07T12:58:23+00:00Z</time>
      </trkpt>
      <trkpt lat="41.32879305" lon="-72.94528353">
        <time>2026-09-07T12:58:24+00:00Z</time>
      </trkpt>
      <trkpt lat="41.32877704" lon="-72.94529946">
        <time>2026-09-07T12:58:25+00:00Z</time>
      </trkpt>
      <trkpt lat="41.32876212" lon="-72.94531479">
        <time>2026-09-07T12:58:26+00:00Z</time>
      </trkpt>
      <trkpt lat="41.32874552" lon="-72.94532494">
        <time>2026-09-07T12:58:27+00:00Z</time>
      </trkpt>
      <trkpt lat="41.32872633" lon="-72.94533106">
        <time>2026-09-07T12:58:28+00:00Z</time>
      </trkpt>
      <trkpt lat="41.32870730" lon="-72.94534757">
        <time>2026-09-07T12:58:29+00:00Z</time>
      </trkpt>
      <trkpt lat="41.32869355" lon="-72.94535620">
        <time>2026-09-07T12:58:30+00:00Z</time>
      </trkpt>
      <trkpt lat="41.32867193" lon="-72.94537288">
        <time>2026-09-07T12:58:31+00:00Z</time>
      </trkpt>
      <trkpt lat="41.32865357" lon="-72.94538411">
        <time>2026-09-07T12:58:32+00:00Z</time>
      </trkpt>
      <trkpt lat="41.32863538" lon="-72.94539358">
        <time>2026-09-07T12:58:33+00:00Z</time>
      </trkpt>
      <trkpt lat="41.32861367" lon="-72.94540750">
        <time>2026-09-07T12:58:34+00:00Z</time>
      </trkpt>
      <trkpt lat="41.32859834" lon="-72.94541630">
        <time>2026-09-07T12:58:35+00:00Z</time>
      </trkpt>
      <trkpt lat="41.32857780" lon="-72.94543424">
        <time>2026-09-07T12:58:36+00:00Z</time>
      </trkpt>
      <trkpt lat="41.32855861" lon="-72.94544279">
        <time>2026-09-07T12:58:37+00:00Z</time>
      </trkpt>
      <trkpt lat="41.32853748" lon="-72.94546089">
        <time>2026-09-07T12:58:38+00:00Z</time>
      </trkpt>
      <trkpt lat="41.32852080" lon="-72.94547036">
        <time>2026-09-07T12:58:39+00:00Z</time>
      </trkpt>
      <trkpt lat="41.32849641" lon="-72.94548361">
        <time>2026-09-07T12:58:40+00:00Z</time>
      </trkpt>
      <trkpt lat="41.32847688" lon="-72.94549090">
        <time>2026-09-07T12:58:41+00:00Z</time>
      </trkpt>
      <trkpt lat="41.32845626" lon="-72.94549878">
        <time>2026-09-07T12:58:42+00:00Z</time>
      </trkpt>
      <trkpt lat="41.32843573" lon="-72.94550775">
        <time>2026-09-07T12:58:43+00:00Z</time>
      </trkpt>
      <trkpt lat="41.32841712" lon="-72.94552065">
        <time>2026-09-07T12:58:44+00:00Z</time>
      </trkpt>
      <trkpt lat="41.32839491" lon="-72.94553474">
        <time>2026-09-07T12:58:45+00:00Z</time>
      </trkpt>
      <trkpt lat="41.32837789" lon="-72.94554479">
        <time>2026-09-07T12:58:46+00:00Z</time>
      </trkpt>
      <trkpt lat="41.32835585" lon="-72.94556240">
        <time>2026-09-07T12:58:47+00:00Z</time>
      </trkpt>
      <trkpt lat="41.32833590" lon="-72.94557639">
        <time>2026-09-07T12:58:48+00:00Z</time>
      </trkpt>
      <trkpt lat="41.32831578" lon="-72.94557891">
        <time>2026-09-07T12:58:49+00:00Z</time>
      </trkpt>
      <trkpt lat="41.32828921" lon="-72.94559609">
        <time>2026-09-07T12:58:50+00:00Z</time>
      </trkpt>
      <trkpt lat="41.32826775" lon="-72.94559861">
        <time>2026-09-07T12:58:51+00:00Z</time>
      </trkpt>
      <trkpt lat="41.32824395" lon="-72.94562015">
        <time>2026-09-07T12:58:52+00:00Z</time>
      </trkpt>
      <trkpt lat="41.32822693" lon="-72.94562786">
        <time>2026-09-07T12:58:53+00:00Z</time>
      </trkpt>
      <trkpt lat="41.32820087" lon="-72.94564412">
        <time>2026-09-07T12:58:54+00:00Z</time>
      </trkpt>
      <trkpt lat="41.32817882" lon="-72.94565502">
        <time>2026-09-07T12:58:55+00:00Z</time>
      </trkpt>
      <trkpt lat="41.32815585" lon="-72.94566893">
        <time>2026-09-07T12:58:56+00:00Z</time>
      </trkpt>
      <trkpt lat="41.32813750" lon="-72.94568469">
        <time>2026-09-07T12:58:57+00:00Z</time>
      </trkpt>
      <trkpt lat="41.32811998" lon="-72.94569592">
        <time>2026-09-07T12:58:58+00:00Z</time>
      </trkpt>
      <trkpt lat="41.32810171" lon="-72.94570950">
        <time>2026-09-07T12:58:59+00:00Z</time>
      </trkpt>
      <trkpt lat="41.32808427" lon="-72.94571905">
        <time>2026-09-07T12:59:00+00:00Z</time>
      </trkpt>
      <trkpt lat="41.32806407" lon="-72.94573448">
        <time>2026-09-07T12:59:01+00:00Z</time>
      </trkpt>
      <trkpt lat="41.32804915" lon="-72.94574236">
        <time>2026-09-07T12:59:02+00:00Z</time>
      </trkpt>
      <trkpt lat="41.32802845" lon="-72.94575476">
        <time>2026-09-07T12:59:03+00:00Z</time>
      </trkpt>
      <trkpt lat="41.32801102" lon="-72.94576130">
        <time>2026-09-07T12:59:04+00:00Z</time>
      </trkpt>
      <trkpt lat="41.32798914" lon="-72.94577396">
        <time>2026-09-07T12:59:05+00:00Z</time>
      </trkpt>
      <trkpt lat="41.32797070" lon="-72.94578309">
        <time>2026-09-07T12:59:06+00:00Z</time>
      </trkpt>
      <trkpt lat="41.32795108" lon="-72.94579139">
        <time>2026-09-07T12:59:07+00:00Z</time>
      </trkpt>
      <trkpt lat="41.32792803" lon="-72.94580463">
        <time>2026-09-07T12:59:08+00:00Z</time>
      </trkpt>
      <trkpt lat="41.32790783" lon="-72.94581377">
        <time>2026-09-07T12:59:09+00:00Z</time>
      </trkpt>
      <trkpt lat="41.32788629" lon="-72.94582961">
        <time>2026-09-07T12:59:10+00:00Z</time>
      </trkpt>
      <trkpt lat="41.32786903" lon="-72.94584051">
        <time>2026-09-07T12:59:11+00:00Z</time>
      </trkpt>
      <trkpt lat="41.32784933" lon="-72.94585358">
        <time>2026-09-07T12:59:12+00:00Z</time>
      </trkpt>
      <trkpt lat="41.32783131" lon="-72.94586381">
        <time>2026-09-07T12:59:13+00:00Z</time>
      </trkpt>
      <trkpt lat="41.32781178" lon="-72.94588342">
        <time>2026-09-07T12:59:14+00:00Z</time>
      </trkpt>
      <trkpt lat="41.32779275" lon="-72.94589088">
        <time>2026-09-07T12:59:15+00:00Z</time>
      </trkpt>
      <trkpt lat="41.32777263" lon="-72.94590429">
        <time>2026-09-07T12:59:16+00:00Z</time>
      </trkpt>
      <trkpt lat="41.32775176" lon="-72.94591879">
        <time>2026-09-07T12:59:17+00:00Z</time>
      </trkpt>
      <trkpt lat="41.32773550" lon="-72.94592408">
        <time>2026-09-07T12:59:18+00:00Z</time>
      </trkpt>
      <trkpt lat="41.32771178" lon="-72.94594335">
        <time>2026-09-07T12:59:19+00:00Z</time>
      </trkpt>
      <trkpt lat="41.32769778" lon="-72.94594855">
        <time>2026-09-07T12:59:20+00:00Z</time>
      </trkpt>
      <trkpt lat="41.32767515" lon="-72.94596640">
        <time>2026-09-07T12:59:21+00:00Z</time>
      </trkpt>
      <trkpt lat="41.32766082" lon="-72.94597596">
        <time>2026-09-07T12:59:22+00:00Z</time>
      </trkpt>
      <trkpt lat="41.32764137" lon="-72.94599281">
        <time>2026-09-07T12:59:23+00:00Z</time>
      </trkpt>
      <trkpt lat="41.32762377" lon="-72.94600379">
        <time>2026-09-07T12:59:24+00:00Z</time>
      </trkpt>
      <trkpt lat="41.32760089" lon="-72.94602038">
        <time>2026-09-07T12:59:25+00:00Z</time>
      </trkpt>
      <trkpt lat="41.32758664" lon="-72.94603120">
        <time>2026-09-07T12:59:26+00:00Z</time>
      </trkpt>
      <trkpt lat="41.32756543" lon="-72.94604595">
        <time>2026-09-07T12:59:27+00:00Z</time>
      </trkpt>
      <trkpt lat="41.32754683" lon="-72.94605567">
        <time>2026-09-07T12:59:28+00:00Z</time>
      </trkpt>
      <trkpt lat="41.32752956" lon="-72.94606439">
        <time>2026-09-07T12:59:29+00:00Z</time>
      </trkpt>
      <trkpt lat="41.32750751" lon="-72.94608015">
        <time>2026-09-07T12:59:30+00:00Z</time>
      </trkpt>
      <trkpt lat="41.32748866" lon="-72.94608735">
        <time>2026-09-07T12:59:31+00:00Z</time>
      </trkpt>
      <trkpt lat="41.32746535" lon="-72.94610085">
        <time>2026-09-07T12:59:32+00:00Z</time>
      </trkpt>
      <trkpt lat="41.32744725" lon="-72.94611116">
        <time>2026-09-07T12:59:33+00:00Z</time>
      </trkpt>
      <trkpt lat="41.32742495" lon="-72.94612650">
        <time>2026-09-07T12:59:34+00:00Z</time>
      </trkpt>
      <trkpt lat="41.32740760" lon="-72.94613756">
        <time>2026-09-07T12:59:35+00:00Z</time>
      </trkpt>
      <trkpt lat="41.32738547" lon="-72.94615466">
        <time>2026-09-07T12:59:36+00:00Z</time>
      </trkpt>
      <trkpt lat="41.32736821" lon="-72.94616967">
        <time>2026-09-07T12:59:37+00:00Z</time>
      </trkpt>
      <trkpt lat="41.32735069" lon="-72.94617972">
        <time>2026-09-07T12:59:38+00:00Z</time>
      </trkpt>
      <trkpt lat="41.32733082" lon="-72.94619179">
        <time>2026-09-07T12:59:39+00:00Z</time>
      </trkpt>
      <trkpt lat="41.32731146" lon="-72.94619791">
        <time>2026-09-07T12:59:40+00:00Z</time>
      </trkpt>
      <trkpt lat="41.32729109" lon="-72.94621040">
        <time>2026-09-07T12:59:41+00:00Z</time>
      </trkpt>
      <trkpt lat="41.32727399" lon="-72.94621971">
        <time>2026-09-07T12:59:42+00:00Z</time>
      </trkpt>
      <trkpt lat="41.32724910" lon="-72.94623462">
        <time>2026-09-07T12:59:43+00:00Z</time>
      </trkpt>
      <trkpt lat="41.32723267" lon="-72.94624208">
        <time>2026-09-07T12:59:44+00:00Z</time>
      </trkpt>
      <trkpt lat="41.32721172" lon="-72.94625734">
        <time>2026-09-07T12:59:45+00:00Z</time>
      </trkpt>
      <trkpt lat="41.32719613" lon="-72.94626581">
        <time>2026-09-07T12:59:46+00:00Z</time>
      </trkpt>
      <trkpt lat="41.32717534" lon="-72.94628047">
        <time>2026-09-07T12:59:47+00:00Z</time>
      </trkpt>
      <trkpt lat="41.32715807" lon="-72.94629397">
        <time>2026-09-07T12:59:48+00:00Z</time>
      </trkpt>
      <trkpt lat="41.32713737" lon="-72.94630269">
        <time>2026-09-07T12:59:49+00:00Z</time>
      </trkpt>
      <trkpt lat="41.32711583" lon="-72.94631677">
        <time>2026-09-07T12:59:50+00:00Z</time>
      </trkpt>
      <trkpt lat="41.32709705" lon="-72.94632448">
        <time>2026-09-07T12:59:51+00:00Z</time>
      </trkpt>
      <trkpt lat="41.32707098" lon="-72.94634300">
        <time>2026-09-07T12:59:52+00:00Z</time>
      </trkpt>
      <trkpt lat="41.32705129" lon="-72.94635197">
        <time>2026-09-07T12:59:53+00:00Z</time>
      </trkpt>
      <trkpt lat="41.32702773" lon="-72.94636681">
        <time>2026-09-07T12:59:54+00:00Z</time>
      </trkpt>
      <trkpt lat="41.32700770" lon="-72.94637871">
        <time>2026-09-07T12:59:55+00:00Z</time>
      </trkpt>
      <trkpt lat="41.32698415" lon="-72.94639472">
        <time>2026-09-07T12:59:56+00:00Z</time>
      </trkpt>
      <trkpt lat="41.32696462" lon="-72.94640821">
        <time>2026-09-07T12:59:57+00:00Z</time>
      </trkpt>
      <trkpt lat="41.32694132" lon="-72.94642238">
        <time>2026-09-07T12:59:58+00:00Z</time>
      </trkpt>
      <trkpt lat="41.32692195" lon="-72.94643277">
        <time>2026-09-07T12:59:59+00:00Z</time>
      </trkpt>
      <trkpt lat="41.32690142" lon="-72.94644300">
        <time>2026-09-07T13:00:00+00:00Z</time>
      </trkpt>
      <trkpt lat="41.32687870" lon="-72.94645675">
        <time>2026-09-07T13:00:01+00:00Z</time>
      </trkpt>
      <trkpt lat="41.32686018" lon="-72.94646747">
        <time>2026-09-07T13:00:02+00:00Z</time>
      </trkpt>
      <trkpt lat="41.32683780" lon="-72.94648323">
        <time>2026-09-07T13:00:03+00:00Z</time>
      </trkpt>
      <trkpt lat="41.32681584" lon="-72.94649715">
        <time>2026-09-07T13:00:04+00:00Z</time>
      </trkpt>
      <trkpt lat="41.32679447" lon="-72.94651047">
        <time>2026-09-07T13:00:05+00:00Z</time>
      </trkpt>
      <trkpt lat="41.32676932" lon="-72.94652623">
        <time>2026-09-07T13:00:06+00:00Z</time>
      </trkpt>
      <trkpt lat="41.32674627" lon="-72.94654056">
        <time>2026-09-07T13:00:07+00:00Z</time>
      </trkpt>
      <trkpt lat="41.32672221" lon="-72.94655657">
        <time>2026-09-07T13:00:08+00:00Z</time>
      </trkpt>
      <trkpt lat="41.32670285" lon="-72.94656839">
        <time>2026-09-07T13:00:09+00:00Z</time>
      </trkpt>
      <trkpt lat="41.32667955" lon="-72.94658599">
        <time>2026-09-07T13:00:10+00:00Z</time>
      </trkpt>
      <trkpt lat="41.32666002" lon="-72.94659823">
        <time>2026-09-07T13:00:11+00:00Z</time>
      </trkpt>
      <trkpt lat="41.32663714" lon="-72.94661433">
        <time>2026-09-07T13:00:12+00:00Z</time>
      </trkpt>
      <trkpt lat="41.32661719" lon="-72.94662539">
        <time>2026-09-07T13:00:13+00:00Z</time>
      </trkpt>
      <trkpt lat="41.32659498" lon="-72.94663738">
        <time>2026-09-07T13:00:14+00:00Z</time>
      </trkpt>
      <trkpt lat="41.32657084" lon="-72.94665875">
        <time>2026-09-07T13:00:15+00:00Z</time>
      </trkpt>
      <trkpt lat="41.32655231" lon="-72.94666244">
        <time>2026-09-07T13:00:16+00:00Z</time>
      </trkpt>
      <trkpt lat="41.32652692" lon="-72.94667878">
        <time>2026-09-07T13:00:17+00:00Z</time>
      </trkpt>
      <trkpt lat="41.32650889" lon="-72.94668557">
        <time>2026-09-07T13:00:18+00:00Z</time>
      </trkpt>
      <trkpt lat="41.32648861" lon="-72.94669630">
        <time>2026-09-07T13:00:19+00:00Z</time>
      </trkpt>
      <trkpt lat="41.32646908" lon="-72.94670577">
        <time>2026-09-07T13:00:20+00:00Z</time>
      </trkpt>
      <trkpt lat="41.32645031" lon="-72.94671474">
        <time>2026-09-07T13:00:21+00:00Z</time>
      </trkpt>
      <trkpt lat="41.32643186" lon="-72.94672748">
        <time>2026-09-07T13:00:22+00:00Z</time>
      </trkpt>
      <trkpt lat="41.32641200" lon="-72.94673419">
        <time>2026-09-07T13:00:23+00:00Z</time>
      </trkpt>
      <trkpt lat="41.32638467" lon="-72.94675623">
        <time>2026-09-07T13:00:24+00:00Z</time>
      </trkpt>
      <trkpt lat="41.32636783" lon="-72.94676403">
        <time>2026-09-07T13:00:25+00:00Z</time>
      </trkpt>
      <trkpt lat="41.32634209" lon="-72.94678465">
        <time>2026-09-07T13:00:26+00:00Z</time>
      </trkpt>
      <trkpt lat="41.32632399" lon="-72.94679278">
        <time>2026-09-07T13:00:27+00:00Z</time>
      </trkpt>
      <trkpt lat="41.32629549" lon="-72.94681122">
        <time>2026-09-07T13:00:28+00:00Z</time>
      </trkpt>
      <trkpt lat="41.32627713" lon="-72.94682035">
        <time>2026-09-07T13:00:29+00:00Z</time>
      </trkpt>
      <trkpt lat="41.32625576" lon="-72.94683846">
        <time>2026-09-07T13:00:30+00:00Z</time>
      </trkpt>
      <trkpt lat="41.32623707" lon="-72.94685162">
        <time>2026-09-07T13:00:31+00:00Z</time>
      </trkpt>
      <trkpt lat="41.32622190" lon="-72.94686293">
        <time>2026-09-07T13:00:32+00:00Z</time>
      </trkpt>
      <trkpt lat="41.32620069" lon="-72.94688129">
        <time>2026-09-07T13:00:33+00:00Z</time>
      </trkpt>
      <trkpt lat="41.32618326" lon="-72.94688674">
        <time>2026-09-07T13:00:34+00:00Z</time>
      </trkpt>
      <trkpt lat="41.32615970" lon="-72.94690928">
        <time>2026-09-07T13:00:35+00:00Z</time>
      </trkpt>
      <trkpt lat="41.32614453" lon="-72.94691867">
        <time>2026-09-07T13:00:36+00:00Z</time>
      </trkpt>
      <trkpt lat="41.32611763" lon="-72.94693795">
        <time>2026-09-07T13:00:37+00:00Z</time>
      </trkpt>
      <trkpt lat="41.32610103" lon="-72.94694516">
        <time>2026-09-07T13:00:38+00:00Z</time>
      </trkpt>
      <trkpt lat="41.32607865" lon="-72.94696234">
        <time>2026-09-07T13:00:39+00:00Z</time>
      </trkpt>
      <trkpt lat="41.32606004" lon="-72.94697735">
        <time>2026-09-07T13:00:40+00:00Z</time>
      </trkpt>
      <trkpt lat="41.32604387" lon="-72.94699201">
        <time>2026-09-07T13:00:41+00:00Z</time>
      </trkpt>
      <trkpt lat="41.32602199" lon="-72.94700568">
        <time>2026-09-07T13:00:42+00:00Z</time>
      </trkpt>
      <trkpt lat="41.32600430" lon="-72.94700895">
        <time>2026-09-07T13:00:43+00:00Z</time>
      </trkpt>
      <trkpt lat="41.32597622" lon="-72.94702948">
        <time>2026-09-07T13:00:44+00:00Z</time>
      </trkpt>
      <trkpt lat="41.32595946" lon="-72.94703661">
        <time>2026-09-07T13:00:45+00:00Z</time>
      </trkpt>
      <trkpt lat="41.32593348" lon="-72.94705463">
        <time>2026-09-07T13:00:46+00:00Z</time>
      </trkpt>
      <trkpt lat="41.32591789" lon="-72.94706041">
        <time>2026-09-07T13:00:47+00:00Z</time>
      </trkpt>
      <trkpt lat="41.32589961" lon="-72.94707608">
        <time>2026-09-07T13:00:48+00:00Z</time>
      </trkpt>
      <trkpt lat="41.32587967" lon="-72.94708765">
        <time>2026-09-07T13:00:49+00:00Z</time>
      </trkpt>
      <trkpt lat="41.32585930" lon="-72.94709897">
        <time>2026-09-07T13:00:50+00:00Z</time>
      </trkpt>
      <trkpt lat="41.32583281" lon="-72.94711221">
        <time>2026-09-07T13:00:51+00:00Z</time>
      </trkpt>
      <trkpt lat="41.32581521" lon="-72.94711808">
        <time>2026-09-07T13:00:52+00:00Z</time>
      </trkpt>
      <trkpt lat="41.32578964" lon="-72.94713954">
        <time>2026-09-07T13:00:53+00:00Z</time>
      </trkpt>
      <trkpt lat="41.32577338" lon="-72.94714456">
        <time>2026-09-07T13:00:54+00:00Z</time>
      </trkpt>
      <trkpt lat="41.32575159" lon="-72.94716049">
        <time>2026-09-07T13:00:55+00:00Z</time>
      </trkpt>
      <trkpt lat="41.32572971" lon="-72.94717130">
        <time>2026-09-07T13:00:56+00:00Z</time>
      </trkpt>
      <trkpt lat="41.32570817" lon="-72.94717834">
        <time>2026-09-07T13:00:57+00:00Z</time>
      </trkpt>
      <trkpt lat="41.32568814" lon="-72.94718840">
        <time>2026-09-07T13:00:58+00:00Z</time>
      </trkpt>
      <trkpt lat="41.32567087" lon="-72.94719469">
        <time>2026-09-07T13:00:59+00:00Z</time>
      </trkpt>
      <trkpt lat="41.32564958" lon="-72.94721296">
        <time>2026-09-07T13:01:00+00:00Z</time>
      </trkpt>
      <trkpt lat="41.32563382" lon="-72.94721992">
        <time>2026-09-07T13:01:01+00:00Z</time>
      </trkpt>
      <trkpt lat="41.32560725" lon="-72.94723735">
        <time>2026-09-07T13:01:02+00:00Z</time>
      </trkpt>
      <trkpt lat="41.32558948" lon="-72.94724439">
        <time>2026-09-07T13:01:03+00:00Z</time>
      </trkpt>
      <trkpt lat="41.32556836" lon="-72.94725973">
        <time>2026-09-07T13:01:04+00:00Z</time>
      </trkpt>
      <trkpt lat="41.32554824" lon="-72.94727247">
        <time>2026-09-07T13:01:05+00:00Z</time>
      </trkpt>
      <trkpt lat="41.32553156" lon="-72.94728261">
        <time>2026-09-07T13:01:06+00:00Z</time>
      </trkpt>
      <trkpt lat="41.32550960" lon="-72.94730231">
        <time>2026-09-07T13:01:07+00:00Z</time>
      </trkpt>
      <trkpt lat="41.32548982" lon="-72.94730273">
        <time>2026-09-07T13:01:08+00:00Z</time>
      </trkpt>
      <trkpt lat="41.32546769" lon="-72.94731539">
        <time>2026-09-07T13:01:09+00:00Z</time>
      </trkpt>
      <trkpt lat="41.32545252" lon="-72.94732201">
        <time>2026-09-07T13:01:10+00:00Z</time>
      </trkpt>
      <trkpt lat="41.32542981" lon="-72.94734472">
        <time>2026-09-07T13:01:11+00:00Z</time>
      </trkpt>
      <trkpt lat="41.32540927" lon="-72.94734950">
        <time>2026-09-07T13:01:12+00:00Z</time>
      </trkpt>
      <trkpt lat="41.32538564" lon="-72.94736601">
        <time>2026-09-07T13:01:13+00:00Z</time>
      </trkpt>
      <trkpt lat="41.32536493" lon="-72.94737917">
        <time>2026-09-07T13:01:14+00:00Z</time>
      </trkpt>
      <trkpt lat="41.32534825" lon="-72.94739275">
        <time>2026-09-07T13:01:15+00:00Z</time>
      </trkpt>
      <trkpt lat="41.32532571" lon="-72.94741446">
        <time>2026-09-07T13:01:16+00:00Z</time>
      </trkpt>
      <trkpt lat="41.32530995" lon="-72.94742561">
        <time>2026-09-07T13:01:17+00:00Z</time>
      </trkpt>
      <trkpt lat="41.32529100" lon="-72.94744304">
        <time>2026-09-07T13:01:18+00:00Z</time>
      </trkpt>
      <trkpt lat="41.32527642" lon="-72.94745201">
        <time>2026-09-07T13:01:19+00:00Z</time>
      </trkpt>
      <trkpt lat="41.32525035" lon="-72.94746987">
        <time>2026-09-07T13:01:20+00:00Z</time>
      </trkpt>
      <trkpt lat="41.32523250" lon="-72.94747448">
        <time>2026-09-07T13:01:21+00:00Z</time>
      </trkpt>
      <trkpt lat="41.32520777" lon="-72.94749593">
        <time>2026-09-07T13:01:22+00:00Z</time>
      </trkpt>
      <trkpt lat="41.32519629" lon="-72.94750683">
        <time>2026-09-07T13:01:23+00:00Z</time>
      </trkpt>
      <trkpt lat="41.32517701" lon="-72.94752133">
        <time>2026-09-07T13:01:24+00:00Z</time>
      </trkpt>
      <trkpt lat="41.32515932" lon="-72.94753114">
        <time>2026-09-07T13:01:25+00:00Z</time>
      </trkpt>
      <trkpt lat="41.32513963" lon="-72.94754371">
        <time>2026-09-07T13:01:26+00:00Z</time>
      </trkpt>
      <trkpt lat="41.32512035" lon="-72.94755494">
        <time>2026-09-07T13:01:27+00:00Z</time>
      </trkpt>
      <trkpt lat="41.32509948" lon="-72.94757078">
        <time>2026-09-07T13:01:28+00:00Z</time>
      </trkpt>
      <trkpt lat="41.32507341" lon="-72.94759258">
        <time>2026-09-07T13:01:29+00:00Z</time>
      </trkpt>
      <trkpt lat="41.32505807" lon="-72.94760440">
        <time>2026-09-07T13:01:30+00:00Z</time>
      </trkpt>
      <trkpt lat="41.32503645" lon="-72.94762678">
        <time>2026-09-07T13:01:31+00:00Z</time>
      </trkpt>
      <trkpt lat="41.32502069" lon="-72.94763918">
        <time>2026-09-07T13:01:32+00:00Z</time>
      </trkpt>
      <trkpt lat="41.32499931" lon="-72.94765670">
        <time>2026-09-07T13:01:33+00:00Z</time>
      </trkpt>
      <trkpt lat="41.32498280" lon="-72.94766936">
        <time>2026-09-07T13:01:34+00:00Z</time>
      </trkpt>
      <trkpt lat="41.32496151" lon="-72.94768427">
        <time>2026-09-07T13:01:35+00:00Z</time>
      </trkpt>
      <trkpt lat="41.32494131" lon="-72.94769802">
        <time>2026-09-07T13:01:36+00:00Z</time>
      </trkpt>
      <trkpt lat="41.32492027" lon="-72.94770950">
        <time>2026-09-07T13:01:37+00:00Z</time>
      </trkpt>
      <trkpt lat="41.32489437" lon="-72.94772359">
        <time>2026-09-07T13:01:38+00:00Z</time>
      </trkpt>
      <trkpt lat="41.32487426" lon="-72.94772845">
        <time>2026-09-07T13:01:39+00:00Z</time>
      </trkpt>
      <trkpt lat="41.32484886" lon="-72.94774488">
        <time>2026-09-07T13:01:40+00:00Z</time>
      </trkpt>
      <trkpt lat="41.32482899" lon="-72.94775267">
        <time>2026-09-07T13:01:41+00:00Z</time>
      </trkpt>
      <trkpt lat="41.32480100" lon="-72.94777195">
        <time>2026-09-07T13:01:42+00:00Z</time>
      </trkpt>
      <trkpt lat="41.32478038" lon="-72.94778352">
        <time>2026-09-07T13:01:43+00:00Z</time>
      </trkpt>
      <trkpt lat="41.32475456" lon="-72.94780221">
        <time>2026-09-07T13:01:44+00:00Z</time>
      </trkpt>
      <trkpt lat="41.32472933" lon="-72.94782174">
        <time>2026-09-07T13:01:45+00:00Z</time>
      </trkpt>
      <trkpt lat="41.32470704" lon="-72.94782870">
        <time>2026-09-07T13:01:46+00:00Z</time>
      </trkpt>
      <trkpt lat="41.32467837" lon="-72.94784890">
        <time>2026-09-07T13:01:47+00:00Z</time>
      </trkpt>
      <trkpt lat="41.32465758" lon="-72.94785837">
        <time>2026-09-07T13:01:48+00:00Z</time>
      </trkpt>
      <trkpt lat="41.32463235" lon="-72.94788167">
        <time>2026-09-07T13:01:49+00:00Z</time>
      </trkpt>
      <trkpt lat="41.32461148" lon="-72.94789332">
        <time>2026-09-07T13:01:50+00:00Z</time>
      </trkpt>
      <trkpt lat="41.32458759" lon="-72.94790564">
        <time>2026-09-07T13:01:51+00:00Z</time>
      </trkpt>
      <trkpt lat="41.32456563" lon="-72.94792132">
        <time>2026-09-07T13:01:52+00:00Z</time>
      </trkpt>
      <trkpt lat="41.32454895" lon="-72.94793204">
        <time>2026-09-07T13:01:53+00:00Z</time>
      </trkpt>
      <trkpt lat="41.32452557" lon="-72.94795342">
        <time>2026-09-07T13:01:54+00:00Z</time>
      </trkpt>
      <trkpt lat="41.32450671" lon="-72.94795912">
        <time>2026-09-07T13:01:55+00:00Z</time>
      </trkpt>
      <trkpt lat="41.32448265" lon="-72.94797479">
        <time>2026-09-07T13:01:56+00:00Z</time>
      </trkpt>
      <trkpt lat="41.32446497" lon="-72.94798519">
        <time>2026-09-07T13:01:57+00:00Z</time>
      </trkpt>
      <trkpt lat="41.32444292" lon="-72.94800002">
        <time>2026-09-07T13:01:58+00:00Z</time>
      </trkpt>
      <trkpt lat="41.32442180" lon="-72.94800941">
        <time>2026-09-07T13:01:59+00:00Z</time>
      </trkpt>
      <trkpt lat="41.32440185" lon="-72.94801754">
        <time>2026-09-07T13:02:00+00:00Z</time>
      </trkpt>
      <trkpt lat="41.32437687" lon="-72.94803447">
        <time>2026-09-07T13:02:01+00:00Z</time>
      </trkpt>
      <trkpt lat="41.32435843" lon="-72.94804218">
        <time>2026-09-07T13:02:02+00:00Z</time>
      </trkpt>
      <trkpt lat="41.32433262" lon="-72.94805945">
        <time>2026-09-07T13:02:03+00:00Z</time>
      </trkpt>
      <trkpt lat="41.32431200" lon="-72.94807001">
        <time>2026-09-07T13:02:04+00:00Z</time>
      </trkpt>
      <trkpt lat="41.32428803" lon="-72.94808728">
        <time>2026-09-07T13:02:05+00:00Z</time>
      </trkpt>
      <trkpt lat="41.32426598" lon="-72.94810320">
        <time>2026-09-07T13:02:06+00:00Z</time>
      </trkpt>
      <trkpt lat="41.32424603" lon="-72.94811200">
        <time>2026-09-07T13:02:07+00:00Z</time>
      </trkpt>
      <trkpt lat="41.32422172" lon="-72.94812332">
        <time>2026-09-07T13:02:08+00:00Z</time>
      </trkpt>
      <trkpt lat="41.32420303" lon="-72.94813556">
        <time>2026-09-07T13:02:09+00:00Z</time>
      </trkpt>
      <trkpt lat="41.32417906" lon="-72.94815701">
        <time>2026-09-07T13:02:10+00:00Z</time>
      </trkpt>
      <trkpt lat="41.32415651" lon="-72.94817093">
        <time>2026-09-07T13:02:11+00:00Z</time>
      </trkpt>
      <trkpt lat="41.32413246" lon="-72.94819264">
        <time>2026-09-07T13:02:12+00:00Z</time>
      </trkpt>
      <trkpt lat="41.32411066" lon="-72.94821225">
        <time>2026-09-07T13:02:13+00:00Z</time>
      </trkpt>
      <trkpt lat="41.32409013" lon="-72.94821946">
        <time>2026-09-07T13:02:14+00:00Z</time>
      </trkpt>
      <trkpt lat="41.32406247" lon="-72.94824402">
        <time>2026-09-07T13:02:15+00:00Z</time>
      </trkpt>
      <trkpt lat="41.32404202" lon="-72.94825978">
        <time>2026-09-07T13:02:16+00:00Z</time>
      </trkpt>
      <trkpt lat="41.32401905" lon="-72.94827310">
        <time>2026-09-07T13:02:17+00:00Z</time>
      </trkpt>
      <trkpt lat="41.32399642" lon="-72.94828484">
        <time>2026-09-07T13:02:18+00:00Z</time>
      </trkpt>
      <trkpt lat="41.32397898" lon="-72.94829213">
        <time>2026-09-07T13:02:19+00:00Z</time>
      </trkpt>
      <trkpt lat="41.32395241" lon="-72.94830839">
        <time>2026-09-07T13:02:20+00:00Z</time>
      </trkpt>
      <trkpt lat="41.32393280" lon="-72.94831853">
        <time>2026-09-07T13:02:21+00:00Z</time>
      </trkpt>
      <trkpt lat="41.32391101" lon="-72.94833262">
        <time>2026-09-07T13:02:22+00:00Z</time>
      </trkpt>
      <trkpt lat="41.32388754" lon="-72.94834703">
        <time>2026-09-07T13:02:23+00:00Z</time>
      </trkpt>
      <trkpt lat="41.32386759" lon="-72.94835902">
        <time>2026-09-07T13:02:24+00:00Z</time>
      </trkpt>
      <trkpt lat="41.32384119" lon="-72.94838064">
        <time>2026-09-07T13:02:25+00:00Z</time>
      </trkpt>
      <trkpt lat="41.32382308" lon="-72.94839330">
        <time>2026-09-07T13:02:26+00:00Z</time>
      </trkpt>
      <trkpt lat="41.32380003" lon="-72.94841249">
        <time>2026-09-07T13:02:27+00:00Z</time>
      </trkpt>
      <trkpt lat="41.32377824" lon="-72.94843018">
        <time>2026-09-07T13:02:28+00:00Z</time>
      </trkpt>
      <trkpt lat="41.32375779" lon="-72.94844150">
        <time>2026-09-07T13:02:29+00:00Z</time>
      </trkpt>
      <trkpt lat="41.32372778" lon="-72.94845843">
        <time>2026-09-07T13:02:30+00:00Z</time>
      </trkpt>
      <trkpt lat="41.32370900" lon="-72.94846849">
        <time>2026-09-07T13:02:31+00:00Z</time>
      </trkpt>
      <trkpt lat="41.32368939" lon="-72.94847771">
        <time>2026-09-07T13:02:32+00:00Z</time>
      </trkpt>
      <trkpt lat="41.32366223" lon="-72.94849489">
        <time>2026-09-07T13:02:33+00:00Z</time>
      </trkpt>
      <trkpt lat="41.32364430" lon="-72.94849196">
        <time>2026-09-07T13:02:34+00:00Z</time>
      </trkpt>
      <trkpt lat="41.32361446" lon="-72.94850830">
        <time>2026-09-07T13:02:35+00:00Z</time>
      </trkpt>
      <trkpt lat="41.32359828" lon="-72.94851417">
        <time>2026-09-07T13:02:36+00:00Z</time>
      </trkpt>
      <trkpt lat="41.32357556" lon="-72.94853319">
        <time>2026-09-07T13:02:37+00:00Z</time>
      </trkpt>
      <trkpt lat="41.32355436" lon="-72.94854694">
        <time>2026-09-07T13:02:38+00:00Z</time>
      </trkpt>
      <trkpt lat="41.32353030" lon="-72.94855859">
        <time>2026-09-07T13:02:39+00:00Z</time>
      </trkpt>
      <trkpt lat="41.32350348" lon="-72.94857577">
        <time>2026-09-07T13:02:40+00:00Z</time>
      </trkpt>
      <trkpt lat="41.32348194" lon="-72.94859078">
        <time>2026-09-07T13:02:41+00:00Z</time>
      </trkpt>
      <trkpt lat="41.32345746" lon="-72.94860804">
        <time>2026-09-07T13:02:42+00:00Z</time>
      </trkpt>
      <trkpt lat="41.32343693" lon="-72.94861710">
        <time>2026-09-07T13:02:43+00:00Z</time>
      </trkpt>
      <trkpt lat="41.32341413" lon="-72.94863428">
        <time>2026-09-07T13:02:44+00:00Z</time>
      </trkpt>
      <trkpt lat="41.32339284" lon="-72.94865188">
        <time>2026-09-07T13:02:45+00:00Z</time>
      </trkpt>
      <trkpt lat="41.32337264" lon="-72.94866496">
        <time>2026-09-07T13:02:46+00:00Z</time>
      </trkpt>
      <trkpt lat="41.32334766" lon="-72.94868994">
        <time>2026-09-07T13:02:47+00:00Z</time>
      </trkpt>
      <trkpt lat="41.32332620" lon="-72.94870427">
        <time>2026-09-07T13:02:48+00:00Z</time>
      </trkpt>
      <trkpt lat="41.32330265" lon="-72.94872891">
        <time>2026-09-07T13:02:49+00:00Z</time>
      </trkpt>
      <trkpt lat="41.32328572" lon="-72.94874090">
        <time>2026-09-07T13:02:50+00:00Z</time>
      </trkpt>
      <trkpt lat="41.32326175" lon="-72.94875758">
        <time>2026-09-07T13:02:51+00:00Z</time>
      </trkpt>
      <trkpt lat="41.32323978" lon="-72.94876780">
        <time>2026-09-07T13:02:52+00:00Z</time>
      </trkpt>
      <trkpt lat="41.32322319" lon="-72.94878088">
        <time>2026-09-07T13:02:53+00:00Z</time>
      </trkpt>
      <trkpt lat="41.32319754" lon="-72.94879555">
        <time>2026-09-07T13:02:54+00:00Z</time>
      </trkpt>
      <trkpt lat="41.32317684" lon="-72.94880619">
        <time>2026-09-07T13:02:55+00:00Z</time>
      </trkpt>
      <trkpt lat="41.32314867" lon="-72.94882581">
        <time>2026-09-07T13:02:56+00:00Z</time>
      </trkpt>
      <trkpt lat="41.32312696" lon="-72.94883343">
        <time>2026-09-07T13:02:57+00:00Z</time>
      </trkpt>
      <trkpt lat="41.32310065" lon="-72.94884902">
        <time>2026-09-07T13:02:58+00:00Z</time>
      </trkpt>
      <trkpt lat="41.32308179" lon="-72.94885816">
        <time>2026-09-07T13:02:59+00:00Z</time>
      </trkpt>
      <trkpt lat="41.32305907" lon="-72.94886780">
        <time>2026-09-07T13:03:00+00:00Z</time>
      </trkpt>
      <trkpt lat="41.32303652" lon="-72.94887694">
        <time>2026-09-07T13:03:01+00:00Z</time>
      </trkpt>
      <trkpt lat="41.32302202" lon="-72.94888297">
        <time>2026-09-07T13:03:02+00:00Z</time>
      </trkpt>
      <trkpt lat="41.32299478" lon="-72.94889722">
        <time>2026-09-07T13:03:03+00:00Z</time>
      </trkpt>
      <trkpt lat="41.32297517" lon="-72.94890191">
        <time>2026-09-07T13:03:04+00:00Z</time>
      </trkpt>
      <trkpt lat="41.32294600" lon="-72.94891021">
        <time>2026-09-07T13:03:05+00:00Z</time>
      </trkpt>
      <trkpt lat="41.32292504" lon="-72.94891432">
        <time>2026-09-07T13:03:06+00:00Z</time>
      </trkpt>
      <trkpt lat="41.32290082" lon="-72.94892320">
        <time>2026-09-07T13:03:07+00:00Z</time>
      </trkpt>
      <trkpt lat="41.32287702" lon="-72.94892471">
        <time>2026-09-07T13:03:08+00:00Z</time>
      </trkpt>
      <trkpt lat="41.32285673" lon="-72.94893201">
        <time>2026-09-07T13:03:09+00:00Z</time>
      </trkpt>
      <trkpt lat="41.32283184" lon="-72.94894642">
        <time>2026-09-07T13:03:10+00:00Z</time>
      </trkpt>
      <trkpt lat="41.32281541" lon="-72.94896008">
        <time>2026-09-07T13:03:11+00:00Z</time>
      </trkpt>
      <trkpt lat="41.32279253" lon="-72.94897702">
        <time>2026-09-07T13:03:12+00:00Z</time>
      </trkpt>
      <trkpt lat="41.32277409" lon="-72.94898456">
        <time>2026-09-07T13:03:13+00:00Z</time>
      </trkpt>
      <trkpt lat="41.32275020" lon="-72.94899588">
        <time>2026-09-07T13:03:14+00:00Z</time>
      </trkpt>
      <trkpt lat="41.32272975" lon="-72.94900107">
        <time>2026-09-07T13:03:15+00:00Z</time>
      </trkpt>
      <trkpt lat="41.32270250" lon="-72.94900778">
        <time>2026-09-07T13:03:16+00:00Z</time>
      </trkpt>
      <trkpt lat="41.32267895" lon="-72.94901432">
        <time>2026-09-07T13:03:17+00:00Z</time>
      </trkpt>
      <trkpt lat="41.32265749" lon="-72.94901901">
        <time>2026-09-07T13:03:18+00:00Z</time>
      </trkpt>
      <trkpt lat="41.32262841" lon="-72.94903695">
        <time>2026-09-07T13:03:19+00:00Z</time>
      </trkpt>
      <trkpt lat="41.32260963" lon="-72.94904457">
        <time>2026-09-07T13:03:20+00:00Z</time>
      </trkpt>
      <trkpt lat="41.32258457" lon="-72.94905463">
        <time>2026-09-07T13:03:21+00:00Z</time>
      </trkpt>
      <trkpt lat="41.32256236" lon="-72.94905824">
        <time>2026-09-07T13:03:22+00:00Z</time>
      </trkpt>
      <trkpt lat="41.32253931" lon="-72.94906553">
        <time>2026-09-07T13:03:23+00:00Z</time>
      </trkpt>
      <trkpt lat="41.32251341" lon="-72.94907651">
        <time>2026-09-07T13:03:24+00:00Z</time>
      </trkpt>
      <trkpt lat="41.32249438" lon="-72.94908330">
        <time>2026-09-07T13:03:25+00:00Z</time>
      </trkpt>
      <trkpt lat="41.32246999" lon="-72.94909688">
        <time>2026-09-07T13:03:26+00:00Z</time>
      </trkpt>
      <trkpt lat="41.32244946" lon="-72.94910325">
        <time>2026-09-07T13:03:27+00:00Z</time>
      </trkpt>
      <trkpt lat="41.32242389" lon="-72.94911481">
        <time>2026-09-07T13:03:28+00:00Z</time>
      </trkpt>
      <trkpt lat="41.32240335" lon="-72.94912219">
        <time>2026-09-07T13:03:29+00:00Z</time>
      </trkpt>
      <trkpt lat="41.32238064" lon="-72.94913116">
        <time>2026-09-07T13:03:30+00:00Z</time>
      </trkpt>
      <trkpt lat="41.32235424" lon="-72.94914130">
        <time>2026-09-07T13:03:31+00:00Z</time>
      </trkpt>
      <trkpt lat="41.32233202" lon="-72.94914935">
        <time>2026-09-07T13:03:32+00:00Z</time>
      </trkpt>
      <trkpt lat="41.32230252" lon="-72.94916251">
        <time>2026-09-07T13:03:33+00:00Z</time>
      </trkpt>
      <trkpt lat="41.32228131" lon="-72.94916410">
        <time>2026-09-07T13:03:34+00:00Z</time>
      </trkpt>
      <trkpt lat="41.32225458" lon="-72.94916863">
        <time>2026-09-07T13:03:35+00:00Z</time>
      </trkpt>
      <trkpt lat="41.32222624" lon="-72.94917483">
        <time>2026-09-07T13:03:36+00:00Z</time>
      </trkpt>
      <trkpt lat="41.32220630" lon="-72.94917843">
        <time>2026-09-07T13:03:37+00:00Z</time>
      </trkpt>
      <trkpt lat="41.32218023" lon="-72.94918489">
        <time>2026-09-07T13:03:38+00:00Z</time>
      </trkpt>
      <trkpt lat="41.32216011" lon="-72.94918690">
        <time>2026-09-07T13:03:39+00:00Z</time>
      </trkpt>
      <trkpt lat="41.32213622" lon="-72.94919235">
        <time>2026-09-07T13:03:40+00:00Z</time>
      </trkpt>
      <trkpt lat="41.32211460" lon="-72.94919536">
        <time>2026-09-07T13:03:41+00:00Z</time>
      </trkpt>
      <trkpt lat="41.32209381" lon="-72.94919855">
        <time>2026-09-07T13:03:42+00:00Z</time>
      </trkpt>
      <trkpt lat="41.32206674" lon="-72.94920526">
        <time>2026-09-07T13:03:43+00:00Z</time>
      </trkpt>
      <trkpt lat="41.32204662" lon="-72.94920601">
        <time>2026-09-07T13:03:44+00:00Z</time>
      </trkpt>
      <trkpt lat="41.32201795" lon="-72.94921188">
        <time>2026-09-07T13:03:45+00:00Z</time>
      </trkpt>
      <trkpt lat="41.32199683" lon="-72.94921339">
        <time>2026-09-07T13:03:46+00:00Z</time>
      </trkpt>
      <trkpt lat="41.32197118" lon="-72.94922269">
        <time>2026-09-07T13:03:47+00:00Z</time>
      </trkpt>
      <trkpt lat="41.32194688" lon="-72.94922470">
        <time>2026-09-07T13:03:48+00:00Z</time>
      </trkpt>
      <trkpt lat="41.32192307" lon="-72.94922671">
        <time>2026-09-07T13:03:49+00:00Z</time>
      </trkpt>
      <trkpt lat="41.32189818" lon="-72.94923099">
        <time>2026-09-07T13:03:50+00:00Z</time>
      </trkpt>
      <trkpt lat="41.32188032" lon="-72.94923157">
        <time>2026-09-07T13:03:51+00:00Z</time>
      </trkpt>
      <trkpt lat="41.32185484" lon="-72.94923300">
        <time>2026-09-07T13:03:52+00:00Z</time>
      </trkpt>
      <trkpt lat="41.32183447" lon="-72.94923300">
        <time>2026-09-07T13:03:53+00:00Z</time>
      </trkpt>
      <trkpt lat="41.32181235" lon="-72.94923535">
        <time>2026-09-07T13:03:54+00:00Z</time>
      </trkpt>
      <trkpt lat="41.32178955" lon="-72.94923535">
        <time>2026-09-07T13:03:55+00:00Z</time>
      </trkpt>
      <trkpt lat="41.32176683" lon="-72.94923426">
        <time>2026-09-07T13:03:56+00:00Z</time>
      </trkpt>
      <trkpt lat="41.32173691" lon="-72.94924356">
        <time>2026-09-07T13:03:57+00:00Z</time>
      </trkpt>
      <trkpt lat="41.32171478" lon="-72.94924482">
        <time>2026-09-07T13:03:58+00:00Z</time>
      </trkpt>
      <trkpt lat="41.32168871" lon="-72.94924767">
        <time>2026-09-07T13:03:59+00:00Z</time>
      </trkpt>
      <trkpt lat="41.32166667" lon="-72.94924758">
        <time>2026-09-07T13:04:00+00:00Z</time>
      </trkpt>
      <trkpt lat="41.32164521" lon="-72.94924666">
        <time>2026-09-07T13:04:01+00:00Z</time>
      </trkpt>
      <trkpt lat="41.32161898" lon="-72.94925865">
        <time>2026-09-07T13:04:02+00:00Z</time>
      </trkpt>
      <trkpt lat="41.32160154" lon="-72.94925722">
        <time>2026-09-07T13:04:03+00:00Z</time>
      </trkpt>
      <trkpt lat="41.32157531" lon="-72.94926267">
        <time>2026-09-07T13:04:04+00:00Z</time>
      </trkpt>
      <trkpt lat="41.32155293" lon="-72.94926577">
        <time>2026-09-07T13:04:05+00:00Z</time>
      </trkpt>
      <trkpt lat="41.32153063" lon="-72.94926510">
        <time>2026-09-07T13:04:06+00:00Z</time>
      </trkpt>
      <trkpt lat="41.32150599" lon="-72.94926410">
        <time>2026-09-07T13:04:07+00:00Z</time>
      </trkpt>
      <trkpt lat="41.32148336" lon="-72.94926334">
        <time>2026-09-07T13:04:08+00:00Z</time>
      </trkpt>
      <trkpt lat="41.32145863" lon="-72.94926401">
        <time>2026-09-07T13:04:09+00:00Z</time>
      </trkpt>
      <trkpt lat="41.32143851" lon="-72.94926007">
        <time>2026-09-07T13:04:10+00:00Z</time>
      </trkpt>
      <trkpt lat="41.32141161" lon="-72.94925882">
        <time>2026-09-07T13:04:11+00:00Z</time>
      </trkpt>
      <trkpt lat="41.32138898" lon="-72.94925915">
        <time>2026-09-07T13:04:12+00:00Z</time>
      </trkpt>
      <trkpt lat="41.32136744" lon="-72.94926200">
        <time>2026-09-07T13:04:13+00:00Z</time>
      </trkpt>
      <trkpt lat="41.32134179" lon="-72.94926770">
        <time>2026-09-07T13:04:14+00:00Z</time>
      </trkpt>
      <trkpt lat="41.32132050" lon="-72.94926795">
        <time>2026-09-07T13:04:15+00:00Z</time>
      </trkpt>
      <trkpt lat="41.32129468" lon="-72.94927365">
        <time>2026-09-07T13:04:16+00:00Z</time>
      </trkpt>
      <trkpt lat="41.32127616" lon="-72.94927508">
        <time>2026-09-07T13:04:17+00:00Z</time>
      </trkpt>
      <trkpt lat="41.32125353" lon="-72.94926971">
        <time>2026-09-07T13:04:18+00:00Z</time>
      </trkpt>
      <trkpt lat="41.32123156" lon="-72.94926887">
        <time>2026-09-07T13:04:19+00:00Z</time>
      </trkpt>
      <trkpt lat="41.32121229" lon="-72.94926602">
        <time>2026-09-07T13:04:20+00:00Z</time>
      </trkpt>
      <trkpt lat="41.32118639" lon="-72.94926854">
        <time>2026-09-07T13:04:21+00:00Z</time>
      </trkpt>
      <trkpt lat="41.32116803" lon="-72.94926778">
        <time>2026-09-07T13:04:22+00:00Z</time>
      </trkpt>
      <trkpt lat="41.32114557" lon="-72.94927114">
        <time>2026-09-07T13:04:23+00:00Z</time>
      </trkpt>
      <trkpt lat="41.32112361" lon="-72.94926938">
        <time>2026-09-07T13:04:24+00:00Z</time>
      </trkpt>
      <trkpt lat="41.32110156" lon="-72.94926192">
        <time>2026-09-07T13:04:25+00:00Z</time>
      </trkpt>
      <trkpt lat="41.32107549" lon="-72.94925814">
        <time>2026-09-07T13:04:26+00:00Z</time>
      </trkpt>
      <trkpt lat="41.32105420" lon="-72.94925513">
        <time>2026-09-07T13:04:27+00:00Z</time>
      </trkpt>
      <trkpt lat="41.32102453" lon="-72.94925848">
        <time>2026-09-07T13:04:28+00:00Z</time>
      </trkpt>
      <trkpt lat="41.32100341" lon="-72.94925563">
        <time>2026-09-07T13:04:29+00:00Z</time>
      </trkpt>
      <trkpt lat="41.32097751" lon="-72.94925270">
        <time>2026-09-07T13:04:30+00:00Z</time>
      </trkpt>
      <trkpt lat="41.32095303" lon="-72.94924960">
        <time>2026-09-07T13:04:31+00:00Z</time>
      </trkpt>
      <trkpt lat="41.32092948" lon="-72.94924951">
        <time>2026-09-07T13:04:32+00:00Z</time>
      </trkpt>
      <trkpt lat="41.32090224" lon="-72.94924859">
        <time>2026-09-07T13:04:33+00:00Z</time>
      </trkpt>
      <trkpt lat="41.32088036" lon="-72.94924373">
        <time>2026-09-07T13:04:34+00:00Z</time>
      </trkpt>
      <trkpt lat="41.32085446" lon="-72.94924046">
        <time>2026-09-07T13:04:35+00:00Z</time>
      </trkpt>
      <trkpt lat="41.32083158" lon="-72.94923493">
        <time>2026-09-07T13:04:36+00:00Z</time>
      </trkpt>
      <trkpt lat="41.32080560" lon="-72.94922998">
        <time>2026-09-07T13:04:37+00:00Z</time>
      </trkpt>
      <trkpt lat="41.32078112" lon="-72.94922763">
        <time>2026-09-07T13:04:38+00:00Z</time>
      </trkpt>
      <trkpt lat="41.32075572" lon="-72.94922831">
        <time>2026-09-07T13:04:39+00:00Z</time>
      </trkpt>
      <trkpt lat="41.32072991" lon="-72.94922822">
        <time>2026-09-07T13:04:40+00:00Z</time>
      </trkpt>
      <trkpt lat="41.32070971" lon="-72.94922663">
        <time>2026-09-07T13:04:41+00:00Z</time>
      </trkpt>
      <trkpt lat="41.32068808" lon="-72.94922478">
        <time>2026-09-07T13:04:42+00:00Z</time>
      </trkpt>
      <trkpt lat="41.32066285" lon="-72.94922302">
        <time>2026-09-07T13:04:43+00:00Z</time>
      </trkpt>
      <trkpt lat="41.32064374" lon="-72.94921934">
        <time>2026-09-07T13:04:44+00:00Z</time>
      </trkpt>
      <trkpt lat="41.32061918" lon="-72.94922101">
        <time>2026-09-07T13:04:45+00:00Z</time>
      </trkpt>
      <trkpt lat="41.32060049" lon="-72.94921448">
        <time>2026-09-07T13:04:46+00:00Z</time>
      </trkpt>
      <trkpt lat="41.32057610" lon="-72.94921313">
        <time>2026-09-07T13:04:47+00:00Z</time>
      </trkpt>
      <trkpt lat="41.32055322" lon="-72.94921129">
        <time>2026-09-07T13:04:48+00:00Z</time>
      </trkpt>
      <trkpt lat="41.32053218" lon="-72.94921045">
        <time>2026-09-07T13:04:49+00:00Z</time>
      </trkpt>
      <trkpt lat="41.32050795" lon="-72.94921037">
        <time>2026-09-07T13:04:50+00:00Z</time>
      </trkpt>
      <trkpt lat="41.32048851" lon="-72.94921137">
        <time>2026-09-07T13:04:51+00:00Z</time>
      </trkpt>
      <trkpt lat="41.32045976" lon="-72.94921724">
        <time>2026-09-07T13:04:52+00:00Z</time>
      </trkpt>
      <trkpt lat="41.32043981" lon="-72.94921473">
        <time>2026-09-07T13:04:53+00:00Z</time>
      </trkpt>
      <trkpt lat="41.32041508" lon="-72.94921313">
        <time>2026-09-07T13:04:54+00:00Z</time>
      </trkpt>
      <trkpt lat="41.32039371" lon="-72.94920894">
        <time>2026-09-07T13:04:55+00:00Z</time>
      </trkpt>
      <trkpt lat="41.32037351" lon="-72.94920702">
        <time>2026-09-07T13:04:56+00:00Z</time>
      </trkpt>
      <trkpt lat="41.32034568" lon="-72.94920919">
        <time>2026-09-07T13:04:57+00:00Z</time>
      </trkpt>
      <trkpt lat="41.32032372" lon="-72.94920316">
        <time>2026-09-07T13:04:58+00:00Z</time>
      </trkpt>
      <trkpt lat="41.32029698" lon="-72.94920978">
        <time>2026-09-07T13:04:59+00:00Z</time>
      </trkpt>
      <trkpt lat="41.32027360" lon="-72.94920425">
        <time>2026-09-07T13:05:00+00:00Z</time>
      </trkpt>
      <trkpt lat="41.32024745" lon="-72.94920249">
        <time>2026-09-07T13:05:01+00:00Z</time>
      </trkpt>
      <trkpt lat="41.32022624" lon="-72.94920324">
        <time>2026-09-07T13:05:02+00:00Z</time>
      </trkpt>
      <trkpt lat="41.32020436" lon="-72.94920626">
        <time>2026-09-07T13:05:03+00:00Z</time>
      </trkpt>
      <trkpt lat="41.32017779" lon="-72.94921280">
        <time>2026-09-07T13:05:04+00:00Z</time>
      </trkpt>
      <trkpt lat="41.32015985" lon="-72.94921347">
        <time>2026-09-07T13:05:05+00:00Z</time>
      </trkpt>
      <trkpt lat="41.32013689" lon="-72.94921448">
        <time>2026-09-07T13:05:06+00:00Z</time>
      </trkpt>
      <trkpt lat="41.32011350" lon="-72.94920953">
        <time>2026-09-07T13:05:07+00:00Z</time>
      </trkpt>
      <trkpt lat="41.32009347" lon="-72.94920559">
        <time>2026-09-07T13:05:08+00:00Z</time>
      </trkpt>
      <trkpt lat="41.32006397" lon="-72.94921498">
        <time>2026-09-07T13:05:09+00:00Z</time>
      </trkpt>
      <trkpt lat="41.32004594" lon="-72.94921439">
        <time>2026-09-07T13:05:10+00:00Z</time>
      </trkpt>
      <trkpt lat="41.32001619" lon="-72.94921464">
        <time>2026-09-07T13:05:11+00:00Z</time>
      </trkpt>
      <trkpt lat="41.31999305" lon="-72.94920844">
        <time>2026-09-07T13:05:12+00:00Z</time>
      </trkpt>
      <trkpt lat="41.31997168" lon="-72.94920542">
        <time>2026-09-07T13:05:13+00:00Z</time>
      </trkpt>
      <trkpt lat="41.31994159" lon="-72.94920643">
        <time>2026-09-07T13:05:14+00:00Z</time>
      </trkpt>
      <trkpt lat="41.31992181" lon="-72.94920551">
        <time>2026-09-07T13:05:15+00:00Z</time>
      </trkpt>
      <trkpt lat="41.31989147" lon="-72.94920919">
        <time>2026-09-07T13:05:16+00:00Z</time>
      </trkpt>
      <trkpt lat="41.31987076" lon="-72.94920668">
        <time>2026-09-07T13:05:17+00:00Z</time>
      </trkpt>
      <trkpt lat="41.31984562" lon="-72.94920098">
        <time>2026-09-07T13:05:18+00:00Z</time>
      </trkpt>
      <trkpt lat="41.31982223" lon="-72.94919386">
        <time>2026-09-07T13:05:19+00:00Z</time>
      </trkpt>
      <trkpt lat="41.31980161" lon="-72.94918824">
        <time>2026-09-07T13:05:20+00:00Z</time>
      </trkpt>
      <trkpt lat="41.31977295" lon="-72.94919168">
        <time>2026-09-07T13:05:21+00:00Z</time>
      </trkpt>
      <trkpt lat="41.31975157" lon="-72.94918438">
        <time>2026-09-07T13:05:22+00:00Z</time>
      </trkpt>
      <trkpt lat="41.31972215" lon="-72.94918254">
        <time>2026-09-07T13:05:23+00:00Z</time>
      </trkpt>
      <trkpt lat="41.31969994" lon="-72.94917625">
        <time>2026-09-07T13:05:24+00:00Z</time>
      </trkpt>
      <trkpt lat="41.31967463" lon="-72.94917156">
        <time>2026-09-07T13:05:25+00:00Z</time>
      </trkpt>
      <trkpt lat="41.31965107" lon="-72.94916905">
        <time>2026-09-07T13:05:26+00:00Z</time>
      </trkpt>
      <trkpt lat="41.31963029" lon="-72.94916796">
        <time>2026-09-07T13:05:27+00:00Z</time>
      </trkpt>
      <trkpt lat="41.31960472" lon="-72.94916997">
        <time>2026-09-07T13:05:28+00:00Z</time>
      </trkpt>
      <trkpt lat="41.31958351" lon="-72.94916628">
        <time>2026-09-07T13:05:29+00:00Z</time>
      </trkpt>
      <trkpt lat="41.31956055" lon="-72.94916578">
        <time>2026-09-07T13:05:30+00:00Z</time>
      </trkpt>
      <trkpt lat="41.31953943" lon="-72.94916418">
        <time>2026-09-07T13:05:31+00:00Z</time>
      </trkpt>
      <trkpt lat="41.31951436" lon="-72.94916159">
        <time>2026-09-07T13:05:32+00:00Z</time>
      </trkpt>
      <trkpt lat="41.31948469" lon="-72.94916335">
        <time>2026-09-07T13:05:33+00:00Z</time>
      </trkpt>
      <trkpt lat="41.31946198" lon="-72.94915932">
        <time>2026-09-07T13:05:34+00:00Z</time>
      </trkpt>
      <trkpt lat="41.31943465" lon="-72.94916402">
        <time>2026-09-07T13:05:35+00:00Z</time>
      </trkpt>
      <trkpt lat="41.31941403" lon="-72.94916410">
        <time>2026-09-07T13:05:36+00:00Z</time>
      </trkpt>
      <trkpt lat="41.31939383" lon="-72.94916200">
        <time>2026-09-07T13:05:37+00:00Z</time>
      </trkpt>
      <trkpt lat="41.31936684" lon="-72.94915957">
        <time>2026-09-07T13:05:38+00:00Z</time>
      </trkpt>
      <trkpt lat="41.31934421" lon="-72.94915547">
        <time>2026-09-07T13:05:39+00:00Z</time>
      </trkpt>
      <trkpt lat="41.31931228" lon="-72.94915471">
        <time>2026-09-07T13:05:40+00:00Z</time>
      </trkpt>
      <trkpt lat="41.31929099" lon="-72.94915253">
        <time>2026-09-07T13:05:41+00:00Z</time>
      </trkpt>
      <trkpt lat="41.31926567" lon="-72.94915379">
        <time>2026-09-07T13:05:42+00:00Z</time>
      </trkpt>
      <trkpt lat="41.31924262" lon="-72.94914884">
        <time>2026-09-07T13:05:43+00:00Z</time>
      </trkpt>
      <trkpt lat="41.31921555" lon="-72.94914373">
        <time>2026-09-07T13:05:44+00:00Z</time>
      </trkpt>
      <trkpt lat="41.31918957" lon="-72.94914222">
        <time>2026-09-07T13:05:45+00:00Z</time>
      </trkpt>
      <trkpt lat="41.31916760" lon="-72.94914432">
        <time>2026-09-07T13:05:46+00:00Z</time>
      </trkpt>
      <trkpt lat="41.31913802" lon="-72.94914298">
        <time>2026-09-07T13:05:47+00:00Z</time>
      </trkpt>
      <trkpt lat="41.31911840" lon="-72.94913460">
        <time>2026-09-07T13:05:48+00:00Z</time>
      </trkpt>
      <trkpt lat="41.31909217" lon="-72.94913325">
        <time>2026-09-07T13:05:49+00:00Z</time>
      </trkpt>
      <trkpt lat="41.31907105" lon="-72.94912948">
        <time>2026-09-07T13:05:50+00:00Z</time>
      </trkpt>
      <trkpt lat="41.31904925" lon="-72.94912529">
        <time>2026-09-07T13:05:51+00:00Z</time>
      </trkpt>
      <trkpt lat="41.31902008" lon="-72.94912026">
        <time>2026-09-07T13:05:52+00:00Z</time>
      </trkpt>
      <trkpt lat="41.31900206" lon="-72.94911037">
        <time>2026-09-07T13:05:53+00:00Z</time>
      </trkpt>
      <trkpt lat="41.31897231" lon="-72.94911255">
        <time>2026-09-07T13:05:54+00:00Z</time>
      </trkpt>
      <trkpt lat="41.31895118" lon="-72.94911423">
        <time>2026-09-07T13:05:55+00:00Z</time>
      </trkpt>
      <trkpt lat="41.31892788" lon="-72.94911473">
        <time>2026-09-07T13:05:56+00:00Z</time>
      </trkpt>
      <trkpt lat="41.31890450" lon="-72.94911565">
        <time>2026-09-07T13:05:57+00:00Z</time>
      </trkpt>
      <trkpt lat="41.31888388" lon="-72.94911976">
        <time>2026-09-07T13:05:58+00:00Z</time>
      </trkpt>
      <trkpt lat="41.31885462" lon="-72.94912915">
        <time>2026-09-07T13:05:59+00:00Z</time>
      </trkpt>
      <trkpt lat="41.31883442" lon="-72.94913686">
        <time>2026-09-07T13:06:00+00:00Z</time>
      </trkpt>
      <trkpt lat="41.31880836" lon="-72.94914474">
        <time>2026-09-07T13:06:01+00:00Z</time>
      </trkpt>
      <trkpt lat="41.31878866" lon="-72.94914608">
        <time>2026-09-07T13:06:02+00:00Z</time>
      </trkpt>
      <trkpt lat="41.31876972" lon="-72.94915505">
        <time>2026-09-07T13:06:03+00:00Z</time>
      </trkpt>
      <trkpt lat="41.31875094" lon="-72.94916452">
        <time>2026-09-07T13:06:04+00:00Z</time>
      </trkpt>
      <trkpt lat="41.31873099" lon="-72.94916879">
        <time>2026-09-07T13:06:05+00:00Z</time>
      </trkpt>
      <trkpt lat="41.31870434" lon="-72.94918153">
        <time>2026-09-07T13:06:06+00:00Z</time>
      </trkpt>
      <trkpt lat="41.31868263" lon="-72.94918531">
        <time>2026-09-07T13:06:07+00:00Z</time>
      </trkpt>
      <trkpt lat="41.31865413" lon="-72.94920316">
        <time>2026-09-07T13:06:08+00:00Z</time>
      </trkpt>
      <trkpt lat="41.31863175" lon="-72.94921070">
        <time>2026-09-07T13:06:09+00:00Z</time>
      </trkpt>
      <trkpt lat="41.31860929" lon="-72.94921867">
        <time>2026-09-07T13:06:10+00:00Z</time>
      </trkpt>
      <trkpt lat="41.31858381" lon="-72.94923468">
        <time>2026-09-07T13:06:11+00:00Z</time>
      </trkpt>
      <trkpt lat="41.31856612" lon="-72.94924146">
        <time>2026-09-07T13:06:12+00:00Z</time>
      </trkpt>
      <trkpt lat="41.31853838" lon="-72.94926275">
        <time>2026-09-07T13:06:13+00:00Z</time>
      </trkpt>
      <trkpt lat="41.31852086" lon="-72.94927399">
        <time>2026-09-07T13:06:14+00:00Z</time>
      </trkpt>
      <trkpt lat="41.31849756" lon="-72.94929310">
        <time>2026-09-07T13:06:15+00:00Z</time>
      </trkpt>
      <trkpt lat="41.31847400" lon="-72.94930123">
        <time>2026-09-07T13:06:16+00:00Z</time>
      </trkpt>
      <trkpt lat="41.31844793" lon="-72.94930525">
        <time>2026-09-07T13:06:17+00:00Z</time>
      </trkpt>
      <trkpt lat="41.31842606" lon="-72.94932000">
        <time>2026-09-07T13:06:18+00:00Z</time>
      </trkpt>
      <trkpt lat="41.31840938" lon="-72.94933015">
        <time>2026-09-07T13:06:19+00:00Z</time>
      </trkpt>
      <trkpt lat="41.31838130" lon="-72.94934968">
        <time>2026-09-07T13:06:20+00:00Z</time>
      </trkpt>
      <trkpt lat="41.31836076" lon="-72.94935755">
        <time>2026-09-07T13:06:21+00:00Z</time>
      </trkpt>
      <trkpt lat="41.31833553" lon="-72.94937138">
        <time>2026-09-07T13:06:22+00:00Z</time>
      </trkpt>
      <trkpt lat="41.31831416" lon="-72.94938010">
        <time>2026-09-07T13:06:23+00:00Z</time>
      </trkpt>
      <trkpt lat="41.31829178" lon="-72.94939301">
        <time>2026-09-07T13:06:24+00:00Z</time>
      </trkpt>
      <trkpt lat="41.31826714" lon="-72.94940709">
        <time>2026-09-07T13:06:25+00:00Z</time>
      </trkpt>
      <trkpt lat="41.31824870" lon="-72.94941371">
        <time>2026-09-07T13:06:26+00:00Z</time>
      </trkpt>
      <trkpt lat="41.31822162" lon="-72.94942478">
        <time>2026-09-07T13:06:27+00:00Z</time>
      </trkpt>
      <trkpt lat="41.31820134" lon="-72.94942897">
        <time>2026-09-07T13:06:28+00:00Z</time>
      </trkpt>
      <trkpt lat="41.31817510" lon="-72.94944162">
        <time>2026-09-07T13:06:29+00:00Z</time>
      </trkpt>
      <trkpt lat="41.31815490" lon="-72.94944934">
        <time>2026-09-07T13:06:30+00:00Z</time>
      </trkpt>
      <trkpt lat="41.31812925" lon="-72.94946417">
        <time>2026-09-07T13:06:31+00:00Z</time>
      </trkpt>
      <trkpt lat="41.31810721" lon="-72.94947390">
        <time>2026-09-07T13:06:32+00:00Z</time>
      </trkpt>
      <trkpt lat="41.31808491" lon="-72.94948538">
        <time>2026-09-07T13:06:33+00:00Z</time>
      </trkpt>
      <trkpt lat="41.31806094" lon="-72.94949510">
        <time>2026-09-07T13:06:34+00:00Z</time>
      </trkpt>
      <trkpt lat="41.31803839" lon="-72.94949770">
        <time>2026-09-07T13:06:35+00:00Z</time>
      </trkpt>
      <trkpt lat="41.31801526" lon="-72.94951497">
        <time>2026-09-07T13:06:36+00:00Z</time>
      </trkpt>
      <trkpt lat="41.31799573" lon="-72.94952000">
        <time>2026-09-07T13:06:37+00:00Z</time>
      </trkpt>
      <trkpt lat="41.31797645" lon="-72.94953601">
        <time>2026-09-07T13:06:38+00:00Z</time>
      </trkpt>
      <trkpt lat="41.31795810" lon="-72.94954648">
        <time>2026-09-07T13:06:39+00:00Z</time>
      </trkpt>
      <trkpt lat="41.31793940" lon="-72.94955579">
        <time>2026-09-07T13:06:40+00:00Z</time>
      </trkpt>
      <trkpt lat="41.31791552" lon="-72.94957163">
        <time>2026-09-07T13:06:41+00:00Z</time>
      </trkpt>
      <trkpt lat="41.31789641" lon="-72.94957900">
        <time>2026-09-07T13:06:42+00:00Z</time>
      </trkpt>
      <trkpt lat="41.31787336" lon="-72.94958697">
        <time>2026-09-07T13:06:43+00:00Z</time>
      </trkpt>
      <trkpt lat="41.31785131" lon="-72.94959887">
        <time>2026-09-07T13:06:44+00:00Z</time>
      </trkpt>
      <trkpt lat="41.31783153" lon="-72.94960842">
        <time>2026-09-07T13:06:45+00:00Z</time>
      </trkpt>
      <trkpt lat="41.31780571" lon="-72.94962645">
        <time>2026-09-07T13:06:46+00:00Z</time>
      </trkpt>
      <trkpt lat="41.31778895" lon="-72.94963047">
        <time>2026-09-07T13:06:47+00:00Z</time>
      </trkpt>
      <trkpt lat="41.31776003" lon="-72.94964371">
        <time>2026-09-07T13:06:48+00:00Z</time>
      </trkpt>
      <trkpt lat="41.31773656" lon="-72.94965285">
        <time>2026-09-07T13:06:49+00:00Z</time>
      </trkpt>
      <trkpt lat="41.31771158" lon="-72.94966643">
        <time>2026-09-07T13:06:50+00:00Z</time>
      </trkpt>
      <trkpt lat="41.31768770" lon="-72.94968202">
        <time>2026-09-07T13:06:51+00:00Z</time>
      </trkpt>
      <trkpt lat="41.31767018" lon="-72.94969283">
        <time>2026-09-07T13:06:52+00:00Z</time>
      </trkpt>
      <trkpt lat="41.31764109" lon="-72.94971362">
        <time>2026-09-07T13:06:53+00:00Z</time>
      </trkpt>
      <trkpt lat="41.31762366" lon="-72.94972544">
        <time>2026-09-07T13:06:54+00:00Z</time>
      </trkpt>
      <trkpt lat="41.31759985" lon="-72.94974295">
        <time>2026-09-07T13:06:55+00:00Z</time>
      </trkpt>
      <trkpt lat="41.31757529" lon="-72.94975670">
        <time>2026-09-07T13:06:56+00:00Z</time>
      </trkpt>
      <trkpt lat="41.31755568" lon="-72.94976148">
        <time>2026-09-07T13:06:57+00:00Z</time>
      </trkpt>
      <trkpt lat="41.31753137" lon="-72.94977514">
        <time>2026-09-07T13:06:58+00:00Z</time>
      </trkpt>
      <trkpt lat="41.31751352" lon="-72.94977833">
        <time>2026-09-07T13:06:59+00:00Z</time>
      </trkpt>
      <trkpt lat="41.31748804" lon="-72.94979501">
        <time>2026-09-07T13:07:00+00:00Z</time>
      </trkpt>
      <trkpt lat="41.31746851" lon="-72.94980607">
        <time>2026-09-07T13:07:01+00:00Z</time>
      </trkpt>
      <trkpt lat="41.31744646" lon="-72.94981806">
        <time>2026-09-07T13:07:02+00:00Z</time>
      </trkpt>
      <trkpt lat="41.31742484" lon="-72.94982870">
        <time>2026-09-07T13:07:03+00:00Z</time>
      </trkpt>
      <trkpt lat="41.31740313" lon="-72.94983541">
        <time>2026-09-07T13:07:04+00:00Z</time>
      </trkpt>
      <trkpt lat="41.31737421" lon="-72.94984739">
        <time>2026-09-07T13:07:05+00:00Z</time>
      </trkpt>
      <trkpt lat="41.31735133" lon="-72.94985200">
        <time>2026-09-07T13:07:06+00:00Z</time>
      </trkpt>
      <trkpt lat="41.31732954" lon="-72.94986801">
        <time>2026-09-07T13:07:07+00:00Z</time>
      </trkpt>
      <trkpt lat="41.31730707" lon="-72.94988100">
        <time>2026-09-07T13:07:08+00:00Z</time>
      </trkpt>
      <trkpt lat="41.31728729" lon="-72.94988251">
        <time>2026-09-07T13:07:09+00:00Z</time>
      </trkpt>
      <trkpt lat="41.31726273" lon="-72.94989500">
        <time>2026-09-07T13:07:10+00:00Z</time>
      </trkpt>
      <trkpt lat="41.31724228" lon="-72.94989911">
        <time>2026-09-07T13:07:11+00:00Z</time>
      </trkpt>
      <trkpt lat="41.31722141" lon="-72.94991361">
        <time>2026-09-07T13:07:12+00:00Z</time>
      </trkpt>
      <trkpt lat="41.31720138" lon="-72.94992325">
        <time>2026-09-07T13:07:13+00:00Z</time>
      </trkpt>
      <trkpt lat="41.31718026" lon="-72.94992870">
        <time>2026-09-07T13:07:14+00:00Z</time>
      </trkpt>
      <trkpt lat="41.31715704" lon="-72.94993775">
        <time>2026-09-07T13:07:15+00:00Z</time>
      </trkpt>
      <trkpt lat="41.31713382" lon="-72.94994496">
        <time>2026-09-07T13:07:16+00:00Z</time>
      </trkpt>
      <trkpt lat="41.31711102" lon="-72.94995728">
        <time>2026-09-07T13:07:17+00:00Z</time>
      </trkpt>
      <trkpt lat="41.31709233" lon="-72.94996885">
        <time>2026-09-07T13:07:18+00:00Z</time>
      </trkpt>
      <trkpt lat="41.31706920" lon="-72.94998704">
        <time>2026-09-07T13:07:19+00:00Z</time>
      </trkpt>
      <trkpt lat="41.31705117" lon="-72.94999768">
        <time>2026-09-07T13:07:20+00:00Z</time>
      </trkpt>
      <trkpt lat="41.31702687" lon="-72.95001369">
        <time>2026-09-07T13:07:21+00:00Z</time>
      </trkpt>
      <trkpt lat="41.31700566" lon="-72.95002090">
        <time>2026-09-07T13:07:22+00:00Z</time>
      </trkpt>
      <trkpt lat="41.31697926" lon="-72.95002878">
        <time>2026-09-07T13:07:23+00:00Z</time>
      </trkpt>
      <trkpt lat="41.31695344" lon="-72.95003657">
        <time>2026-09-07T13:07:24+00:00Z</time>
      </trkpt>
      <trkpt lat="41.31693165" lon="-72.95004361">
        <time>2026-09-07T13:07:25+00:00Z</time>
      </trkpt>
      <trkpt lat="41.31690843" lon="-72.95005627">
        <time>2026-09-07T13:07:26+00:00Z</time>
      </trkpt>
      <trkpt lat="41.31688924" lon="-72.95006038">
        <time>2026-09-07T13:07:27+00:00Z</time>
      </trkpt>
      <trkpt lat="41.31686862" lon="-72.95007312">
        <time>2026-09-07T13:07:28+00:00Z</time>
      </trkpt>
      <trkpt lat="41.31684909" lon="-72.95008200">
        <time>2026-09-07T13:07:29+00:00Z</time>
      </trkpt>
      <trkpt lat="41.31682847" lon="-72.95009617">
        <time>2026-09-07T13:07:30+00:00Z</time>
      </trkpt>
      <trkpt lat="41.31680986" lon="-72.95010547">
        <time>2026-09-07T13:07:31+00:00Z</time>
      </trkpt>
      <trkpt lat="41.31678949" lon="-72.95011494">
        <time>2026-09-07T13:07:32+00:00Z</time>
      </trkpt>
      <trkpt lat="41.31676300" lon="-72.95013187">
        <time>2026-09-07T13:07:33+00:00Z</time>
      </trkpt>
      <trkpt lat="41.31674163" lon="-72.95013959">
        <time>2026-09-07T13:07:34+00:00Z</time>
      </trkpt>
      <trkpt lat="41.31671632" lon="-72.95015325">
        <time>2026-09-07T13:07:35+00:00Z</time>
      </trkpt>
      <trkpt lat="41.31669545" lon="-72.95016222">
        <time>2026-09-07T13:07:36+00:00Z</time>
      </trkpt>
      <trkpt lat="41.31667491" lon="-72.95017228">
        <time>2026-09-07T13:07:37+00:00Z</time>
      </trkpt>
      <trkpt lat="41.31665295" lon="-72.95018183">
        <time>2026-09-07T13:07:38+00:00Z</time>
      </trkpt>
      <trkpt lat="41.31663501" lon="-72.95018694">
        <time>2026-09-07T13:07:39+00:00Z</time>
      </trkpt>
      <trkpt lat="41.31660945" lon="-72.95020396">
        <time>2026-09-07T13:07:40+00:00Z</time>
      </trkpt>
      <trkpt lat="41.31659042" lon="-72.95020890">
        <time>2026-09-07T13:07:41+00:00Z</time>
      </trkpt>
      <trkpt lat="41.31656301" lon="-72.95022215">
        <time>2026-09-07T13:07:42+00:00Z</time>
      </trkpt>
      <trkpt lat="41.31654264" lon="-72.95023480">
        <time>2026-09-07T13:07:43+00:00Z</time>
      </trkpt>
      <trkpt lat="41.31651574" lon="-72.95024453">
        <time>2026-09-07T13:07:44+00:00Z</time>
      </trkpt>
      <trkpt lat="41.31648992" lon="-72.95025551">
        <time>2026-09-07T13:07:45+00:00Z</time>
      </trkpt>
      <trkpt lat="41.31646796" lon="-72.95026548">
        <time>2026-09-07T13:07:46+00:00Z</time>
      </trkpt>
      <trkpt lat="41.31644382" lon="-72.95027873">
        <time>2026-09-07T13:07:47+00:00Z</time>
      </trkpt>
      <trkpt lat="41.31642345" lon="-72.95028811">
        <time>2026-09-07T13:07:48+00:00Z</time>
      </trkpt>
      <trkpt lat="41.31639856" lon="-72.95030504">
        <time>2026-09-07T13:07:49+00:00Z</time>
      </trkpt>
      <trkpt lat="41.31637861" lon="-72.95032089">
        <time>2026-09-07T13:07:50+00:00Z</time>
      </trkpt>
      <trkpt lat="41.31635531" lon="-72.95033731">
        <time>2026-09-07T13:07:51+00:00Z</time>
      </trkpt>
      <trkpt lat="41.31632916" lon="-72.95035282">
        <time>2026-09-07T13:07:52+00:00Z</time>
      </trkpt>
      <trkpt lat="41.31630778" lon="-72.95036405">
        <time>2026-09-07T13:07:53+00:00Z</time>
      </trkpt>
      <trkpt lat="41.31627970" lon="-72.95038224">
        <time>2026-09-07T13:07:54+00:00Z</time>
      </trkpt>
      <trkpt lat="41.31626210" lon="-72.95038836">
        <time>2026-09-07T13:07:55+00:00Z</time>
      </trkpt>
      <trkpt lat="41.31623855" lon="-72.95040169">
        <time>2026-09-07T13:07:56+00:00Z</time>
      </trkpt>
      <trkpt lat="41.31622070" lon="-72.95040789">
        <time>2026-09-07T13:07:57+00:00Z</time>
      </trkpt>
      <trkpt lat="41.31619991" lon="-72.95042071">
        <time>2026-09-07T13:07:58+00:00Z</time>
      </trkpt>
      <trkpt lat="41.31617635" lon="-72.95043622">
        <time>2026-09-07T13:07:59+00:00Z</time>
      </trkpt>
      <trkpt lat="41.31615632" lon="-72.95043807">
        <time>2026-09-07T13:08:00+00:00Z</time>
      </trkpt>
      <trkpt lat="41.31612707" lon="-72.95045064">
        <time>2026-09-07T13:08:01+00:00Z</time>
      </trkpt>
      <trkpt lat="41.31610695" lon="-72.95045625">
        <time>2026-09-07T13:08:02+00:00Z</time>
      </trkpt>
      <trkpt lat="41.31607887" lon="-72.95046958">
        <time>2026-09-07T13:08:03+00:00Z</time>
      </trkpt>
      <trkpt lat="41.31605658" lon="-72.95047914">
        <time>2026-09-07T13:08:04+00:00Z</time>
      </trkpt>
      <trkpt lat="41.31603269" lon="-72.95049196">
        <time>2026-09-07T13:08:05+00:00Z</time>
      </trkpt>
      <trkpt lat="41.31600779" lon="-72.95050588">
        <time>2026-09-07T13:08:06+00:00Z</time>
      </trkpt>
      <trkpt lat="41.31599288" lon="-72.95051493">
        <time>2026-09-07T13:08:07+00:00Z</time>
      </trkpt>
      <trkpt lat="41.31596832" lon="-72.95053236">
        <time>2026-09-07T13:08:08+00:00Z</time>
      </trkpt>
      <trkpt lat="41.31594761" lon="-72.95054250">
        <time>2026-09-07T13:08:09+00:00Z</time>
      </trkpt>
      <trkpt lat="41.31591987" lon="-72.95056161">
        <time>2026-09-07T13:08:10+00:00Z</time>
      </trkpt>
      <trkpt lat="41.31590160" lon="-72.95057151">
        <time>2026-09-07T13:08:11+00:00Z</time>
      </trkpt>
      <trkpt lat="41.31587930" lon="-72.95058827">
        <time>2026-09-07T13:08:12+00:00Z</time>
      </trkpt>
      <trkpt lat="41.31585985" lon="-72.95059615">
        <time>2026-09-07T13:08:13+00:00Z</time>
      </trkpt>
      <trkpt lat="41.31584041" lon="-72.95060394">
        <time>2026-09-07T13:08:14+00:00Z</time>
      </trkpt>
      <trkpt lat="41.31581577" lon="-72.95062020">
        <time>2026-09-07T13:08:15+00:00Z</time>
      </trkpt>
      <trkpt lat="41.31579607" lon="-72.95062825">
        <time>2026-09-07T13:08:16+00:00Z</time>
      </trkpt>
      <trkpt lat="41.31577285" lon="-72.95065055">
        <time>2026-09-07T13:08:17+00:00Z</time>
      </trkpt>
      <trkpt lat="41.31575516" lon="-72.95065449">
        <time>2026-09-07T13:08:18+00:00Z</time>
      </trkpt>
      <trkpt lat="41.31572708" lon="-72.95068089">
        <time>2026-09-07T13:08:19+00:00Z</time>
      </trkpt>
      <trkpt lat="41.31571057" lon="-72.95070017">
        <time>2026-09-07T13:08:20+00:00Z</time>
      </trkpt>
      <trkpt lat="41.31569046" lon="-72.95071777">
        <time>2026-09-07T13:08:21+00:00Z</time>
      </trkpt>
      <trkpt lat="41.31566900" lon="-72.95073135">
        <time>2026-09-07T13:08:22+00:00Z</time>
      </trkpt>
      <trkpt lat="41.31565156" lon="-72.95073814">
        <time>2026-09-07T13:08:23+00:00Z</time>
      </trkpt>
      <trkpt lat="41.31562625" lon="-72.95075297">
        <time>2026-09-07T13:08:24+00:00Z</time>
      </trkpt>
      <trkpt lat="41.31560680" lon="-72.95075666">
        <time>2026-09-07T13:08:25+00:00Z</time>
      </trkpt>
      <trkpt lat="41.31558342" lon="-72.95076865">
        <time>2026-09-07T13:08:26+00:00Z</time>
      </trkpt>
      <trkpt lat="41.31556481" lon="-72.95077552">
        <time>2026-09-07T13:08:27+00:00Z</time>
      </trkpt>
      <trkpt lat="41.31553824" lon="-72.95079094">
        <time>2026-09-07T13:08:28+00:00Z</time>
      </trkpt>
      <trkpt lat="41.31551393" lon="-72.95079916">
        <time>2026-09-07T13:08:29+00:00Z</time>
      </trkpt>
      <trkpt lat="41.31548870" lon="-72.95081249">
        <time>2026-09-07T13:08:30+00:00Z</time>
      </trkpt>
      <trkpt lat="41.31546021" lon="-72.95081835">
        <time>2026-09-07T13:08:31+00:00Z</time>
      </trkpt>
      <trkpt lat="41.31544646" lon="-72.95082598">
        <time>2026-09-07T13:08:32+00:00Z</time>
      </trkpt>
      <trkpt lat="41.31541804" lon="-72.95084400">
        <time>2026-09-07T13:08:33+00:00Z</time>
      </trkpt>
      <trkpt lat="41.31539952" lon="-72.95085565">
        <time>2026-09-07T13:08:34+00:00Z</time>
      </trkpt>
      <trkpt lat="41.31537630" lon="-72.95087585">
        <time>2026-09-07T13:08:35+00:00Z</time>
      </trkpt>
      <trkpt lat="41.31535694" lon="-72.95089454">
        <time>2026-09-07T13:08:36+00:00Z</time>
      </trkpt>
      <trkpt lat="41.31534521" lon="-72.95092396">
        <time>2026-09-07T13:08:37+00:00Z</time>
      </trkpt>
      <trkpt lat="41.31533054" lon="-72.95096043">
        <time>2026-09-07T13:08:38+00:00Z</time>
      </trkpt>
      <trkpt lat="41.31532433" lon="-72.95097970">
        <time>2026-09-07T13:08:39+00:00Z</time>
      </trkpt>
      <trkpt lat="41.31531947" lon="-72.95101524">
        <time>2026-09-07T13:08:40+00:00Z</time>
      </trkpt>
      <trkpt lat="41.31531696" lon="-72.95104668">
        <time>2026-09-07T13:08:41+00:00Z</time>
      </trkpt>
      <trkpt lat="41.31532224" lon="-72.95107635">
        <time>2026-09-07T13:08:42+00:00Z</time>
      </trkpt>
      <trkpt lat="41.31532769" lon="-72.95110778">
        <time>2026-09-07T13:08:43+00:00Z</time>
      </trkpt>
      <trkpt lat="41.31533414" lon="-72.95113343">
        <time>2026-09-07T13:08:44+00:00Z</time>
      </trkpt>
      <trkpt lat="41.31534588" lon="-72.95117056">
        <time>2026-09-07T13:08:45+00:00Z</time>
      </trkpt>
      <trkpt lat="41.31535040" lon="-72.95119671">
        <time>2026-09-07T13:08:46+00:00Z</time>
      </trkpt>
      <trkpt lat="41.31536063" lon="-72.95122563">
        <time>2026-09-07T13:08:47+00:00Z</time>
      </trkpt>
      <trkpt lat="41.31536968" lon="-72.95125270">
        <time>2026-09-07T13:08:48+00:00Z</time>
      </trkpt>
      <trkpt lat="41.31537823" lon="-72.95127877">
        <time>2026-09-07T13:08:49+00:00Z</time>
      </trkpt>
      <trkpt lat="41.31538888" lon="-72.95131196">
        <time>2026-09-07T13:08:50+00:00Z</time>
      </trkpt>
      <trkpt lat="41.31539566" lon="-72.95133702">
        <time>2026-09-07T13:08:51+00:00Z</time>
      </trkpt>
      <trkpt lat="41.31540673" lon="-72.95136795">
        <time>2026-09-07T13:08:52+00:00Z</time>
      </trkpt>
      <trkpt lat="41.31541209" lon="-72.95139821">
        <time>2026-09-07T13:08:53+00:00Z</time>
      </trkpt>
      <trkpt lat="41.31542190" lon="-72.95142394">
        <time>2026-09-07T13:08:54+00:00Z</time>
      </trkpt>
      <trkpt lat="41.31543280" lon="-72.95145714">
        <time>2026-09-07T13:08:55+00:00Z</time>
      </trkpt>
      <trkpt lat="41.31544034" lon="-72.95147776">
        <time>2026-09-07T13:08:56+00:00Z</time>
      </trkpt>
      <trkpt lat="41.31545166" lon="-72.95151271">
        <time>2026-09-07T13:08:57+00:00Z</time>
      </trkpt>
      <trkpt lat="41.31545685" lon="-72.95154096">
        <time>2026-09-07T13:08:58+00:00Z</time>
      </trkpt>
      <trkpt lat="41.31546515" lon="-72.95156996">
        <time>2026-09-07T13:08:59+00:00Z</time>
      </trkpt>
      <trkpt lat="41.31547169" lon="-72.95160030">
        <time>2026-09-07T13:09:00+00:00Z</time>
      </trkpt>
      <trkpt lat="41.31547605" lon="-72.95162704">
        <time>2026-09-07T13:09:01+00:00Z</time>
      </trkpt>
      <trkpt lat="41.31548401" lon="-72.95165897">
        <time>2026-09-07T13:09:02+00:00Z</time>
      </trkpt>
      <trkpt lat="41.31549004" lon="-72.95167867">
        <time>2026-09-07T13:09:03+00:00Z</time>
      </trkpt>
      <trkpt lat="41.31550547" lon="-72.95170692">
        <time>2026-09-07T13:09:04+00:00Z</time>
      </trkpt>
      <trkpt lat="41.31551343" lon="-72.95172494">
        <time>2026-09-07T13:09:05+00:00Z</time>
      </trkpt>
      <trkpt lat="41.31553011" lon="-72.95175226">
        <time>2026-09-07T13:09:06+00:00Z</time>
      </trkpt>
      <trkpt lat="41.31553925" lon="-72.95177733">
        <time>2026-09-07T13:09:07+00:00Z</time>
      </trkpt>
      <trkpt lat="41.31555023" lon="-72.95180742">
        <time>2026-09-07T13:09:08+00:00Z</time>
      </trkpt>
      <trkpt lat="41.31556255" lon="-72.95184061">
        <time>2026-09-07T13:09:09+00:00Z</time>
      </trkpt>
      <trkpt lat="41.31557059" lon="-72.95186207">
        <time>2026-09-07T13:09:10+00:00Z</time>
      </trkpt>
      <trkpt lat="41.31558225" lon="-72.95189853">
        <time>2026-09-07T13:09:11+00:00Z</time>
      </trkpt>
      <trkpt lat="41.31558660" lon="-72.95192200">
        <time>2026-09-07T13:09:12+00:00Z</time>
      </trkpt>
      <trkpt lat="41.31559532" lon="-72.95194983">
        <time>2026-09-07T13:09:13+00:00Z</time>
      </trkpt>
      <trkpt lat="41.31560387" lon="-72.95198075">
        <time>2026-09-07T13:09:14+00:00Z</time>
      </trkpt>
      <trkpt lat="41.31560882" lon="-72.95200045">
        <time>2026-09-07T13:09:15+00:00Z</time>
      </trkpt>
      <trkpt lat="41.31562080" lon="-72.95203239">
        <time>2026-09-07T13:09:16+00:00Z</time>
      </trkpt>
      <trkpt lat="41.31562524" lon="-72.95205577">
        <time>2026-09-07T13:09:17+00:00Z</time>
      </trkpt>
      <trkpt lat="41.31563296" lon="-72.95209098">
        <time>2026-09-07T13:09:18+00:00Z</time>
      </trkpt>
      <trkpt lat="41.31563757" lon="-72.95211487">
        <time>2026-09-07T13:09:19+00:00Z</time>
      </trkpt>
      <trkpt lat="41.31564620" lon="-72.95214118">
        <time>2026-09-07T13:09:20+00:00Z</time>
      </trkpt>
      <trkpt lat="41.31565265" lon="-72.95216599">
        <time>2026-09-07T13:09:21+00:00Z</time>
      </trkpt>
      <trkpt lat="41.31566129" lon="-72.95219231">
        <time>2026-09-07T13:09:22+00:00Z</time>
      </trkpt>
      <trkpt lat="41.31566732" lon="-72.95222584">
        <time>2026-09-07T13:09:23+00:00Z</time>
      </trkpt>
      <trkpt lat="41.31567545" lon="-72.95225074">
        <time>2026-09-07T13:09:24+00:00Z</time>
      </trkpt>
      <trkpt lat="41.31568543" lon="-72.95228309">
        <time>2026-09-07T13:09:25+00:00Z</time>
      </trkpt>
      <trkpt lat="41.31569146" lon="-72.95230798">
        <time>2026-09-07T13:09:26+00:00Z</time>
      </trkpt>
      <trkpt lat="41.31570529" lon="-72.95234403">
        <time>2026-09-07T13:09:27+00:00Z</time>
      </trkpt>
      <trkpt lat="41.31570881" lon="-72.95236968">
        <time>2026-09-07T13:09:28+00:00Z</time>
      </trkpt>
      <trkpt lat="41.31571401" lon="-72.95240505">
        <time>2026-09-07T13:09:29+00:00Z</time>
      </trkpt>
      <trkpt lat="41.31571812" lon="-72.95243581">
        <time>2026-09-07T13:09:30+00:00Z</time>
      </trkpt>
      <trkpt lat="41.31572767" lon="-72.95246087">
        <time>2026-09-07T13:09:31+00:00Z</time>
      </trkpt>
      <trkpt lat="41.31573698" lon="-72.95249356">
        <time>2026-09-07T13:09:32+00:00Z</time>
      </trkpt>
      <trkpt lat="41.31574335" lon="-72.95251963">
        <time>2026-09-07T13:09:33+00:00Z</time>
      </trkpt>
      <trkpt lat="41.31575198" lon="-72.95255357">
        <time>2026-09-07T13:09:34+00:00Z</time>
      </trkpt>
      <trkpt lat="41.31575827" lon="-72.95258073">
        <time>2026-09-07T13:09:35+00:00Z</time>
      </trkpt>
      <trkpt lat="41.31576623" lon="-72.95260730">
        <time>2026-09-07T13:09:36+00:00Z</time>
      </trkpt>
      <trkpt lat="41.31577863" lon="-72.95264083">
        <time>2026-09-07T13:09:37+00:00Z</time>
      </trkpt>
      <trkpt lat="41.31578148" lon="-72.95266455">
        <time>2026-09-07T13:09:38+00:00Z</time>
      </trkpt>
      <trkpt lat="41.31579272" lon="-72.95269581">
        <time>2026-09-07T13:09:39+00:00Z</time>
      </trkpt>
      <trkpt lat="41.31579783" lon="-72.95272096">
        <time>2026-09-07T13:09:40+00:00Z</time>
      </trkpt>
      <trkpt lat="41.31580755" lon="-72.95274929">
        <time>2026-09-07T13:09:41+00:00Z</time>
      </trkpt>
      <trkpt lat="41.31581459" lon="-72.95277913">
        <time>2026-09-07T13:09:42+00:00Z</time>
      </trkpt>
      <trkpt lat="41.31582323" lon="-72.95280302">
        <time>2026-09-07T13:09:43+00:00Z</time>
      </trkpt>
      <trkpt lat="41.31583722" lon="-72.95283705">
        <time>2026-09-07T13:09:44+00:00Z</time>
      </trkpt>
      <trkpt lat="41.31584334" lon="-72.95285767">
        <time>2026-09-07T13:09:45+00:00Z</time>
      </trkpt>
      <trkpt lat="41.31585080" lon="-72.95289061">
        <time>2026-09-07T13:09:46+00:00Z</time>
      </trkpt>
      <trkpt lat="41.31585835" lon="-72.95291886">
        <time>2026-09-07T13:09:47+00:00Z</time>
      </trkpt>
      <trkpt lat="41.31586622" lon="-72.95294811">
        <time>2026-09-07T13:09:48+00:00Z</time>
      </trkpt>
      <trkpt lat="41.31587754" lon="-72.95298541">
        <time>2026-09-07T13:09:49+00:00Z</time>
      </trkpt>
      <trkpt lat="41.31588383" lon="-72.95301290">
        <time>2026-09-07T13:09:50+00:00Z</time>
      </trkpt>
      <trkpt lat="41.31589598" lon="-72.95304484">
        <time>2026-09-07T13:09:51+00:00Z</time>
      </trkpt>
      <trkpt lat="41.31590093" lon="-72.95306655">
        <time>2026-09-07T13:09:52+00:00Z</time>
      </trkpt>
      <trkpt lat="41.31591065" lon="-72.95310183">
        <time>2026-09-07T13:09:53+00:00Z</time>
      </trkpt>
      <trkpt lat="41.31591735" lon="-72.95313318">
        <time>2026-09-07T13:09:54+00:00Z</time>
      </trkpt>
      <trkpt lat="41.31592364" lon="-72.95316160">
        <time>2026-09-07T13:09:55+00:00Z</time>
      </trkpt>
      <trkpt lat="41.31593345" lon="-72.95319429">
        <time>2026-09-07T13:09:56+00:00Z</time>
      </trkpt>
      <trkpt lat="41.31594116" lon="-72.95321633">
        <time>2026-09-07T13:09:57+00:00Z</time>
      </trkpt>
      <trkpt lat="41.31595356" lon="-72.95325296">
        <time>2026-09-07T13:09:58+00:00Z</time>
      </trkpt>
      <trkpt lat="41.31595910" lon="-72.95327911">
        <time>2026-09-07T13:09:59+00:00Z</time>
      </trkpt>
      <trkpt lat="41.31596697" lon="-72.95331683">
        <time>2026-09-07T13:10:00+00:00Z</time>
      </trkpt>
      <trkpt lat="41.31597033" lon="-72.95334843">
        <time>2026-09-07T13:10:01+00:00Z</time>
      </trkpt>
      <trkpt lat="41.31597485" lon="-72.95337886">
        <time>2026-09-07T13:10:02+00:00Z</time>
      </trkpt>
      <trkpt lat="41.31598357" lon="-72.95341498">
        <time>2026-09-07T13:10:03+00:00Z</time>
      </trkpt>
      <trkpt lat="41.31599204" lon="-72.95343560">
        <time>2026-09-07T13:10:04+00:00Z</time>
      </trkpt>
      <trkpt lat="41.31599891" lon="-72.95346603">
        <time>2026-09-07T13:10:05+00:00Z</time>
      </trkpt>
      <trkpt lat="41.31600545" lon="-72.95349503">
        <time>2026-09-07T13:10:06+00:00Z</time>
      </trkpt>
      <trkpt lat="41.31601601" lon="-72.95352705">
        <time>2026-09-07T13:10:07+00:00Z</time>
      </trkpt>
      <trkpt lat="41.31602724" lon="-72.95355144">
        <time>2026-09-07T13:10:08+00:00Z</time>
      </trkpt>
      <trkpt lat="41.31603520" lon="-72.95357759">
        <time>2026-09-07T13:10:09+00:00Z</time>
      </trkpt>
      <trkpt lat="41.31604484" lon="-72.95361296">
        <time>2026-09-07T13:10:10+00:00Z</time>
      </trkpt>
      <trkpt lat="41.31605272" lon="-72.95363241">
        <time>2026-09-07T13:10:11+00:00Z</time>
      </trkpt>
      <trkpt lat="41.31606747" lon="-72.95366518">
        <time>2026-09-07T13:10:12+00:00Z</time>
      </trkpt>
      <trkpt lat="41.31607192" lon="-72.95368798">
        <time>2026-09-07T13:10:13+00:00Z</time>
      </trkpt>
      <trkpt lat="41.31608021" lon="-72.95372453">
        <time>2026-09-07T13:10:14+00:00Z</time>
      </trkpt>
      <trkpt lat="41.31608457" lon="-72.95375437">
        <time>2026-09-07T13:10:15+00:00Z</time>
      </trkpt>
      <trkpt lat="41.31609262" lon="-72.95378546">
        <time>2026-09-07T13:10:16+00:00Z</time>
      </trkpt>
      <trkpt lat="41.31610142" lon="-72.95382050">
        <time>2026-09-07T13:10:17+00:00Z</time>
      </trkpt>
      <trkpt lat="41.31610771" lon="-72.95384464">
        <time>2026-09-07T13:10:18+00:00Z</time>
      </trkpt>
      <trkpt lat="41.31611986" lon="-72.95388035">
        <time>2026-09-07T13:10:19+00:00Z</time>
      </trkpt>
      <trkpt lat="41.31612397" lon="-72.95390415">
        <time>2026-09-07T13:10:20+00:00Z</time>
      </trkpt>
      <trkpt lat="41.31613302" lon="-72.95393944">
        <time>2026-09-07T13:10:21+00:00Z</time>
      </trkpt>
      <trkpt lat="41.31613947" lon="-72.95396492">
        <time>2026-09-07T13:10:22+00:00Z</time>
      </trkpt>
      <trkpt lat="41.31614853" lon="-72.95400146">
        <time>2026-09-07T13:10:23+00:00Z</time>
      </trkpt>
      <trkpt lat="41.31615498" lon="-72.95403776">
        <time>2026-09-07T13:10:24+00:00Z</time>
      </trkpt>
      <trkpt lat="41.31616227" lon="-72.95406383">
        <time>2026-09-07T13:10:25+00:00Z</time>
      </trkpt>
      <trkpt lat="41.31617652" lon="-72.95410674">
        <time>2026-09-07T13:10:26+00:00Z</time>
      </trkpt>
      <trkpt lat="41.31617853" lon="-72.95413465">
        <time>2026-09-07T13:10:27+00:00Z</time>
      </trkpt>
      <trkpt lat="41.31618641" lon="-72.95417245">
        <time>2026-09-07T13:10:28+00:00Z</time>
      </trkpt>
      <trkpt lat="41.31619136" lon="-72.95420003">
        <time>2026-09-07T13:10:29+00:00Z</time>
      </trkpt>
      <trkpt lat="41.31620091" lon="-72.95423213">
        <time>2026-09-07T13:10:30+00:00Z</time>
      </trkpt>
      <trkpt lat="41.31620871" lon="-72.95426197">
        <time>2026-09-07T13:10:31+00:00Z</time>
      </trkpt>
      <trkpt lat="41.31621139" lon="-72.95428955">
        <time>2026-09-07T13:10:32+00:00Z</time>
      </trkpt>
      <trkpt lat="41.31622279" lon="-72.95432702">
        <time>2026-09-07T13:10:33+00:00Z</time>
      </trkpt>
      <trkpt lat="41.31623159" lon="-72.95435023">
        <time>2026-09-07T13:10:34+00:00Z</time>
      </trkpt>
      <trkpt lat="41.31624165" lon="-72.95438804">
        <time>2026-09-07T13:10:35+00:00Z</time>
      </trkpt>
      <trkpt lat="41.31624442" lon="-72.95441469">
        <time>2026-09-07T13:10:36+00:00Z</time>
      </trkpt>
      <trkpt lat="41.31625229" lon="-72.95444721">
        <time>2026-09-07T13:10:37+00:00Z</time>
      </trkpt>
      <trkpt lat="41.31625640" lon="-72.95447538">
        <time>2026-09-07T13:10:38+00:00Z</time>
      </trkpt>
      <trkpt lat="41.31626294" lon="-72.95450388">
        <time>2026-09-07T13:10:39+00:00Z</time>
      </trkpt>
      <trkpt lat="41.31627191" lon="-72.95453472">
        <time>2026-09-07T13:10:40+00:00Z</time>
      </trkpt>
      <trkpt lat="41.31627409" lon="-72.95455869">
        <time>2026-09-07T13:10:41+00:00Z</time>
      </trkpt>
      <trkpt lat="41.31628725" lon="-72.95459532">
        <time>2026-09-07T13:10:42+00:00Z</time>
      </trkpt>
      <trkpt lat="41.31629337" lon="-72.95462198">
        <time>2026-09-07T13:10:43+00:00Z</time>
      </trkpt>
      <trkpt lat="41.31630057" lon="-72.95465877">
        <time>2026-09-07T13:10:44+00:00Z</time>
      </trkpt>
      <trkpt lat="41.31630275" lon="-72.95468836">
        <time>2026-09-07T13:10:45+00:00Z</time>
      </trkpt>
      <trkpt lat="41.31631197" lon="-72.95471761">
        <time>2026-09-07T13:10:46+00:00Z</time>
      </trkpt>
      <trkpt lat="41.31632388" lon="-72.95474712">
        <time>2026-09-07T13:10:47+00:00Z</time>
      </trkpt>
      <trkpt lat="41.31633184" lon="-72.95477310">
        <time>2026-09-07T13:10:48+00:00Z</time>
      </trkpt>
      <trkpt lat="41.31634366" lon="-72.95480604">
        <time>2026-09-07T13:10:49+00:00Z</time>
      </trkpt>
      <trkpt lat="41.31634877" lon="-72.95483245">
        <time>2026-09-07T13:10:50+00:00Z</time>
      </trkpt>
      <trkpt lat="41.31636109" lon="-72.95486631">
        <time>2026-09-07T13:10:51+00:00Z</time>
      </trkpt>
      <trkpt lat="41.31636679" lon="-72.95489254">
        <time>2026-09-07T13:10:52+00:00Z</time>
      </trkpt>
      <trkpt lat="41.31637744" lon="-72.95491928">
        <time>2026-09-07T13:10:53+00:00Z</time>
      </trkpt>
      <trkpt lat="41.31638590" lon="-72.95495071">
        <time>2026-09-07T13:10:54+00:00Z</time>
      </trkpt>
      <trkpt lat="41.31639219" lon="-72.95497703">
        <time>2026-09-07T13:10:55+00:00Z</time>
      </trkpt>
      <trkpt lat="41.31640367" lon="-72.95501408">
        <time>2026-09-07T13:10:56+00:00Z</time>
      </trkpt>
      <trkpt lat="41.31640258" lon="-72.95503478">
        <time>2026-09-07T13:10:57+00:00Z</time>
      </trkpt>
      <trkpt lat="41.31641096" lon="-72.95507359">
        <time>2026-09-07T13:10:58+00:00Z</time>
      </trkpt>
      <trkpt lat="41.31641574" lon="-72.95509597">
        <time>2026-09-07T13:10:59+00:00Z</time>
      </trkpt>
      <trkpt lat="41.31642404" lon="-72.95513151">
        <time>2026-09-07T13:11:00+00:00Z</time>
      </trkpt>
      <trkpt lat="41.31642672" lon="-72.95515934">
        <time>2026-09-07T13:11:01+00:00Z</time>
      </trkpt>
      <trkpt lat="41.31643326" lon="-72.95519354">
        <time>2026-09-07T13:11:02+00:00Z</time>
      </trkpt>
      <trkpt lat="41.31643452" lon="-72.95521986">
        <time>2026-09-07T13:11:03+00:00Z</time>
      </trkpt>
      <trkpt lat="41.31643753" lon="-72.95525179">
        <time>2026-09-07T13:11:04+00:00Z</time>
      </trkpt>
      <trkpt lat="41.31643997" lon="-72.95528239">
        <time>2026-09-07T13:11:05+00:00Z</time>
      </trkpt>
      <trkpt lat="41.31644147" lon="-72.95531021">
        <time>2026-09-07T13:11:06+00:00Z</time>
      </trkpt>
      <trkpt lat="41.31644575" lon="-72.95534408">
        <time>2026-09-07T13:11:07+00:00Z</time>
      </trkpt>
      <trkpt lat="41.31644692" lon="-72.95537291">
        <time>2026-09-07T13:11:08+00:00Z</time>
      </trkpt>
      <trkpt lat="41.31644927" lon="-72.95540862">
        <time>2026-09-07T13:11:09+00:00Z</time>
      </trkpt>
      <trkpt lat="41.31645002" lon="-72.95543695">
        <time>2026-09-07T13:11:10+00:00Z</time>
      </trkpt>
      <trkpt lat="41.31645162" lon="-72.95547366">
        <time>2026-09-07T13:11:11+00:00Z</time>
      </trkpt>
      <trkpt lat="41.31644910" lon="-72.95549948">
        <time>2026-09-07T13:11:12+00:00Z</time>
      </trkpt>
      <trkpt lat="41.31645086" lon="-72.95553175">
        <time>2026-09-07T13:11:13+00:00Z</time>
      </trkpt>
      <trkpt lat="41.31645120" lon="-72.95556075">
        <time>2026-09-07T13:11:14+00:00Z</time>
      </trkpt>
      <trkpt lat="41.31645153" lon="-72.95559159">
        <time>2026-09-07T13:11:15+00:00Z</time>
      </trkpt>
      <trkpt lat="41.31645430" lon="-72.95562227">
        <time>2026-09-07T13:11:16+00:00Z</time>
      </trkpt>
      <trkpt lat="41.31645329" lon="-72.95564423">
        <time>2026-09-07T13:11:17+00:00Z</time>
      </trkpt>
      <trkpt lat="41.31645656" lon="-72.95567407">
        <time>2026-09-07T13:11:18+00:00Z</time>
      </trkpt>
      <trkpt lat="41.31645631" lon="-72.95570056">
        <time>2026-09-07T13:11:19+00:00Z</time>
      </trkpt>
      <trkpt lat="41.31645958" lon="-72.95573518">
        <time>2026-09-07T13:11:20+00:00Z</time>
      </trkpt>
      <trkpt lat="41.31645958" lon="-72.95576393">
        <time>2026-09-07T13:11:21+00:00Z</time>
      </trkpt>
      <trkpt lat="41.31646352" lon="-72.95579787">
        <time>2026-09-07T13:11:22+00:00Z</time>
      </trkpt>
      <trkpt lat="41.31646788" lon="-72.95582579">
        <time>2026-09-07T13:11:23+00:00Z</time>
      </trkpt>
      <trkpt lat="41.31647165" lon="-72.95585697">
        <time>2026-09-07T13:11:24+00:00Z</time>
      </trkpt>
      <trkpt lat="41.31648129" lon="-72.95588538">
        <time>2026-09-07T13:11:25+00:00Z</time>
      </trkpt>
      <trkpt lat="41.31648355" lon="-72.95590801">
        <time>2026-09-07T13:11:26+00:00Z</time>
      </trkpt>
      <trkpt lat="41.31649135" lon="-72.95593752">
        <time>2026-09-07T13:11:27+00:00Z</time>
      </trkpt>
      <trkpt lat="41.31649529" lon="-72.95595872">
        <time>2026-09-07T13:11:28+00:00Z</time>
      </trkpt>
      <trkpt lat="41.31650333" lon="-72.95599032">
        <time>2026-09-07T13:11:29+00:00Z</time>
      </trkpt>
      <trkpt lat="41.31650794" lon="-72.95600977">
        <time>2026-09-07T13:11:30+00:00Z</time>
      </trkpt>
      <trkpt lat="41.31652060" lon="-72.95604640">
        <time>2026-09-07T13:11:31+00:00Z</time>
      </trkpt>
      <trkpt lat="41.31652496" lon="-72.95607305">
        <time>2026-09-07T13:11:32+00:00Z</time>
      </trkpt>
      <trkpt lat="41.31653544" lon="-72.95610448">
        <time>2026-09-07T13:11:33+00:00Z</time>
      </trkpt>
      <trkpt lat="41.31654600" lon="-72.95613139">
        <time>2026-09-07T13:11:34+00:00Z</time>
      </trkpt>
      <trkpt lat="41.31655429" lon="-72.95615997">
        <time>2026-09-07T13:11:35+00:00Z</time>
      </trkpt>
      <trkpt lat="41.31656243" lon="-72.95618914">
        <time>2026-09-07T13:11:36+00:00Z</time>
      </trkpt>
      <trkpt lat="41.31656762" lon="-72.95621596">
        <time>2026-09-07T13:11:37+00:00Z</time>
      </trkpt>
      <trkpt lat="41.31657994" lon="-72.95624748">
        <time>2026-09-07T13:11:38+00:00Z</time>
      </trkpt>
      <trkpt lat="41.31658615" lon="-72.95627187">
        <time>2026-09-07T13:11:39+00:00Z</time>
      </trkpt>
      <trkpt lat="41.31659587" lon="-72.95630942">
        <time>2026-09-07T13:11:40+00:00Z</time>
      </trkpt>
      <trkpt lat="41.31660207" lon="-72.95633381">
        <time>2026-09-07T13:11:41+00:00Z</time>
      </trkpt>
      <trkpt lat="41.31661146" lon="-72.95636659">
        <time>2026-09-07T13:11:42+00:00Z</time>
      </trkpt>
      <trkpt lat="41.31661322" lon="-72.95639575">
        <time>2026-09-07T13:11:43+00:00Z</time>
      </trkpt>
      <trkpt lat="41.31662018" lon="-72.95642601">
        <time>2026-09-07T13:11:44+00:00Z</time>
      </trkpt>
      <trkpt lat="41.31662982" lon="-72.95645652">
        <time>2026-09-07T13:11:45+00:00Z</time>
      </trkpt>
      <trkpt lat="41.31663484" lon="-72.95648393">
        <time>2026-09-07T13:11:46+00:00Z</time>
      </trkpt>
      <trkpt lat="41.31664767" lon="-72.95651830">
        <time>2026-09-07T13:11:47+00:00Z</time>
      </trkpt>
      <trkpt lat="41.31665479" lon="-72.95654520">
        <time>2026-09-07T13:11:48+00:00Z</time>
      </trkpt>
      <trkpt lat="41.31666418" lon="-72.95658167">
        <time>2026-09-07T13:11:49+00:00Z</time>
      </trkpt>
      <trkpt lat="41.31667047" lon="-72.95660974">
        <time>2026-09-07T13:11:50+00:00Z</time>
      </trkpt>
      <trkpt lat="41.31667994" lon="-72.95664218">
        <time>2026-09-07T13:11:51+00:00Z</time>
      </trkpt>
      <trkpt lat="41.31668841" lon="-72.95667504">
        <time>2026-09-07T13:11:52+00:00Z</time>
      </trkpt>
      <trkpt lat="41.31669553" lon="-72.95670119">
        <time>2026-09-07T13:11:53+00:00Z</time>
      </trkpt>
      <trkpt lat="41.31670517" lon="-72.95673841">
        <time>2026-09-07T13:11:54+00:00Z</time>
      </trkpt>
      <trkpt lat="41.31670735" lon="-72.95676070">
        <time>2026-09-07T13:11:55+00:00Z</time>
      </trkpt>
      <trkpt lat="41.31671732" lon="-72.95679733">
        <time>2026-09-07T13:11:56+00:00Z</time>
      </trkpt>
      <trkpt lat="41.31672244" lon="-72.95682415">
        <time>2026-09-07T13:11:57+00:00Z</time>
      </trkpt>
      <trkpt lat="41.31673157" lon="-72.95685307">
        <time>2026-09-07T13:11:58+00:00Z</time>
      </trkpt>
      <trkpt lat="41.31673903" lon="-72.95688299">
        <time>2026-09-07T13:11:59+00:00Z</time>
      </trkpt>
      <trkpt lat="41.31674373" lon="-72.95690998">
        <time>2026-09-07T13:12:00+00:00Z</time>
      </trkpt>
      <trkpt lat="41.31675420" lon="-72.95694745">
        <time>2026-09-07T13:12:01+00:00Z</time>
      </trkpt>
      <trkpt lat="41.31676108" lon="-72.95696824">
        <time>2026-09-07T13:12:02+00:00Z</time>
      </trkpt>
      <trkpt lat="41.31676904" lon="-72.95700462">
        <time>2026-09-07T13:12:03+00:00Z</time>
      </trkpt>
      <trkpt lat="41.31677700" lon="-72.95703320">
        <time>2026-09-07T13:12:04+00:00Z</time>
      </trkpt>
      <trkpt lat="41.31678538" lon="-72.95706253">
        <time>2026-09-07T13:12:05+00:00Z</time>
      </trkpt>
      <trkpt lat="41.31679025" lon="-72.95709665">
        <time>2026-09-07T13:12:06+00:00Z</time>
      </trkpt>
      <trkpt lat="41.31679771" lon="-72.95712423">
        <time>2026-09-07T13:12:07+00:00Z</time>
      </trkpt>
      <trkpt lat="41.31680902" lon="-72.95715373">
        <time>2026-09-07T13:12:08+00:00Z</time>
      </trkpt>
      <trkpt lat="41.31681908" lon="-72.95718089">
        <time>2026-09-07T13:12:09+00:00Z</time>
      </trkpt>
      <trkpt lat="41.31682880" lon="-72.95721852">
        <time>2026-09-07T13:12:10+00:00Z</time>
      </trkpt>
      <trkpt lat="41.31683635" lon="-72.95724677">
        <time>2026-09-07T13:12:11+00:00Z</time>
      </trkpt>
      <trkpt lat="41.31684439" lon="-72.95727854">
        <time>2026-09-07T13:12:12+00:00Z</time>
      </trkpt>
      <trkpt lat="41.31685009" lon="-72.95730251">
        <time>2026-09-07T13:12:13+00:00Z</time>
      </trkpt>
      <trkpt lat="41.31685772" lon="-72.95733377">
        <time>2026-09-07T13:12:14+00:00Z</time>
      </trkpt>
      <trkpt lat="41.31686610" lon="-72.95736328">
        <time>2026-09-07T13:12:15+00:00Z</time>
      </trkpt>
      <trkpt lat="41.31687465" lon="-72.95738893">
        <time>2026-09-07T13:12:16+00:00Z</time>
      </trkpt>
      <trkpt lat="41.31688597" lon="-72.95741751">
        <time>2026-09-07T13:12:17+00:00Z</time>
      </trkpt>
      <trkpt lat="41.31689334" lon="-72.95744215">
        <time>2026-09-07T13:12:18+00:00Z</time>
      </trkpt>
      <trkpt lat="41.31690315" lon="-72.95747459">
        <time>2026-09-07T13:12:19+00:00Z</time>
      </trkpt>
      <trkpt lat="41.31690784" lon="-72.95750007">
        <time>2026-09-07T13:12:20+00:00Z</time>
      </trkpt>
      <trkpt lat="41.31691815" lon="-72.95752957">
        <time>2026-09-07T13:12:21+00:00Z</time>
      </trkpt>
      <trkpt lat="41.31692729" lon="-72.95756151">
        <time>2026-09-07T13:12:22+00:00Z</time>
      </trkpt>
      <trkpt lat="41.31693693" lon="-72.95758833">
        <time>2026-09-07T13:12:23+00:00Z</time>
      </trkpt>
      <trkpt lat="41.31694791" lon="-72.95762521">
        <time>2026-09-07T13:12:24+00:00Z</time>
      </trkpt>
      <trkpt lat="41.31695545" lon="-72.95765069">
        <time>2026-09-07T13:12:25+00:00Z</time>
      </trkpt>
      <trkpt lat="41.31696585" lon="-72.95768338">
        <time>2026-09-07T13:12:26+00:00Z</time>
      </trkpt>
      <trkpt lat="41.31697481" lon="-72.95771129">
        <time>2026-09-07T13:12:27+00:00Z</time>
      </trkpt>
      <trkpt lat="41.31698336" lon="-72.95773895">
        <time>2026-09-07T13:12:28+00:00Z</time>
      </trkpt>
      <trkpt lat="41.31699317" lon="-72.95777374">
        <time>2026-09-07T13:12:29+00:00Z</time>
      </trkpt>
      <trkpt lat="41.31700289" lon="-72.95779746">
        <time>2026-09-07T13:12:30+00:00Z</time>
      </trkpt>
      <trkpt lat="41.31701186" lon="-72.95783644">
        <time>2026-09-07T13:12:31+00:00Z</time>
      </trkpt>
      <trkpt lat="41.31701505" lon="-72.95786192">
        <time>2026-09-07T13:12:32+00:00Z</time>
      </trkpt>
      <trkpt lat="41.31702326" lon="-72.95789486">
        <time>2026-09-07T13:12:33+00:00Z</time>
      </trkpt>
      <trkpt lat="41.31702720" lon="-72.95792243">
        <time>2026-09-07T13:12:34+00:00Z</time>
      </trkpt>
      <trkpt lat="41.31703299" lon="-72.95795051">
        <time>2026-09-07T13:12:35+00:00Z</time>
      </trkpt>
      <trkpt lat="41.31704053" lon="-72.95798035">
        <time>2026-09-07T13:12:36+00:00Z</time>
      </trkpt>
      <trkpt lat="41.31704656" lon="-72.95800919">
        <time>2026-09-07T13:12:37+00:00Z</time>
      </trkpt>
      <trkpt lat="41.31705394" lon="-72.95804280">
        <time>2026-09-07T13:12:38+00:00Z</time>
      </trkpt>
      <trkpt lat="41.31705981" lon="-72.95806702">
        <time>2026-09-07T13:12:39+00:00Z</time>
      </trkpt>
      <trkpt lat="41.31707288" lon="-72.95810239">
        <time>2026-09-07T13:12:40+00:00Z</time>
      </trkpt>
      <trkpt lat="41.31707288" lon="-72.95813274">
        <time>2026-09-07T13:12:41+00:00Z</time>
      </trkpt>
      <trkpt lat="41.31707733" lon="-72.95816383">
        <time>2026-09-07T13:12:42+00:00Z</time>
      </trkpt>
      <trkpt lat="41.31708453" lon="-72.95819267">
        <time>2026-09-07T13:12:43+00:00Z</time>
      </trkpt>
      <trkpt lat="41.31709283" lon="-72.95822058">
        <time>2026-09-07T13:12:44+00:00Z</time>
      </trkpt>
      <trkpt lat="41.31710180" lon="-72.95824832">
        <time>2026-09-07T13:12:45+00:00Z</time>
      </trkpt>
      <trkpt lat="41.31710775" lon="-72.95827489">
        <time>2026-09-07T13:12:46+00:00Z</time>
      </trkpt>
      <trkpt lat="41.31711982" lon="-72.95830557">
        <time>2026-09-07T13:12:47+00:00Z</time>
      </trkpt>
      <trkpt lat="41.31712720" lon="-72.95833088">
        <time>2026-09-07T13:12:48+00:00Z</time>
      </trkpt>
      <trkpt lat="41.31713742" lon="-72.95836701">
        <time>2026-09-07T13:12:49+00:00Z</time>
      </trkpt>
      <trkpt lat="41.31714396" lon="-72.95839274">
        <time>2026-09-07T13:12:50+00:00Z</time>
      </trkpt>
      <trkpt lat="41.31715410" lon="-72.95842342">
        <time>2026-09-07T13:12:51+00:00Z</time>
      </trkpt>
      <trkpt lat="41.31716408" lon="-72.95845041">
        <time>2026-09-07T13:12:52+00:00Z</time>
      </trkpt>
      <trkpt lat="41.31717095" lon="-72.95848352">
        <time>2026-09-07T13:12:53+00:00Z</time>
      </trkpt>
      <trkpt lat="41.31718101" lon="-72.95851294">
        <time>2026-09-07T13:12:54+00:00Z</time>
      </trkpt>
      <trkpt lat="41.31718939" lon="-72.95853892">
        <time>2026-09-07T13:12:55+00:00Z</time>
      </trkpt>
      <trkpt lat="41.31719979" lon="-72.95856901">
        <time>2026-09-07T13:12:56+00:00Z</time>
      </trkpt>
      <trkpt lat="41.31720406" lon="-72.95859408">
        <time>2026-09-07T13:12:57+00:00Z</time>
      </trkpt>
      <trkpt lat="41.31721194" lon="-72.95862593">
        <time>2026-09-07T13:12:58+00:00Z</time>
      </trkpt>
      <trkpt lat="41.31721755" lon="-72.95865208">
        <time>2026-09-07T13:12:59+00:00Z</time>
      </trkpt>
      <trkpt lat="41.31722652" lon="-72.95868142">
        <time>2026-09-07T13:13:00+00:00Z</time>
      </trkpt>
      <trkpt lat="41.31723692" lon="-72.95871017">
        <time>2026-09-07T13:13:01+00:00Z</time>
      </trkpt>
      <trkpt lat="41.31724798" lon="-72.95873322">
        <time>2026-09-07T13:13:02+00:00Z</time>
      </trkpt>
      <trkpt lat="41.31725695" lon="-72.95876079">
        <time>2026-09-07T13:13:03+00:00Z</time>
      </trkpt>
      <trkpt lat="41.31726240" lon="-72.95878359">
        <time>2026-09-07T13:13:04+00:00Z</time>
      </trkpt>
      <trkpt lat="41.31727397" lon="-72.95881360">
        <time>2026-09-07T13:13:05+00:00Z</time>
      </trkpt>
      <trkpt lat="41.31728176" lon="-72.95883405">
        <time>2026-09-07T13:13:06+00:00Z</time>
      </trkpt>
      <trkpt lat="41.31728721" lon="-72.95885735">
        <time>2026-09-07T13:13:07+00:00Z</time>
      </trkpt>
      <trkpt lat="41.31729685" lon="-72.95888769">
        <time>2026-09-07T13:13:08+00:00Z</time>
      </trkpt>
      <trkpt lat="41.31729894" lon="-72.95890848">
        <time>2026-09-07T13:13:09+00:00Z</time>
      </trkpt>
      <trkpt lat="41.31730280" lon="-72.95894318">
        <time>2026-09-07T13:13:10+00:00Z</time>
      </trkpt>
      <trkpt lat="41.31730054" lon="-72.95896640">
        <time>2026-09-07T13:13:11+00:00Z</time>
      </trkpt>
      <trkpt lat="41.31730079" lon="-72.95900001">
        <time>2026-09-07T13:13:12+00:00Z</time>
      </trkpt>
      <trkpt lat="41.31729727" lon="-72.95903429">
        <time>2026-09-07T13:13:13+00:00Z</time>
      </trkpt>
      <trkpt lat="41.31729526" lon="-72.95906615">
        <time>2026-09-07T13:13:14+00:00Z</time>
      </trkpt>
      <trkpt lat="41.31729492" lon="-72.95910303">
        <time>2026-09-07T13:13:15+00:00Z</time>
      </trkpt>
      <trkpt lat="41.31729383" lon="-72.95912985">
        <time>2026-09-07T13:13:16+00:00Z</time>
      </trkpt>
      <trkpt lat="41.31730632" lon="-72.95916690">
        <time>2026-09-07T13:13:17+00:00Z</time>
      </trkpt>
      <trkpt lat="41.31731361" lon="-72.95919187">
        <time>2026-09-07T13:13:18+00:00Z</time>
      </trkpt>
      <trkpt lat="41.31732250" lon="-72.95922909">
        <time>2026-09-07T13:13:19+00:00Z</time>
      </trkpt>
      <trkpt lat="41.31733038" lon="-72.95925692">
        <time>2026-09-07T13:13:20+00:00Z</time>
      </trkpt>
      <trkpt lat="41.31734228" lon="-72.95928642">
        <time>2026-09-07T13:13:21+00:00Z</time>
      </trkpt>
      <trkpt lat="41.31735485" lon="-72.95931509">
        <time>2026-09-07T13:13:22+00:00Z</time>
      </trkpt>
      <trkpt lat="41.31736181" lon="-72.95934283">
        <time>2026-09-07T13:13:23+00:00Z</time>
      </trkpt>
      <trkpt lat="41.31737539" lon="-72.95937946">
        <time>2026-09-07T13:13:24+00:00Z</time>
      </trkpt>
      <trkpt lat="41.31738955" lon="-72.95939405">
        <time>2026-09-07T13:13:25+00:00Z</time>
      </trkpt>
      <trkpt lat="41.31740497" lon="-72.95942212">
        <time>2026-09-07T13:13:26+00:00Z</time>
      </trkpt>
      <trkpt lat="41.31741168" lon="-72.95944685">
        <time>2026-09-07T13:13:27+00:00Z</time>
      </trkpt>
      <trkpt lat="41.31741864" lon="-72.95946261">
        <time>2026-09-07T13:13:28+00:00Z</time>
      </trkpt>
      <trkpt lat="41.31743180" lon="-72.95947736">
        <time>2026-09-07T13:13:29+00:00Z</time>
      </trkpt>
      <trkpt lat="41.31744177" lon="-72.95949010">
        <time>2026-09-07T13:13:30+00:00Z</time>
      </trkpt>
      <trkpt lat="41.31744990" lon="-72.95950108">
        <time>2026-09-07T13:13:31+00:00Z</time>
      </trkpt>
      <trkpt lat="41.31745594" lon="-72.95951382">
        <time>2026-09-07T13:13:32+00:00Z</time>
      </trkpt>
      <trkpt lat="41.31746097" lon="-72.95952782">
        <time>2026-09-07T13:13:33+00:00Z</time>
      </trkpt>
      <trkpt lat="41.31746591" lon="-72.95954383">
        <time>2026-09-07T13:13:34+00:00Z</time>
      </trkpt>
      <trkpt lat="41.31747161" lon="-72.95955766">
        <time>2026-09-07T13:13:35+00:00Z</time>
      </trkpt>
      <trkpt lat="41.31747739" lon="-72.95957350">
        <time>2026-09-07T13:13:36+00:00Z</time>
      </trkpt>
      <trkpt lat="41.31748309" lon="-72.95958918">
        <time>2026-09-07T13:13:37+00:00Z</time>
      </trkpt>
      <trkpt lat="41.31748963" lon="-72.95960527">
        <time>2026-09-07T13:13:38+00:00Z</time>
      </trkpt>
      <trkpt lat="41.31749441" lon="-72.95962203">
        <time>2026-09-07T13:13:39+00:00Z</time>
      </trkpt>
      <trkpt lat="41.31749927" lon="-72.95964181">
        <time>2026-09-07T13:13:40+00:00Z</time>
      </trkpt>
      <trkpt lat="41.31750547" lon="-72.95966260">
        <time>2026-09-07T13:13:41+00:00Z</time>
      </trkpt>
      <trkpt lat="41.31751218" lon="-72.95967962">
        <time>2026-09-07T13:13:42+00:00Z</time>
      </trkpt>
      <trkpt lat="41.31751905" lon="-72.95969638">
        <time>2026-09-07T13:13:43+00:00Z</time>
      </trkpt>
      <trkpt lat="41.31752517" lon="-72.95971373">
        <time>2026-09-07T13:13:44+00:00Z</time>
      </trkpt>
      <trkpt lat="41.31753171" lon="-72.95972848">
        <time>2026-09-07T13:13:45+00:00Z</time>
      </trkpt>
      <trkpt lat="41.31753825" lon="-72.95974307">
        <time>2026-09-07T13:13:46+00:00Z</time>
      </trkpt>
      <trkpt lat="41.31754378" lon="-72.95975698">
        <time>2026-09-07T13:13:47+00:00Z</time>
      </trkpt>
      <trkpt lat="41.31755141" lon="-72.95977173">
        <time>2026-09-07T13:13:48+00:00Z</time>
      </trkpt>
      <trkpt lat="41.31756113" lon="-72.95978431">
        <time>2026-09-07T13:13:49+00:00Z</time>
      </trkpt>
      <trkpt lat="41.31757437" lon="-72.95980191">
        <time>2026-09-07T13:13:50+00:00Z</time>
      </trkpt>
      <trkpt lat="41.31758619" lon="-72.95981716">
        <time>2026-09-07T13:13:51+00:00Z</time>
      </trkpt>
      <trkpt lat="41.31760295" lon="-72.95983887">
        <time>2026-09-07T13:13:52+00:00Z</time>
      </trkpt>
      <trkpt lat="41.31761695" lon="-72.95985505">
        <time>2026-09-07T13:13:53+00:00Z</time>
      </trkpt>
      <trkpt lat="41.31763414" lon="-72.95986854">
        <time>2026-09-07T13:13:54+00:00Z</time>
      </trkpt>
      <trkpt lat="41.31765115" lon="-72.95987802">
        <time>2026-09-07T13:13:55+00:00Z</time>
      </trkpt>
      <trkpt lat="41.31766791" lon="-72.95988581">
        <time>2026-09-07T13:13:56+00:00Z</time>
      </trkpt>
      <trkpt lat="41.31768962" lon="-72.95989210">
        <time>2026-09-07T13:13:57+00:00Z</time>
      </trkpt>
      <trkpt lat="41.31770471" lon="-72.95989377">
        <time>2026-09-07T13:13:58+00:00Z</time>
      </trkpt>
      <trkpt lat="41.31773572" lon="-72.95989227">
        <time>2026-09-07T13:13:59+00:00Z</time>
      </trkpt>
      <trkpt lat="41.31775534" lon="-72.95989495">
        <time>2026-09-07T13:14:00+00:00Z</time>
      </trkpt>
      <trkpt lat="41.31778384" lon="-72.95989025">
        <time>2026-09-07T13:14:01+00:00Z</time>
      </trkpt>
      <trkpt lat="41.31780110" lon="-72.95989319">
        <time>2026-09-07T13:14:02+00:00Z</time>
      </trkpt>
      <trkpt lat="41.31782633" lon="-72.95988900">
        <time>2026-09-07T13:14:03+00:00Z</time>
      </trkpt>
      <trkpt lat="41.31784502" lon="-72.95988967">
        <time>2026-09-07T13:14:04+00:00Z</time>
      </trkpt>
      <trkpt lat="41.31786212" lon="-72.95988866">
        <time>2026-09-07T13:14:05+00:00Z</time>
      </trkpt>
      <trkpt lat="41.31788383" lon="-72.95988665">
        <time>2026-09-07T13:14:06+00:00Z</time>
      </trkpt>
      <trkpt lat="41.31790060" lon="-72.95988933">
        <time>2026-09-07T13:14:07+00:00Z</time>
      </trkpt>
      <trkpt lat="41.31792750" lon="-72.95989126">
        <time>2026-09-07T13:14:08+00:00Z</time>
      </trkpt>
      <trkpt lat="41.31794485" lon="-72.95989394">
        <time>2026-09-07T13:14:09+00:00Z</time>
      </trkpt>
      <trkpt lat="41.31797293" lon="-72.95988833">
        <time>2026-09-07T13:14:10+00:00Z</time>
      </trkpt>
      <trkpt lat="41.31798827" lon="-72.95988958">
        <time>2026-09-07T13:14:11+00:00Z</time>
      </trkpt>
      <trkpt lat="41.31801275" lon="-72.95988623">
        <time>2026-09-07T13:14:12+00:00Z</time>
      </trkpt>
      <trkpt lat="41.31802800" lon="-72.95989268">
        <time>2026-09-07T13:14:13+00:00Z</time>
      </trkpt>
      <trkpt lat="41.31804661" lon="-72.95989009">
        <time>2026-09-07T13:14:14+00:00Z</time>
      </trkpt>
      <trkpt lat="41.31806647" lon="-72.95988321">
        <time>2026-09-07T13:14:15+00:00Z</time>
      </trkpt>
      <trkpt lat="41.31808299" lon="-72.95988388">
        <time>2026-09-07T13:14:16+00:00Z</time>
      </trkpt>
      <trkpt lat="41.31811392" lon="-72.95988045">
        <time>2026-09-07T13:14:17+00:00Z</time>
      </trkpt>
      <trkpt lat="41.31813085" lon="-72.95988690">
        <time>2026-09-07T13:14:18+00:00Z</time>
      </trkpt>
      <trkpt lat="41.31816044" lon="-72.95988279">
        <time>2026-09-07T13:14:19+00:00Z</time>
      </trkpt>
      <trkpt lat="41.31817879" lon="-72.95988263">
        <time>2026-09-07T13:14:20+00:00Z</time>
      </trkpt>
      <trkpt lat="41.31820017" lon="-72.95988061">
        <time>2026-09-07T13:14:21+00:00Z</time>
      </trkpt>
      <trkpt lat="41.31822447" lon="-72.95988237">
        <time>2026-09-07T13:14:22+00:00Z</time>
      </trkpt>
      <trkpt lat="41.31824409" lon="-72.95988388">
        <time>2026-09-07T13:14:23+00:00Z</time>
      </trkpt>
      <trkpt lat="41.31827259" lon="-72.95987902">
        <time>2026-09-07T13:14:24+00:00Z</time>
      </trkpt>
      <trkpt lat="41.31828943" lon="-72.95987818">
        <time>2026-09-07T13:14:25+00:00Z</time>
      </trkpt>
      <trkpt lat="41.31831709" lon="-72.95986896">
        <time>2026-09-07T13:14:26+00:00Z</time>
      </trkpt>
      <trkpt lat="41.31833293" lon="-72.95986519">
        <time>2026-09-07T13:14:27+00:00Z</time>
      </trkpt>
      <trkpt lat="41.31835548" lon="-72.95986008">
        <time>2026-09-07T13:14:28+00:00Z</time>
      </trkpt>
      <trkpt lat="41.31837300" lon="-72.95986243">
        <time>2026-09-07T13:14:29+00:00Z</time>
      </trkpt>
      <trkpt lat="41.31839613" lon="-72.95985823">
        <time>2026-09-07T13:14:30+00:00Z</time>
      </trkpt>
      <trkpt lat="41.31841617" lon="-72.95985756">
        <time>2026-09-07T13:14:31+00:00Z</time>
      </trkpt>
      <trkpt lat="41.31843503" lon="-72.95985765">
        <time>2026-09-07T13:14:32+00:00Z</time>
      </trkpt>
      <trkpt lat="41.31845808" lon="-72.95985195">
        <time>2026-09-07T13:14:33+00:00Z</time>
      </trkpt>
      <trkpt lat="41.31847744" lon="-72.95985145">
        <time>2026-09-07T13:14:34+00:00Z</time>
      </trkpt>
      <trkpt lat="41.31850569" lon="-72.95985362">
        <time>2026-09-07T13:14:35+00:00Z</time>
      </trkpt>
      <trkpt lat="41.31852371" lon="-72.95985748">
        <time>2026-09-07T13:14:36+00:00Z</time>
      </trkpt>
      <trkpt lat="41.31855329" lon="-72.95985170">
        <time>2026-09-07T13:14:37+00:00Z</time>
      </trkpt>
      <trkpt lat="41.31857048" lon="-72.95984466">
        <time>2026-09-07T13:14:38+00:00Z</time>
      </trkpt>
      <trkpt lat="41.31859621" lon="-72.95984357">
        <time>2026-09-07T13:14:39+00:00Z</time>
      </trkpt>
      <trkpt lat="41.31861524" lon="-72.95984466">
        <time>2026-09-07T13:14:40+00:00Z</time>
      </trkpt>
      <trkpt lat="41.31863594" lon="-72.95984382">
        <time>2026-09-07T13:14:41+00:00Z</time>
      </trkpt>
      <trkpt lat="41.31865798" lon="-72.95984256">
        <time>2026-09-07T13:14:42+00:00Z</time>
      </trkpt>
      <trkpt lat="41.31867617" lon="-72.95984164">
        <time>2026-09-07T13:14:43+00:00Z</time>
      </trkpt>
      <trkpt lat="41.31870132" lon="-72.95983233">
        <time>2026-09-07T13:14:44+00:00Z</time>
      </trkpt>
      <trkpt lat="41.31871473" lon="-72.95983720">
        <time>2026-09-07T13:14:45+00:00Z</time>
      </trkpt>
      <trkpt lat="41.31874323" lon="-72.95982898">
        <time>2026-09-07T13:14:46+00:00Z</time>
      </trkpt>
      <trkpt lat="41.31876133" lon="-72.95982731">
        <time>2026-09-07T13:14:47+00:00Z</time>
      </trkpt>
      <trkpt lat="41.31879067" lon="-72.95981884">
        <time>2026-09-07T13:14:48+00:00Z</time>
      </trkpt>
      <trkpt lat="41.31881112" lon="-72.95981775">
        <time>2026-09-07T13:14:49+00:00Z</time>
      </trkpt>
      <trkpt lat="41.31883409" lon="-72.95980937">
        <time>2026-09-07T13:14:50+00:00Z</time>
      </trkpt>
      <trkpt lat="41.31885555" lon="-72.95980199">
        <time>2026-09-07T13:14:51+00:00Z</time>
      </trkpt>
      <trkpt lat="41.31887441" lon="-72.95979571">
        <time>2026-09-07T13:14:52+00:00Z</time>
      </trkpt>
      <trkpt lat="41.31890282" lon="-72.95978774">
        <time>2026-09-07T13:14:53+00:00Z</time>
      </trkpt>
      <trkpt lat="41.31891967" lon="-72.95978833">
        <time>2026-09-07T13:14:54+00:00Z</time>
      </trkpt>
      <trkpt lat="41.31894900" lon="-72.95978070">
        <time>2026-09-07T13:14:55+00:00Z</time>
      </trkpt>
      <trkpt lat="41.31896728" lon="-72.95978095">
        <time>2026-09-07T13:14:56+00:00Z</time>
      </trkpt>
      <trkpt lat="41.31898915" lon="-72.95977266">
        <time>2026-09-07T13:14:57+00:00Z</time>
      </trkpt>
      <trkpt lat="41.31900726" lon="-72.95977324">
        <time>2026-09-07T13:14:58+00:00Z</time>
      </trkpt>
      <trkpt lat="41.31902863" lon="-72.95976620">
        <time>2026-09-07T13:14:59+00:00Z</time>
      </trkpt>
      <trkpt lat="41.31904992" lon="-72.95975841">
        <time>2026-09-07T13:15:00+00:00Z</time>
      </trkpt>
      <trkpt lat="41.31906493" lon="-72.95975606">
        <time>2026-09-07T13:15:01+00:00Z</time>
      </trkpt>
      <trkpt lat="41.31909259" lon="-72.95974466">
        <time>2026-09-07T13:15:02+00:00Z</time>
      </trkpt>
      <trkpt lat="41.31911019" lon="-72.95974072">
        <time>2026-09-07T13:15:03+00:00Z</time>
      </trkpt>
      <trkpt lat="41.31913584" lon="-72.95973284">
        <time>2026-09-07T13:15:04+00:00Z</time>
      </trkpt>
      <trkpt lat="41.31915151" lon="-72.95973100">
        <time>2026-09-07T13:15:05+00:00Z</time>
      </trkpt>
      <trkpt lat="41.31917641" lon="-72.95972480">
        <time>2026-09-07T13:15:06+00:00Z</time>
      </trkpt>
      <trkpt lat="41.31919409" lon="-72.95972320">
        <time>2026-09-07T13:15:07+00:00Z</time>
      </trkpt>
      <trkpt lat="41.31921748" lon="-72.95971918">
        <time>2026-09-07T13:15:08+00:00Z</time>
      </trkpt>
      <trkpt lat="41.31924019" lon="-72.95971792">
        <time>2026-09-07T13:15:09+00:00Z</time>
      </trkpt>
      <trkpt lat="41.31926257" lon="-72.95971381">
        <time>2026-09-07T13:15:10+00:00Z</time>
      </trkpt>
      <trkpt lat="41.31928411" lon="-72.95970434">
        <time>2026-09-07T13:15:11+00:00Z</time>
      </trkpt>
      <trkpt lat="41.31930398" lon="-72.95969915">
        <time>2026-09-07T13:15:12+00:00Z</time>
      </trkpt>
      <trkpt lat="41.31933390" lon="-72.95968750">
        <time>2026-09-07T13:15:13+00:00Z</time>
      </trkpt>
      <trkpt lat="41.31935234" lon="-72.95968548">
        <time>2026-09-07T13:15:14+00:00Z</time>
      </trkpt>
      <trkpt lat="41.31937866" lon="-72.95967517">
        <time>2026-09-07T13:15:15+00:00Z</time>
      </trkpt>
      <trkpt lat="41.31940079" lon="-72.95967283">
        <time>2026-09-07T13:15:16+00:00Z</time>
      </trkpt>
      <trkpt lat="41.31942116" lon="-72.95966562">
        <time>2026-09-07T13:15:17+00:00Z</time>
      </trkpt>
      <trkpt lat="41.31944329" lon="-72.95965858">
        <time>2026-09-07T13:15:18+00:00Z</time>
      </trkpt>
      <trkpt lat="41.31946189" lon="-72.95964994">
        <time>2026-09-07T13:15:19+00:00Z</time>
      </trkpt>
      <trkpt lat="41.31949073" lon="-72.95963653">
        <time>2026-09-07T13:15:20+00:00Z</time>
      </trkpt>
      <trkpt lat="41.31950833" lon="-72.95963880">
        <time>2026-09-07T13:15:21+00:00Z</time>
      </trkpt>
      <trkpt lat="41.31954018" lon="-72.95963301">
        <time>2026-09-07T13:15:22+00:00Z</time>
      </trkpt>
      <trkpt lat="41.31956080" lon="-72.95962958">
        <time>2026-09-07T13:15:23+00:00Z</time>
      </trkpt>
      <trkpt lat="41.31958779" lon="-72.95962438">
        <time>2026-09-07T13:15:24+00:00Z</time>
      </trkpt>
      <trkpt lat="41.31961101" lon="-72.95962178">
        <time>2026-09-07T13:15:25+00:00Z</time>
      </trkpt>
      <trkpt lat="41.31962987" lon="-72.95961499">
        <time>2026-09-07T13:15:26+00:00Z</time>
      </trkpt>
      <trkpt lat="41.31965702" lon="-72.95960259">
        <time>2026-09-07T13:15:27+00:00Z</time>
      </trkpt>
      <trkpt lat="41.31967245" lon="-72.95959731">
        <time>2026-09-07T13:15:28+00:00Z</time>
      </trkpt>
      <trkpt lat="41.31969491" lon="-72.95958993">
        <time>2026-09-07T13:15:29+00:00Z</time>
      </trkpt>
      <trkpt lat="41.31971142" lon="-72.95958532">
        <time>2026-09-07T13:15:30+00:00Z</time>
      </trkpt>
      <trkpt lat="41.31973640" lon="-72.95956856">
        <time>2026-09-07T13:15:31+00:00Z</time>
      </trkpt>
      <trkpt lat="41.31975467" lon="-72.95956126">
        <time>2026-09-07T13:15:32+00:00Z</time>
      </trkpt>
      <trkpt lat="41.31977957" lon="-72.95954643">
        <time>2026-09-07T13:15:33+00:00Z</time>
      </trkpt>
      <trkpt lat="41.31980329" lon="-72.95953813">
        <time>2026-09-07T13:15:34+00:00Z</time>
      </trkpt>
      <trkpt lat="41.31982508" lon="-72.95953260">
        <time>2026-09-07T13:15:35+00:00Z</time>
      </trkpt>
      <trkpt lat="41.31984914" lon="-72.95952078">
        <time>2026-09-07T13:15:36+00:00Z</time>
      </trkpt>
      <trkpt lat="41.31986900" lon="-72.95951449">
        <time>2026-09-07T13:15:37+00:00Z</time>
      </trkpt>
      <trkpt lat="41.31989591" lon="-72.95950066">
        <time>2026-09-07T13:15:38+00:00Z</time>
      </trkpt>
      <trkpt lat="41.31991418" lon="-72.95949245">
        <time>2026-09-07T13:15:39+00:00Z</time>
      </trkpt>
      <trkpt lat="41.31993698" lon="-72.95948348">
        <time>2026-09-07T13:15:40+00:00Z</time>
      </trkpt>
      <trkpt lat="41.31995676" lon="-72.95947862">
        <time>2026-09-07T13:15:41+00:00Z</time>
      </trkpt>
      <trkpt lat="41.31997663" lon="-72.95946831">
        <time>2026-09-07T13:15:42+00:00Z</time>
      </trkpt>
      <trkpt lat="41.32000471" lon="-72.95945758">
        <time>2026-09-07T13:15:43+00:00Z</time>
      </trkpt>
      <trkpt lat="41.32002189" lon="-72.95945196">
        <time>2026-09-07T13:15:44+00:00Z</time>
      </trkpt>
      <trkpt lat="41.32004703" lon="-72.95944048">
        <time>2026-09-07T13:15:45+00:00Z</time>
      </trkpt>
      <trkpt lat="41.32006807" lon="-72.95943252">
        <time>2026-09-07T13:15:46+00:00Z</time>
      </trkpt>
      <trkpt lat="41.32009255" lon="-72.95941860">
        <time>2026-09-07T13:15:47+00:00Z</time>
      </trkpt>
      <trkpt lat="41.32011920" lon="-72.95940762">
        <time>2026-09-07T13:15:48+00:00Z</time>
      </trkpt>
      <trkpt lat="41.32014024" lon="-72.95939974">
        <time>2026-09-07T13:15:49+00:00Z</time>
      </trkpt>
      <trkpt lat="41.32016673" lon="-72.95937921">
        <time>2026-09-07T13:15:50+00:00Z</time>
      </trkpt>
      <trkpt lat="41.32018198" lon="-72.95937192">
        <time>2026-09-07T13:15:51+00:00Z</time>
      </trkpt>
      <trkpt lat="41.32021056" lon="-72.95935683">
        <time>2026-09-07T13:15:52+00:00Z</time>
      </trkpt>
      <trkpt lat="41.32022984" lon="-72.95934727">
        <time>2026-09-07T13:15:53+00:00Z</time>
      </trkpt>
      <trkpt lat="41.32025088" lon="-72.95933738">
        <time>2026-09-07T13:15:54+00:00Z</time>
      </trkpt>
      <trkpt lat="41.32027192" lon="-72.95932515">
        <time>2026-09-07T13:15:55+00:00Z</time>
      </trkpt>
      <trkpt lat="41.32029011" lon="-72.95932079">
        <time>2026-09-07T13:15:56+00:00Z</time>
      </trkpt>
      <trkpt lat="41.32031551" lon="-72.95930754">
        <time>2026-09-07T13:15:57+00:00Z</time>
      </trkpt>
      <trkpt lat="41.32033227" lon="-72.95930067">
        <time>2026-09-07T13:15:58+00:00Z</time>
      </trkpt>
      <trkpt lat="41.32035624" lon="-72.95929028">
        <time>2026-09-07T13:15:59+00:00Z</time>
      </trkpt>
      <trkpt lat="41.32037577" lon="-72.95928324">
        <time>2026-09-07T13:16:00+00:00Z</time>
      </trkpt>
      <trkpt lat="41.32039580" lon="-72.95927670">
        <time>2026-09-07T13:16:01+00:00Z</time>
      </trkpt>
      <trkpt lat="41.32041760" lon="-72.95926932">
        <time>2026-09-07T13:16:02+00:00Z</time>
      </trkpt>
      <trkpt lat="41.32043646" lon="-72.95926262">
        <time>2026-09-07T13:16:03+00:00Z</time>
      </trkpt>
      <trkpt lat="41.32045783" lon="-72.95925080">
        <time>2026-09-07T13:16:04+00:00Z</time>
      </trkpt>
      <trkpt lat="41.32047803" lon="-72.95924032">
        <time>2026-09-07T13:16:05+00:00Z</time>
      </trkpt>
      <trkpt lat="41.32050058" lon="-72.95922473">
        <time>2026-09-07T13:16:06+00:00Z</time>
      </trkpt>
      <trkpt lat="41.32052095" lon="-72.95921551">
        <time>2026-09-07T13:16:07+00:00Z</time>
      </trkpt>
      <trkpt lat="41.32054400" lon="-72.95920269">
        <time>2026-09-07T13:16:08+00:00Z</time>
      </trkpt>
      <trkpt lat="41.32056369" lon="-72.95919548">
        <time>2026-09-07T13:16:09+00:00Z</time>
      </trkpt>
      <trkpt lat="41.32058381" lon="-72.95918450">
        <time>2026-09-07T13:16:10+00:00Z</time>
      </trkpt>
      <trkpt lat="41.32060577" lon="-72.95917477">
        <time>2026-09-07T13:16:11+00:00Z</time>
      </trkpt>
      <trkpt lat="41.32062899" lon="-72.95916966">
        <time>2026-09-07T13:16:12+00:00Z</time>
      </trkpt>
      <trkpt lat="41.32065196" lon="-72.95915198">
        <time>2026-09-07T13:16:13+00:00Z</time>
      </trkpt>
      <trkpt lat="41.32067182" lon="-72.95914804">
        <time>2026-09-07T13:16:14+00:00Z</time>
      </trkpt>
      <trkpt lat="41.32069470" lon="-72.95913144">
        <time>2026-09-07T13:16:15+00:00Z</time>
      </trkpt>
      <trkpt lat="41.32071465" lon="-72.95912046">
        <time>2026-09-07T13:16:16+00:00Z</time>
      </trkpt>
      <trkpt lat="41.32073728" lon="-72.95910780">
        <time>2026-09-07T13:16:17+00:00Z</time>
      </trkpt>
      <trkpt lat="41.32076260" lon="-72.95909833">
        <time>2026-09-07T13:16:18+00:00Z</time>
      </trkpt>
      <trkpt lat="41.32078271" lon="-72.95909733">
        <time>2026-09-07T13:16:19+00:00Z</time>
      </trkpt>
      <trkpt lat="41.32081289" lon="-72.95908408">
        <time>2026-09-07T13:16:20+00:00Z</time>
      </trkpt>
      <trkpt lat="41.32083066" lon="-72.95907721">
        <time>2026-09-07T13:16:21+00:00Z</time>
      </trkpt>
      <trkpt lat="41.32085597" lon="-72.95905877">
        <time>2026-09-07T13:16:22+00:00Z</time>
      </trkpt>
      <trkpt lat="41.32087424" lon="-72.95905148">
        <time>2026-09-07T13:16:23+00:00Z</time>
      </trkpt>
      <trkpt lat="41.32089570" lon="-72.95904242">
        <time>2026-09-07T13:16:24+00:00Z</time>
      </trkpt>
      <trkpt lat="41.32091942" lon="-72.95903153">
        <time>2026-09-07T13:16:25+00:00Z</time>
      </trkpt>
      <trkpt lat="41.32093853" lon="-72.95902315">
        <time>2026-09-07T13:16:26+00:00Z</time>
      </trkpt>
      <trkpt lat="41.32096577" lon="-72.95900940">
        <time>2026-09-07T13:16:27+00:00Z</time>
      </trkpt>
      <trkpt lat="41.32098589" lon="-72.95900663">
        <time>2026-09-07T13:16:28+00:00Z</time>
      </trkpt>
      <trkpt lat="41.32101280" lon="-72.95899205">
        <time>2026-09-07T13:16:29+00:00Z</time>
      </trkpt>
      <trkpt lat="41.32102998" lon="-72.95898769">
        <time>2026-09-07T13:16:30+00:00Z</time>
      </trkpt>
      <trkpt lat="41.32105311" lon="-72.95897336">
        <time>2026-09-07T13:16:31+00:00Z</time>
      </trkpt>
      <trkpt lat="41.32107398" lon="-72.95896372">
        <time>2026-09-07T13:16:32+00:00Z</time>
      </trkpt>
      <trkpt lat="41.32109234" lon="-72.95895802">
        <time>2026-09-07T13:16:33+00:00Z</time>
      </trkpt>
      <trkpt lat="41.32111732" lon="-72.95894427">
        <time>2026-09-07T13:16:34+00:00Z</time>
      </trkpt>
      <trkpt lat="41.32113450" lon="-72.95893690">
        <time>2026-09-07T13:16:35+00:00Z</time>
      </trkpt>
      <trkpt lat="41.32116325" lon="-72.95891938">
        <time>2026-09-07T13:16:36+00:00Z</time>
      </trkpt>
      <trkpt lat="41.32117993" lon="-72.95891762">
        <time>2026-09-07T13:16:37+00:00Z</time>
      </trkpt>
      <trkpt lat="41.32120457" lon="-72.95890613">
        <time>2026-09-07T13:16:38+00:00Z</time>
      </trkpt>
      <trkpt lat="41.32122871" lon="-72.95889784">
        <time>2026-09-07T13:16:39+00:00Z</time>
      </trkpt>
      <trkpt lat="41.32125126" lon="-72.95889306">
        <time>2026-09-07T13:16:40+00:00Z</time>
      </trkpt>
      <trkpt lat="41.32127976" lon="-72.95888216">
        <time>2026-09-07T13:16:41+00:00Z</time>
      </trkpt>
      <trkpt lat="41.32129828" lon="-72.95887856">
        <time>2026-09-07T13:16:42+00:00Z</time>
      </trkpt>
      <trkpt lat="41.32132217" lon="-72.95886548">
        <time>2026-09-07T13:16:43+00:00Z</time>
      </trkpt>
      <trkpt lat="41.32133852" lon="-72.95886246">
        <time>2026-09-07T13:16:44+00:00Z</time>
      </trkpt>
      <trkpt lat="41.32136199" lon="-72.95885450">
        <time>2026-09-07T13:16:45+00:00Z</time>
      </trkpt>
      <trkpt lat="41.32138621" lon="-72.95885073">
        <time>2026-09-07T13:16:46+00:00Z</time>
      </trkpt>
      <trkpt lat="41.32141018" lon="-72.95884578">
        <time>2026-09-07T13:16:47+00:00Z</time>
      </trkpt>
      <trkpt lat="41.32144111" lon="-72.95883698">
        <time>2026-09-07T13:16:48+00:00Z</time>
      </trkpt>
      <trkpt lat="41.32146408" lon="-72.95883782">
        <time>2026-09-07T13:16:49+00:00Z</time>
      </trkpt>
      <trkpt lat="41.32148922" lon="-72.95882617">
        <time>2026-09-07T13:16:50+00:00Z</time>
      </trkpt>
      <trkpt lat="41.32150884" lon="-72.95882324">
        <time>2026-09-07T13:16:51+00:00Z</time>
      </trkpt>
      <trkpt lat="41.32153491" lon="-72.95880832">
        <time>2026-09-07T13:16:52+00:00Z</time>
      </trkpt>
      <trkpt lat="41.32155477" lon="-72.95880304">
        <time>2026-09-07T13:16:53+00:00Z</time>
      </trkpt>
      <trkpt lat="41.32158126" lon="-72.95879172">
        <time>2026-09-07T13:16:54+00:00Z</time>
      </trkpt>
      <trkpt lat="41.32160179" lon="-72.95878166">
        <time>2026-09-07T13:16:55+00:00Z</time>
      </trkpt>
      <trkpt lat="41.32162367" lon="-72.95877747">
        <time>2026-09-07T13:16:56+00:00Z</time>
      </trkpt>
      <trkpt lat="41.32164630" lon="-72.95876901">
        <time>2026-09-07T13:16:57+00:00Z</time>
      </trkpt>
      <trkpt lat="41.32166944" lon="-72.95876247">
        <time>2026-09-07T13:16:58+00:00Z</time>
      </trkpt>
      <trkpt lat="41.32169961" lon="-72.95875476">
        <time>2026-09-07T13:16:59+00:00Z</time>
      </trkpt>
      <trkpt lat="41.32171897" lon="-72.95875224">
        <time>2026-09-07T13:17:00+00:00Z</time>
      </trkpt>
      <trkpt lat="41.32174563" lon="-72.95873799">
        <time>2026-09-07T13:17:01+00:00Z</time>
      </trkpt>
      <trkpt lat="41.32176432" lon="-72.95873146">
        <time>2026-09-07T13:17:02+00:00Z</time>
      </trkpt>
      <trkpt lat="41.32178812" lon="-72.95871980">
        <time>2026-09-07T13:17:03+00:00Z</time>
      </trkpt>
      <trkpt lat="41.32181025" lon="-72.95871327">
        <time>2026-09-07T13:17:04+00:00Z</time>
      </trkpt>
      <trkpt lat="41.32183255" lon="-72.95870882">
        <time>2026-09-07T13:17:05+00:00Z</time>
      </trkpt>
      <trkpt lat="41.32185903" lon="-72.95870329">
        <time>2026-09-07T13:17:06+00:00Z</time>
      </trkpt>
      <trkpt lat="41.32187798" lon="-72.95870229">
        <time>2026-09-07T13:17:07+00:00Z</time>
      </trkpt>
      <trkpt lat="41.32190446" lon="-72.95869240">
        <time>2026-09-07T13:17:08+00:00Z</time>
      </trkpt>
      <trkpt lat="41.32192383" lon="-72.95869340">
        <time>2026-09-07T13:17:09+00:00Z</time>
      </trkpt>
      <trkpt lat="41.32194981" lon="-72.95868762">
        <time>2026-09-07T13:17:10+00:00Z</time>
      </trkpt>
      <trkpt lat="41.32197152" lon="-72.95867940">
        <time>2026-09-07T13:17:11+00:00Z</time>
      </trkpt>
      <trkpt lat="41.32199474" lon="-72.95867697">
        <time>2026-09-07T13:17:12+00:00Z</time>
      </trkpt>
      <trkpt lat="41.32202072" lon="-72.95867614">
        <time>2026-09-07T13:17:13+00:00Z</time>
      </trkpt>
      <trkpt lat="41.32204520" lon="-72.95867521">
        <time>2026-09-07T13:17:14+00:00Z</time>
      </trkpt>
      <trkpt lat="41.32207537" lon="-72.95867127">
        <time>2026-09-07T13:17:15+00:00Z</time>
      </trkpt>
      <trkpt lat="41.32209473" lon="-72.95866742">
        <time>2026-09-07T13:17:16+00:00Z</time>
      </trkpt>
      <trkpt lat="41.32212088" lon="-72.95867069">
        <time>2026-09-07T13:17:17+00:00Z</time>
      </trkpt>
      <trkpt lat="41.32214100" lon="-72.95867044">
        <time>2026-09-07T13:17:18+00:00Z</time>
      </trkpt>
      <trkpt lat="41.32216556" lon="-72.95866222">
        <time>2026-09-07T13:17:19+00:00Z</time>
      </trkpt>
      <trkpt lat="41.32218920" lon="-72.95865728">
        <time>2026-09-07T13:17:20+00:00Z</time>
      </trkpt>
      <trkpt lat="41.32221007" lon="-72.95865577">
        <time>2026-09-07T13:17:21+00:00Z</time>
      </trkpt>
      <trkpt lat="41.32223899" lon="-72.95864990">
        <time>2026-09-07T13:17:22+00:00Z</time>
      </trkpt>
      <trkpt lat="41.32225743" lon="-72.95864948">
        <time>2026-09-07T13:17:23+00:00Z</time>
      </trkpt>
      <trkpt lat="41.32228425" lon="-72.95864671">
        <time>2026-09-07T13:17:24+00:00Z</time>
      </trkpt>
      <trkpt lat="41.32230654" lon="-72.95864705">
        <time>2026-09-07T13:17:25+00:00Z</time>
      </trkpt>
      <trkpt lat="41.32233303" lon="-72.95864185">
        <time>2026-09-07T13:17:26+00:00Z</time>
      </trkpt>
      <trkpt lat="41.32235960" lon="-72.95863423">
        <time>2026-09-07T13:17:27+00:00Z</time>
      </trkpt>
      <trkpt lat="41.32238089" lon="-72.95861947">
        <time>2026-09-07T13:17:28+00:00Z</time>
      </trkpt>
      <trkpt lat="41.32241274" lon="-72.95861168">
        <time>2026-09-07T13:17:29+00:00Z</time>
      </trkpt>
      <trkpt lat="41.32242875" lon="-72.95861612">
        <time>2026-09-07T13:17:30+00:00Z</time>
      </trkpt>
      <trkpt lat="41.32245147" lon="-72.95861302">
        <time>2026-09-07T13:17:31+00:00Z</time>
      </trkpt>
      <trkpt lat="41.32246463" lon="-72.95861461">
        <time>2026-09-07T13:17:32+00:00Z</time>
      </trkpt>
      <trkpt lat="41.32248810" lon="-72.95861419">
        <time>2026-09-07T13:17:33+00:00Z</time>
      </trkpt>
      <trkpt lat="41.32250645" lon="-72.95861126">
        <time>2026-09-07T13:17:34+00:00Z</time>
      </trkpt>
      <trkpt lat="41.32252858" lon="-72.95860958">
        <time>2026-09-07T13:17:35+00:00Z</time>
      </trkpt>
      <trkpt lat="41.32255113" lon="-72.95861394">
        <time>2026-09-07T13:17:36+00:00Z</time>
      </trkpt>
      <trkpt lat="41.32257435" lon="-72.95861830">
        <time>2026-09-07T13:17:37+00:00Z</time>
      </trkpt>
      <trkpt lat="41.32260226" lon="-72.95862232">
        <time>2026-09-07T13:17:38+00:00Z</time>
      </trkpt>
      <trkpt lat="41.32262313" lon="-72.95862408">
        <time>2026-09-07T13:17:39+00:00Z</time>
      </trkpt>
      <trkpt lat="41.32264936" lon="-72.95863079">
        <time>2026-09-07T13:17:40+00:00Z</time>
      </trkpt>
      <trkpt lat="41.32266395" lon="-72.95863959">
        <time>2026-09-07T13:17:41+00:00Z</time>
      </trkpt>
      <trkpt lat="41.32269035" lon="-72.95863833">
        <time>2026-09-07T13:17:42+00:00Z</time>
      </trkpt>
      <trkpt lat="41.32270753" lon="-72.95864713">
        <time>2026-09-07T13:17:43+00:00Z</time>
      </trkpt>
      <trkpt lat="41.32272933" lon="-72.95865485">
        <time>2026-09-07T13:17:44+00:00Z</time>
      </trkpt>
      <trkpt lat="41.32274919" lon="-72.95865627">
        <time>2026-09-07T13:17:45+00:00Z</time>
      </trkpt>
      <trkpt lat="41.32276797" lon="-72.95866189">
        <time>2026-09-07T13:17:46+00:00Z</time>
      </trkpt>
      <trkpt lat="41.32279370" lon="-72.95866373">
        <time>2026-09-07T13:17:47+00:00Z</time>
      </trkpt>
      <trkpt lat="41.32281541" lon="-72.95866993">
        <time>2026-09-07T13:17:48+00:00Z</time>
      </trkpt>
      <trkpt lat="41.32284475" lon="-72.95866960">
        <time>2026-09-07T13:17:49+00:00Z</time>
      </trkpt>
      <trkpt lat="41.32286671" lon="-72.95867731">
        <time>2026-09-07T13:17:50+00:00Z</time>
      </trkpt>
      <trkpt lat="41.32289244" lon="-72.95868594">
        <time>2026-09-07T13:17:51+00:00Z</time>
      </trkpt>
      <trkpt lat="41.32291348" lon="-72.95869198">
        <time>2026-09-07T13:17:52+00:00Z</time>
      </trkpt>
      <trkpt lat="41.32293594" lon="-72.95870136">
        <time>2026-09-07T13:17:53+00:00Z</time>
      </trkpt>
      <trkpt lat="41.32295958" lon="-72.95871469">
        <time>2026-09-07T13:17:54+00:00Z</time>
      </trkpt>
      <trkpt lat="41.32298112" lon="-72.95872492">
        <time>2026-09-07T13:17:55+00:00Z</time>
      </trkpt>
      <trkpt lat="41.32300643" lon="-72.95873690">
        <time>2026-09-07T13:17:56+00:00Z</time>
      </trkpt>
      <trkpt lat="41.32302345" lon="-72.95874545">
        <time>2026-09-07T13:17:57+00:00Z</time>
      </trkpt>
      <trkpt lat="41.32304792" lon="-72.95875937">
        <time>2026-09-07T13:17:58+00:00Z</time>
      </trkpt>
      <trkpt lat="41.32306661" lon="-72.95877420">
        <time>2026-09-07T13:17:59+00:00Z</time>
      </trkpt>
      <trkpt lat="41.32308749" lon="-72.95879348">
        <time>2026-09-07T13:18:00+00:00Z</time>
      </trkpt>
      <trkpt lat="41.32310660" lon="-72.95880999">
        <time>2026-09-07T13:18:01+00:00Z</time>
      </trkpt>
      <trkpt lat="41.32312914" lon="-72.95882835">
        <time>2026-09-07T13:18:02+00:00Z</time>
      </trkpt>
      <trkpt lat="41.32314809" lon="-72.95884470">
        <time>2026-09-07T13:18:03+00:00Z</time>
      </trkpt>
      <trkpt lat="41.32316426" lon="-72.95885978">
        <time>2026-09-07T13:18:04+00:00Z</time>
      </trkpt>
      <trkpt lat="41.32318480" lon="-72.95887764">
        <time>2026-09-07T13:18:05+00:00Z</time>
      </trkpt>
      <trkpt lat="41.32319779" lon="-72.95889121">
        <time>2026-09-07T13:18:06+00:00Z</time>
      </trkpt>
      <trkpt lat="41.32321891" lon="-72.95891033">
        <time>2026-09-07T13:18:07+00:00Z</time>
      </trkpt>
      <trkpt lat="41.32323492" lon="-72.95892692">
        <time>2026-09-07T13:18:08+00:00Z</time>
      </trkpt>
      <trkpt lat="41.32325026" lon="-72.95894603">
        <time>2026-09-07T13:18:09+00:00Z</time>
      </trkpt>
      <trkpt lat="41.32326686" lon="-72.95897378">
        <time>2026-09-07T13:18:10+00:00Z</time>
      </trkpt>
      <trkpt lat="41.32327817" lon="-72.95899272">
        <time>2026-09-07T13:18:11+00:00Z</time>
      </trkpt>
      <trkpt lat="41.32329586" lon="-72.95902147">
        <time>2026-09-07T13:18:12+00:00Z</time>
      </trkpt>
      <trkpt lat="41.32331036" lon="-72.95903522">
        <time>2026-09-07T13:18:13+00:00Z</time>
      </trkpt>
      <trkpt lat="41.32332654" lon="-72.95906640">
        <time>2026-09-07T13:18:14+00:00Z</time>
      </trkpt>
      <trkpt lat="41.32333442" lon="-72.95909230">
        <time>2026-09-07T13:18:15+00:00Z</time>
      </trkpt>
      <trkpt lat="41.32334724" lon="-72.95911971">
        <time>2026-09-07T13:18:16+00:00Z</time>
      </trkpt>
      <trkpt lat="41.32335939" lon="-72.95914846">
        <time>2026-09-07T13:18:17+00:00Z</time>
      </trkpt>
      <trkpt lat="41.32336803" lon="-72.95917285">
        <time>2026-09-07T13:18:18+00:00Z</time>
      </trkpt>
      <trkpt lat="41.32338555" lon="-72.95920336">
        <time>2026-09-07T13:18:19+00:00Z</time>
      </trkpt>
      <trkpt lat="41.32339845" lon="-72.95922490">
        <time>2026-09-07T13:18:20+00:00Z</time>
      </trkpt>
      <trkpt lat="41.32341530" lon="-72.95925667">
        <time>2026-09-07T13:18:21+00:00Z</time>
      </trkpt>
      <trkpt lat="41.32342125" lon="-72.95928047">
        <time>2026-09-07T13:18:22+00:00Z</time>
      </trkpt>
      <trkpt lat="41.32343257" lon="-72.95930612">
        <time>2026-09-07T13:18:23+00:00Z</time>
      </trkpt>
      <trkpt lat="41.32344321" lon="-72.95933680">
        <time>2026-09-07T13:18:24+00:00Z</time>
      </trkpt>
      <trkpt lat="41.32345193" lon="-72.95936127">
        <time>2026-09-07T13:18:25+00:00Z</time>
      </trkpt>
      <trkpt lat="41.32346786" lon="-72.95939857">
        <time>2026-09-07T13:18:26+00:00Z</time>
      </trkpt>
      <trkpt lat="41.32347523" lon="-72.95942196">
        <time>2026-09-07T13:18:27+00:00Z</time>
      </trkpt>
      <trkpt lat="41.32348873" lon="-72.95945590">
        <time>2026-09-07T13:18:28+00:00Z</time>
      </trkpt>
      <trkpt lat="41.32350071" lon="-72.95948675">
        <time>2026-09-07T13:18:29+00:00Z</time>
      </trkpt>
      <trkpt lat="41.32351178" lon="-72.95951877">
        <time>2026-09-07T13:18:30+00:00Z</time>
      </trkpt>
      <trkpt lat="41.32352636" lon="-72.95955255">
        <time>2026-09-07T13:18:31+00:00Z</time>
      </trkpt>
      <trkpt lat="41.32353391" lon="-72.95957434">
        <time>2026-09-07T13:18:32+00:00Z</time>
      </trkpt>
      <trkpt lat="41.32354824" lon="-72.95960871">
        <time>2026-09-07T13:18:33+00:00Z</time>
      </trkpt>
      <trkpt lat="41.32355419" lon="-72.95963553">
        <time>2026-09-07T13:18:34+00:00Z</time>
      </trkpt>
      <trkpt lat="41.32356031" lon="-72.95966931">
        <time>2026-09-07T13:18:35+00:00Z</time>
      </trkpt>
      <trkpt lat="41.32356836" lon="-72.95970216">
        <time>2026-09-07T13:18:36+00:00Z</time>
      </trkpt>
      <trkpt lat="41.32357137" lon="-72.95973343">
        <time>2026-09-07T13:18:37+00:00Z</time>
      </trkpt>
      <trkpt lat="41.32357950" lon="-72.95976914">
        <time>2026-09-07T13:18:38+00:00Z</time>
      </trkpt>
      <trkpt lat="41.32358244" lon="-72.95979545">
        <time>2026-09-07T13:18:39+00:00Z</time>
      </trkpt>
      <trkpt lat="41.32359283" lon="-72.95982873">
        <time>2026-09-07T13:18:40+00:00Z</time>
      </trkpt>
      <trkpt lat="41.32359845" lon="-72.95985706">
        <time>2026-09-07T13:18:41+00:00Z</time>
      </trkpt>
      <trkpt lat="41.32360272" lon="-72.95988380">
        <time>2026-09-07T13:18:42+00:00Z</time>
      </trkpt>
      <trkpt lat="41.32360901" lon="-72.95992110">
        <time>2026-09-07T13:18:43+00:00Z</time>
      </trkpt>
      <trkpt lat="41.32361370" lon="-72.95994926">
        <time>2026-09-07T13:18:44+00:00Z</time>
      </trkpt>
      <trkpt lat="41.32362778" lon="-72.95998489">
        <time>2026-09-07T13:18:45+00:00Z</time>
      </trkpt>
      <trkpt lat="41.32363390" lon="-72.96000919">
        <time>2026-09-07T13:18:46+00:00Z</time>
      </trkpt>
      <trkpt lat="41.32364371" lon="-72.96003677">
        <time>2026-09-07T13:18:47+00:00Z</time>
      </trkpt>
      <trkpt lat="41.32365134" lon="-72.96006502">
        <time>2026-09-07T13:18:48+00:00Z</time>
      </trkpt>
      <trkpt lat="41.32366106" lon="-72.96009117">
        <time>2026-09-07T13:18:49+00:00Z</time>
      </trkpt>
      <trkpt lat="41.32367321" lon="-72.96011866">
        <time>2026-09-07T13:18:50+00:00Z</time>
      </trkpt>
      <trkpt lat="41.32368168" lon="-72.96014188">
        <time>2026-09-07T13:18:51+00:00Z</time>
      </trkpt>
      <trkpt lat="41.32369123" lon="-72.96017314">
        <time>2026-09-07T13:18:52+00:00Z</time>
      </trkpt>
      <trkpt lat="41.32369836" lon="-72.96019820">
        <time>2026-09-07T13:18:53+00:00Z</time>
      </trkpt>
      <trkpt lat="41.32370691" lon="-72.96023031">
        <time>2026-09-07T13:18:54+00:00Z</time>
      </trkpt>
      <trkpt lat="41.32371630" lon="-72.96025679">
        <time>2026-09-07T13:18:55+00:00Z</time>
      </trkpt>
      <trkpt lat="41.32372485" lon="-72.96027591">
        <time>2026-09-07T13:18:56+00:00Z</time>
      </trkpt>
      <trkpt lat="41.32373155" lon="-72.96031320">
        <time>2026-09-07T13:18:57+00:00Z</time>
      </trkpt>
      <trkpt lat="41.32373641" lon="-72.96033910">
        <time>2026-09-07T13:18:58+00:00Z</time>
      </trkpt>
      <trkpt lat="41.32374714" lon="-72.96037171">
        <time>2026-09-07T13:18:59+00:00Z</time>
      </trkpt>
      <trkpt lat="41.32375418" lon="-72.96040180">
        <time>2026-09-07T13:19:00+00:00Z</time>
      </trkpt>
      <trkpt lat="41.32376567" lon="-72.96043256">
        <time>2026-09-07T13:19:01+00:00Z</time>
      </trkpt>
      <trkpt lat="41.32377740" lon="-72.96046064">
        <time>2026-09-07T13:19:02+00:00Z</time>
      </trkpt>
      <trkpt lat="41.32378729" lon="-72.96048889">
        <time>2026-09-07T13:19:03+00:00Z</time>
      </trkpt>
      <trkpt lat="41.32380137" lon="-72.96052367">
        <time>2026-09-07T13:19:04+00:00Z</time>
      </trkpt>
      <trkpt lat="41.32380741" lon="-72.96054689">
        <time>2026-09-07T13:19:05+00:00Z</time>
      </trkpt>
      <trkpt lat="41.32381562" lon="-72.96057179">
        <time>2026-09-07T13:19:06+00:00Z</time>
      </trkpt>
      <trkpt lat="41.32381973" lon="-72.96060381">
        <time>2026-09-07T13:19:07+00:00Z</time>
      </trkpt>
      <trkpt lat="41.32382593" lon="-72.96062526">
        <time>2026-09-07T13:19:08+00:00Z</time>
      </trkpt>
      <trkpt lat="41.32383054" lon="-72.96065619">
        <time>2026-09-07T13:19:09+00:00Z</time>
      </trkpt>
      <trkpt lat="41.32383700" lon="-72.96067824">
        <time>2026-09-07T13:19:10+00:00Z</time>
      </trkpt>
      <trkpt lat="41.32384881" lon="-72.96070925">
        <time>2026-09-07T13:19:11+00:00Z</time>
      </trkpt>
      <trkpt lat="41.32385502" lon="-72.96072828">
        <time>2026-09-07T13:19:12+00:00Z</time>
      </trkpt>
      <trkpt lat="41.32386725" lon="-72.96076323">
        <time>2026-09-07T13:19:13+00:00Z</time>
      </trkpt>
      <trkpt lat="41.32387220" lon="-72.96078142">
        <time>2026-09-07T13:19:14+00:00Z</time>
      </trkpt>
      <trkpt lat="41.32388662" lon="-72.96080807">
        <time>2026-09-07T13:19:15+00:00Z</time>
      </trkpt>
      <trkpt lat="41.32389206" lon="-72.96083230">
        <time>2026-09-07T13:19:16+00:00Z</time>
      </trkpt>
      <trkpt lat="41.32390028" lon="-72.96085870">
        <time>2026-09-07T13:19:17+00:00Z</time>
      </trkpt>
      <trkpt lat="41.32390665" lon="-72.96088401">
        <time>2026-09-07T13:19:18+00:00Z</time>
      </trkpt>
      <trkpt lat="41.32391009" lon="-72.96091201">
        <time>2026-09-07T13:19:19+00:00Z</time>
      </trkpt>
      <trkpt lat="41.32391511" lon="-72.96094780">
        <time>2026-09-07T13:19:20+00:00Z</time>
      </trkpt>
      <trkpt lat="41.32391444" lon="-72.96097009">
        <time>2026-09-07T13:19:21+00:00Z</time>
      </trkpt>
      <trkpt lat="41.32392165" lon="-72.96101175">
        <time>2026-09-07T13:19:22+00:00Z</time>
      </trkpt>
      <trkpt lat="41.32392325" lon="-72.96103531">
        <time>2026-09-07T13:19:23+00:00Z</time>
      </trkpt>
      <trkpt lat="41.32393179" lon="-72.96106942">
        <time>2026-09-07T13:19:24+00:00Z</time>
      </trkpt>
      <trkpt lat="41.32393691" lon="-72.96109423">
        <time>2026-09-07T13:19:25+00:00Z</time>
      </trkpt>
      <trkpt lat="41.32394571" lon="-72.96112549">
        <time>2026-09-07T13:19:26+00:00Z</time>
      </trkpt>
      <trkpt lat="41.32395141" lon="-72.96115399">
        <time>2026-09-07T13:19:27+00:00Z</time>
      </trkpt>
      <trkpt lat="41.32395971" lon="-72.96118299">
        <time>2026-09-07T13:19:28+00:00Z</time>
      </trkpt>
      <trkpt lat="41.32396666" lon="-72.96120931">
        <time>2026-09-07T13:19:29+00:00Z</time>
      </trkpt>
      <trkpt lat="41.32397396" lon="-72.96123488">
        <time>2026-09-07T13:19:30+00:00Z</time>
      </trkpt>
      <trkpt lat="41.32398276" lon="-72.96126363">
        <time>2026-09-07T13:19:31+00:00Z</time>
      </trkpt>
      <trkpt lat="41.32398988" lon="-72.96128676">
        <time>2026-09-07T13:19:32+00:00Z</time>
      </trkpt>
      <trkpt lat="41.32400002" lon="-72.96131585">
        <time>2026-09-07T13:19:33+00:00Z</time>
      </trkpt>
      <trkpt lat="41.32400547" lon="-72.96133705">
        <time>2026-09-07T13:19:34+00:00Z</time>
      </trkpt>
      <trkpt lat="41.32401687" lon="-72.96136656">
        <time>2026-09-07T13:19:35+00:00Z</time>
      </trkpt>
      <trkpt lat="41.32402224" lon="-72.96139078">
        <time>2026-09-07T13:19:36+00:00Z</time>
      </trkpt>
      <trkpt lat="41.32403363" lon="-72.96142381">
        <time>2026-09-07T13:19:37+00:00Z</time>
      </trkpt>
      <trkpt lat="41.32404109" lon="-72.96144728">
        <time>2026-09-07T13:19:38+00:00Z</time>
      </trkpt>
      <trkpt lat="41.32405249" lon="-72.96148206">
        <time>2026-09-07T13:19:39+00:00Z</time>
      </trkpt>
      <trkpt lat="41.32406012" lon="-72.96150972">
        <time>2026-09-07T13:19:40+00:00Z</time>
      </trkpt>
      <trkpt lat="41.32406867" lon="-72.96154006">
        <time>2026-09-07T13:19:41+00:00Z</time>
      </trkpt>
      <trkpt lat="41.32407756" lon="-72.96157217">
        <time>2026-09-07T13:19:42+00:00Z</time>
      </trkpt>
      <trkpt lat="41.32408233" lon="-72.96159823">
        <time>2026-09-07T13:19:43+00:00Z</time>
      </trkpt>
      <trkpt lat="41.32408862" lon="-72.96163352">
        <time>2026-09-07T13:19:44+00:00Z</time>
      </trkpt>
      <trkpt lat="41.32409574" lon="-72.96166068">
        <time>2026-09-07T13:19:45+00:00Z</time>
      </trkpt>
      <trkpt lat="41.32411008" lon="-72.96169798">
        <time>2026-09-07T13:19:46+00:00Z</time>
      </trkpt>
      <trkpt lat="41.32411159" lon="-72.96172556">
        <time>2026-09-07T13:19:47+00:00Z</time>
      </trkpt>
      <trkpt lat="41.32411947" lon="-72.96175799">
        <time>2026-09-07T13:19:48+00:00Z</time>
      </trkpt>
      <trkpt lat="41.32412517" lon="-72.96178498">
        <time>2026-09-07T13:19:49+00:00Z</time>
      </trkpt>
      <trkpt lat="41.32413237" lon="-72.96181256">
        <time>2026-09-07T13:19:50+00:00Z</time>
      </trkpt>
      <trkpt lat="41.32414000" lon="-72.96184097">
        <time>2026-09-07T13:19:51+00:00Z</time>
      </trkpt>
      <trkpt lat="41.32414637" lon="-72.96186646">
        <time>2026-09-07T13:19:52+00:00Z</time>
      </trkpt>
      <trkpt lat="41.32415601" lon="-72.96189797">
        <time>2026-09-07T13:19:53+00:00Z</time>
      </trkpt>
      <trkpt lat="41.32416221" lon="-72.96192337">
        <time>2026-09-07T13:19:54+00:00Z</time>
      </trkpt>
      <trkpt lat="41.32417177" lon="-72.96196008">
        <time>2026-09-07T13:19:55+00:00Z</time>
      </trkpt>
      <trkpt lat="41.32418191" lon="-72.96198263">
        <time>2026-09-07T13:19:56+00:00Z</time>
      </trkpt>
      <trkpt lat="41.32419247" lon="-72.96201289">
        <time>2026-09-07T13:19:57+00:00Z</time>
      </trkpt>
      <trkpt lat="41.32420194" lon="-72.96203879">
        <time>2026-09-07T13:19:58+00:00Z</time>
      </trkpt>
      <trkpt lat="41.32420898" lon="-72.96206410">
        <time>2026-09-07T13:19:59+00:00Z</time>
      </trkpt>
      <trkpt lat="41.32421795" lon="-72.96209704">
        <time>2026-09-07T13:20:00+00:00Z</time>
      </trkpt>
      <trkpt lat="41.32422583" lon="-72.96211984">
        <time>2026-09-07T13:20:01+00:00Z</time>
      </trkpt>
      <trkpt lat="41.32423966" lon="-72.96215203">
        <time>2026-09-07T13:20:02+00:00Z</time>
      </trkpt>
      <trkpt lat="41.32424528" lon="-72.96217449">
        <time>2026-09-07T13:20:03+00:00Z</time>
      </trkpt>
      <trkpt lat="41.32425249" lon="-72.96220894">
        <time>2026-09-07T13:20:04+00:00Z</time>
      </trkpt>
      <trkpt lat="41.32425307" lon="-72.96223836">
        <time>2026-09-07T13:20:05+00:00Z</time>
      </trkpt>
      <trkpt lat="41.32425299" lon="-72.96226636">
        <time>2026-09-07T13:20:06+00:00Z</time>
      </trkpt>
      <trkpt lat="41.32425819" lon="-72.96229720">
        <time>2026-09-07T13:20:07+00:00Z</time>
      </trkpt>
      <trkpt lat="41.32425835" lon="-72.96232126">
        <time>2026-09-07T13:20:08+00:00Z</time>
      </trkpt>
      <trkpt lat="41.32426414" lon="-72.96235998">
        <time>2026-09-07T13:20:09+00:00Z</time>
      </trkpt>
      <trkpt lat="41.32426715" lon="-72.96238680">
        <time>2026-09-07T13:20:10+00:00Z</time>
      </trkpt>
      <trkpt lat="41.32427176" lon="-72.96241715">
        <time>2026-09-07T13:20:11+00:00Z</time>
      </trkpt>
      <trkpt lat="41.32427730" lon="-72.96244246">
        <time>2026-09-07T13:20:12+00:00Z</time>
      </trkpt>
      <trkpt lat="41.32428627" lon="-72.96247398">
        <time>2026-09-07T13:20:13+00:00Z</time>
      </trkpt>
      <trkpt lat="41.32429255" lon="-72.96250038">
        <time>2026-09-07T13:20:14+00:00Z</time>
      </trkpt>
      <trkpt lat="41.32429984" lon="-72.96253215">
        <time>2026-09-07T13:20:15+00:00Z</time>
      </trkpt>
      <trkpt lat="41.32430479" lon="-72.96255821">
        <time>2026-09-07T13:20:16+00:00Z</time>
      </trkpt>
      <trkpt lat="41.32431091" lon="-72.96258923">
        <time>2026-09-07T13:20:17+00:00Z</time>
      </trkpt>
      <trkpt lat="41.32431803" lon="-72.96261219">
        <time>2026-09-07T13:20:18+00:00Z</time>
      </trkpt>
      <trkpt lat="41.32432407" lon="-72.96263801">
        <time>2026-09-07T13:20:19+00:00Z</time>
      </trkpt>
      <trkpt lat="41.32433547" lon="-72.96266374">
        <time>2026-09-07T13:20:20+00:00Z</time>
      </trkpt>
      <trkpt lat="41.32434209" lon="-72.96268922">
        <time>2026-09-07T13:20:21+00:00Z</time>
      </trkpt>
      <trkpt lat="41.32435022" lon="-72.96272065">
        <time>2026-09-07T13:20:22+00:00Z</time>
      </trkpt>
      <trkpt lat="41.32435433" lon="-72.96274832">
        <time>2026-09-07T13:20:23+00:00Z</time>
      </trkpt>
      <trkpt lat="41.32435860" lon="-72.96278436">
        <time>2026-09-07T13:20:24+00:00Z</time>
      </trkpt>
      <trkpt lat="41.32436497" lon="-72.96281017">
        <time>2026-09-07T13:20:25+00:00Z</time>
      </trkpt>
      <trkpt lat="41.32437419" lon="-72.96284546">
        <time>2026-09-07T13:20:26+00:00Z</time>
      </trkpt>
      <trkpt lat="41.32437679" lon="-72.96287103">
        <time>2026-09-07T13:20:27+00:00Z</time>
      </trkpt>
      <trkpt lat="41.32438676" lon="-72.96290271">
        <time>2026-09-07T13:20:28+00:00Z</time>
      </trkpt>
      <trkpt lat="41.32439305" lon="-72.96292643">
        <time>2026-09-07T13:20:29+00:00Z</time>
      </trkpt>
      <trkpt lat="41.32440135" lon="-72.96295920">
        <time>2026-09-07T13:20:30+00:00Z</time>
      </trkpt>
      <trkpt lat="41.32440805" lon="-72.96298510">
        <time>2026-09-07T13:20:31+00:00Z</time>
      </trkpt>
      <trkpt lat="41.32441677" lon="-72.96301008">
        <time>2026-09-07T13:20:32+00:00Z</time>
      </trkpt>
      <trkpt lat="41.32442406" lon="-72.96303732">
        <time>2026-09-07T13:20:33+00:00Z</time>
      </trkpt>
      <trkpt lat="41.32443194" lon="-72.96306306">
        <time>2026-09-07T13:20:34+00:00Z</time>
      </trkpt>
      <trkpt lat="41.32444376" lon="-72.96309524">
        <time>2026-09-07T13:20:35+00:00Z</time>
      </trkpt>
      <trkpt lat="41.32444762" lon="-72.96311880">
        <time>2026-09-07T13:20:36+00:00Z</time>
      </trkpt>
      <trkpt lat="41.32445650" lon="-72.96315299">
        <time>2026-09-07T13:20:37+00:00Z</time>
      </trkpt>
      <trkpt lat="41.32446053" lon="-72.96318225">
        <time>2026-09-07T13:20:38+00:00Z</time>
      </trkpt>
      <trkpt lat="41.32446648" lon="-72.96321519">
        <time>2026-09-07T13:20:39+00:00Z</time>
      </trkpt>
      <trkpt lat="41.32447100" lon="-72.96324511">
        <time>2026-09-07T13:20:40+00:00Z</time>
      </trkpt>
      <trkpt lat="41.32447318" lon="-72.96327042">
        <time>2026-09-07T13:20:41+00:00Z</time>
      </trkpt>
      <trkpt lat="41.32447033" lon="-72.96329909">
        <time>2026-09-07T13:20:42+00:00Z</time>
      </trkpt>
      <trkpt lat="41.32446011" lon="-72.96332181">
        <time>2026-09-07T13:20:43+00:00Z</time>
      </trkpt>
      <trkpt lat="41.32443823" lon="-72.96335307">
        <time>2026-09-07T13:20:44+00:00Z</time>
      </trkpt>
      <trkpt lat="41.32442608" lon="-72.96336078">
        <time>2026-09-07T13:20:45+00:00Z</time>
      </trkpt>
      <trkpt lat="41.32440529" lon="-72.96337713">
        <time>2026-09-07T13:20:46+00:00Z</time>
      </trkpt>
      <trkpt lat="41.32438844" lon="-72.96338408">
        <time>2026-09-07T13:20:47+00:00Z</time>
      </trkpt>
      <trkpt lat="41.32436514" lon="-72.96340353">
        <time>2026-09-07T13:20:48+00:00Z</time>
      </trkpt>
      <trkpt lat="41.32434553" lon="-72.96340973">
        <time>2026-09-07T13:20:49+00:00Z</time>
      </trkpt>
      <trkpt lat="41.32432021" lon="-72.96341971">
        <time>2026-09-07T13:20:50+00:00Z</time>
      </trkpt>
      <trkpt lat="41.32430110" lon="-72.96342926">
        <time>2026-09-07T13:20:51+00:00Z</time>
      </trkpt>
      <trkpt lat="41.32428031" lon="-72.96343865">
        <time>2026-09-07T13:20:52+00:00Z</time>
      </trkpt>
      <trkpt lat="41.32425827" lon="-72.96345047">
        <time>2026-09-07T13:20:53+00:00Z</time>
      </trkpt>
      <trkpt lat="41.32423924" lon="-72.96345533">
        <time>2026-09-07T13:20:54+00:00Z</time>
      </trkpt>
      <trkpt lat="41.32421502" lon="-72.96347645">
        <time>2026-09-07T13:20:55+00:00Z</time>
      </trkpt>
      <trkpt lat="41.32419432" lon="-72.96348131">
        <time>2026-09-07T13:20:56+00:00Z</time>
      </trkpt>
      <trkpt lat="41.32416506" lon="-72.96349154">
        <time>2026-09-07T13:20:57+00:00Z</time>
      </trkpt>
      <trkpt lat="41.32414302" lon="-72.96350176">
        <time>2026-09-07T13:20:58+00:00Z</time>
      </trkpt>
      <trkpt lat="41.32411553" lon="-72.96351216">
        <time>2026-09-07T13:20:59+00:00Z</time>
      </trkpt>
      <trkpt lat="41.32409139" lon="-72.96352012">
        <time>2026-09-07T13:21:00+00:00Z</time>
      </trkpt>
      <trkpt lat="41.32406616" lon="-72.96352976">
        <time>2026-09-07T13:21:01+00:00Z</time>
      </trkpt>
      <trkpt lat="41.32404436" lon="-72.96353873">
        <time>2026-09-07T13:21:02+00:00Z</time>
      </trkpt>
      <trkpt lat="41.32402441" lon="-72.96354300">
        <time>2026-09-07T13:21:03+00:00Z</time>
      </trkpt>
      <trkpt lat="41.32399650" lon="-72.96355767">
        <time>2026-09-07T13:21:04+00:00Z</time>
      </trkpt>
      <trkpt lat="41.32397739" lon="-72.96356656">
        <time>2026-09-07T13:21:05+00:00Z</time>
      </trkpt>
      <trkpt lat="41.32395568" lon="-72.96357871">
        <time>2026-09-07T13:21:06+00:00Z</time>
      </trkpt>
      <trkpt lat="41.32393724" lon="-72.96358324">
        <time>2026-09-07T13:21:07+00:00Z</time>
      </trkpt>
      <trkpt lat="41.32391252" lon="-72.96359682">
        <time>2026-09-07T13:21:08+00:00Z</time>
      </trkpt>
      <trkpt lat="41.32389215" lon="-72.96360922">
        <time>2026-09-07T13:21:09+00:00Z</time>
      </trkpt>
      <trkpt lat="41.32386968" lon="-72.96361945">
        <time>2026-09-07T13:21:10+00:00Z</time>
      </trkpt>
      <trkpt lat="41.32384663" lon="-72.96363638">
        <time>2026-09-07T13:21:11+00:00Z</time>
      </trkpt>
      <trkpt lat="41.32382643" lon="-72.96364593">
        <time>2026-09-07T13:21:12+00:00Z</time>
      </trkpt>
      <trkpt lat="41.32380229" lon="-72.96365356">
        <time>2026-09-07T13:21:13+00:00Z</time>
      </trkpt>
      <trkpt lat="41.32378402" lon="-72.96366085">
        <time>2026-09-07T13:21:14+00:00Z</time>
      </trkpt>
      <trkpt lat="41.32375938" lon="-72.96367401">
        <time>2026-09-07T13:21:15+00:00Z</time>
      </trkpt>
      <trkpt lat="41.32374370" lon="-72.96368499">
        <time>2026-09-07T13:21:16+00:00Z</time>
      </trkpt>
      <trkpt lat="41.32371646" lon="-72.96370100">
        <time>2026-09-07T13:21:17+00:00Z</time>
      </trkpt>
      <trkpt lat="41.32369375" lon="-72.96370997">
        <time>2026-09-07T13:21:18+00:00Z</time>
      </trkpt>
      <trkpt lat="41.32366701" lon="-72.96371995">
        <time>2026-09-07T13:21:19+00:00Z</time>
      </trkpt>
      <trkpt lat="41.32364396" lon="-72.96372925">
        <time>2026-09-07T13:21:20+00:00Z</time>
      </trkpt>
      <trkpt lat="41.32362183" lon="-72.96373503">
        <time>2026-09-07T13:21:21+00:00Z</time>
      </trkpt>
      <trkpt lat="41.32359677" lon="-72.96374626">
        <time>2026-09-07T13:21:22+00:00Z</time>
      </trkpt>
      <trkpt lat="41.32358017" lon="-72.96375590">
        <time>2026-09-07T13:21:23+00:00Z</time>
      </trkpt>
      <trkpt lat="41.32355377" lon="-72.96377225">
        <time>2026-09-07T13:21:24+00:00Z</time>
      </trkpt>
      <trkpt lat="41.32353349" lon="-72.96377837">
        <time>2026-09-07T13:21:25+00:00Z</time>
      </trkpt>
      <trkpt lat="41.32351111" lon="-72.96378817">
        <time>2026-09-07T13:21:26+00:00Z</time>
      </trkpt>
      <trkpt lat="41.32349124" lon="-72.96379974">
        <time>2026-09-07T13:21:27+00:00Z</time>
      </trkpt>
      <trkpt lat="41.32347096" lon="-72.96380888">
        <time>2026-09-07T13:21:28+00:00Z</time>
      </trkpt>
      <trkpt lat="41.32345160" lon="-72.96382279">
        <time>2026-09-07T13:21:29+00:00Z</time>
      </trkpt>
      <trkpt lat="41.32343458" lon="-72.96382992">
        <time>2026-09-07T13:21:30+00:00Z</time>
      </trkpt>
      <trkpt lat="41.32341010" lon="-72.96383821">
        <time>2026-09-07T13:21:31+00:00Z</time>
      </trkpt>
      <trkpt lat="41.32339150" lon="-72.96384308">
        <time>2026-09-07T13:21:32+00:00Z</time>
      </trkpt>
      <trkpt lat="41.32337037" lon="-72.96385523">
        <time>2026-09-07T13:21:33+00:00Z</time>
      </trkpt>
      <trkpt lat="41.32335101" lon="-72.96386445">
        <time>2026-09-07T13:21:34+00:00Z</time>
      </trkpt>
      <trkpt lat="41.32332830" lon="-72.96387535">
        <time>2026-09-07T13:21:35+00:00Z</time>
      </trkpt>
      <trkpt lat="41.32330332" lon="-72.96388968">
        <time>2026-09-07T13:21:36+00:00Z</time>
      </trkpt>
      <trkpt lat="41.32328044" lon="-72.96390024">
        <time>2026-09-07T13:21:37+00:00Z</time>
      </trkpt>
      <trkpt lat="41.32325303" lon="-72.96391709">
        <time>2026-09-07T13:21:38+00:00Z</time>
      </trkpt>
      <trkpt lat="41.32323232" lon="-72.96391960">
        <time>2026-09-07T13:21:39+00:00Z</time>
      </trkpt>
      <trkpt lat="41.32320475" lon="-72.96393117">
        <time>2026-09-07T13:21:40+00:00Z</time>
      </trkpt>
      <trkpt lat="41.32318220" lon="-72.96393536">
        <time>2026-09-07T13:21:41+00:00Z</time>
      </trkpt>
      <trkpt lat="41.32315756" lon="-72.96395003">
        <time>2026-09-07T13:21:42+00:00Z</time>
      </trkpt>
      <trkpt lat="41.32313937" lon="-72.96395782">
        <time>2026-09-07T13:21:43+00:00Z</time>
      </trkpt>
      <trkpt lat="41.32311523" lon="-72.96396889">
        <time>2026-09-07T13:21:44+00:00Z</time>
      </trkpt>
      <trkpt lat="41.32309319" lon="-72.96397551">
        <time>2026-09-07T13:21:45+00:00Z</time>
      </trkpt>
      <trkpt lat="41.32307466" lon="-72.96398582">
        <time>2026-09-07T13:21:46+00:00Z</time>
      </trkpt>
      <trkpt lat="41.32305211" lon="-72.96399864">
        <time>2026-09-07T13:21:47+00:00Z</time>
      </trkpt>
      <trkpt lat="41.32303325" lon="-72.96400552">
        <time>2026-09-07T13:21:48+00:00Z</time>
      </trkpt>
      <trkpt lat="41.32300979" lon="-72.96402052">
        <time>2026-09-07T13:21:49+00:00Z</time>
      </trkpt>
      <trkpt lat="41.32299034" lon="-72.96402999">
        <time>2026-09-07T13:21:50+00:00Z</time>
      </trkpt>
      <trkpt lat="41.32296746" lon="-72.96404391">
        <time>2026-09-07T13:21:51+00:00Z</time>
      </trkpt>
      <trkpt lat="41.32294273" lon="-72.96405556">
        <time>2026-09-07T13:21:52+00:00Z</time>
      </trkpt>
      <trkpt lat="41.32292228" lon="-72.96406905">
        <time>2026-09-07T13:21:53+00:00Z</time>
      </trkpt>
      <trkpt lat="41.32290099" lon="-72.96408154">
        <time>2026-09-07T13:21:54+00:00Z</time>
      </trkpt>
      <trkpt lat="41.32288012" lon="-72.96408867">
        <time>2026-09-07T13:21:55+00:00Z</time>
      </trkpt>
      <trkpt lat="41.32285288" lon="-72.96409252">
        <time>2026-09-07T13:21:56+00:00Z</time>
      </trkpt>
      <trkpt lat="41.32282966" lon="-72.96409713">
        <time>2026-09-07T13:21:57+00:00Z</time>
      </trkpt>
      <trkpt lat="41.32280476" lon="-72.96410719">
        <time>2026-09-07T13:21:58+00:00Z</time>
      </trkpt>
      <trkpt lat="41.32278297" lon="-72.96411649">
        <time>2026-09-07T13:21:59+00:00Z</time>
      </trkpt>
      <trkpt lat="41.32275816" lon="-72.96412219">
        <time>2026-09-07T13:22:00+00:00Z</time>
      </trkpt>
      <trkpt lat="41.32273545" lon="-72.96413083">
        <time>2026-09-07T13:22:01+00:00Z</time>
      </trkpt>
      <trkpt lat="41.32271390" lon="-72.96414063">
        <time>2026-09-07T13:22:02+00:00Z</time>
      </trkpt>
      <trkpt lat="41.32268876" lon="-72.96415396">
        <time>2026-09-07T13:22:03+00:00Z</time>
      </trkpt>
      <trkpt lat="41.32266596" lon="-72.96415932">
        <time>2026-09-07T13:22:04+00:00Z</time>
      </trkpt>
      <trkpt lat="41.32264123" lon="-72.96416712">
        <time>2026-09-07T13:22:05+00:00Z</time>
      </trkpt>
      <trkpt lat="41.32262003" lon="-72.96417441">
        <time>2026-09-07T13:22:06+00:00Z</time>
      </trkpt>
      <trkpt lat="41.32259312" lon="-72.96418330">
        <time>2026-09-07T13:22:07+00:00Z</time>
      </trkpt>
      <trkpt lat="41.32257409" lon="-72.96418388">
        <time>2026-09-07T13:22:08+00:00Z</time>
      </trkpt>
      <trkpt lat="41.32255155" lon="-72.96419621">
        <time>2026-09-07T13:22:09+00:00Z</time>
      </trkpt>
      <trkpt lat="41.32253403" lon="-72.96420115">
        <time>2026-09-07T13:22:10+00:00Z</time>
      </trkpt>
      <trkpt lat="41.32251115" lon="-72.96421054">
        <time>2026-09-07T13:22:11+00:00Z</time>
      </trkpt>
      <trkpt lat="41.32249245" lon="-72.96422051">
        <time>2026-09-07T13:22:12+00:00Z</time>
      </trkpt>
      <trkpt lat="41.32247485" lon="-72.96422806">
        <time>2026-09-07T13:22:13+00:00Z</time>
      </trkpt>
      <trkpt lat="41.32244795" lon="-72.96424574">
        <time>2026-09-07T13:22:14+00:00Z</time>
      </trkpt>
      <trkpt lat="41.32243219" lon="-72.96425622">
        <time>2026-09-07T13:22:15+00:00Z</time>
      </trkpt>
      <trkpt lat="41.32240252" lon="-72.96427801">
        <time>2026-09-07T13:22:16+00:00Z</time>
      </trkpt>
      <trkpt lat="41.32238097" lon="-72.96428639">
        <time>2026-09-07T13:22:17+00:00Z</time>
      </trkpt>
      <trkpt lat="41.32235482" lon="-72.96429620">
        <time>2026-09-07T13:22:18+00:00Z</time>
      </trkpt>
      <trkpt lat="41.32233454" lon="-72.96430232">
        <time>2026-09-07T13:22:19+00:00Z</time>
      </trkpt>
      <trkpt lat="41.32231065" lon="-72.96430592">
        <time>2026-09-07T13:22:20+00:00Z</time>
      </trkpt>
      <trkpt lat="41.32229045" lon="-72.96431405">
        <time>2026-09-07T13:22:21+00:00Z</time>
      </trkpt>
      <trkpt lat="41.32226556" lon="-72.96432428">
        <time>2026-09-07T13:22:22+00:00Z</time>
      </trkpt>
      <trkpt lat="41.32224477" lon="-72.96433048">
        <time>2026-09-07T13:22:23+00:00Z</time>
      </trkpt>
      <trkpt lat="41.32222247" lon="-72.96434012">
        <time>2026-09-07T13:22:24+00:00Z</time>
      </trkpt>
      <trkpt lat="41.32219976" lon="-72.96435043">
        <time>2026-09-07T13:22:25+00:00Z</time>
      </trkpt>
      <trkpt lat="41.32217855" lon="-72.96435781">
        <time>2026-09-07T13:22:26+00:00Z</time>
      </trkpt>
      <trkpt lat="41.32215416" lon="-72.96436971">
        <time>2026-09-07T13:22:27+00:00Z</time>
      </trkpt>
      <trkpt lat="41.32213178" lon="-72.96437943">
        <time>2026-09-07T13:22:28+00:00Z</time>
      </trkpt>
      <trkpt lat="41.32210781" lon="-72.96439335">
        <time>2026-09-07T13:22:29+00:00Z</time>
      </trkpt>
      <trkpt lat="41.32208794" lon="-72.96440290">
        <time>2026-09-07T13:22:30+00:00Z</time>
      </trkpt>
      <trkpt lat="41.32206372" lon="-72.96441690">
        <time>2026-09-07T13:22:31+00:00Z</time>
      </trkpt>
      <trkpt lat="41.32204385" lon="-72.96442143">
        <time>2026-09-07T13:22:32+00:00Z</time>
      </trkpt>
      <trkpt lat="41.32202055" lon="-72.96443425">
        <time>2026-09-07T13:22:33+00:00Z</time>
      </trkpt>
      <trkpt lat="41.32199398" lon="-72.96444934">
        <time>2026-09-07T13:22:34+00:00Z</time>
      </trkpt>
      <trkpt lat="41.32196758" lon="-72.96446275">
        <time>2026-09-07T13:22:35+00:00Z</time>
      </trkpt>
      <trkpt lat="41.32194537" lon="-72.96447666">
        <time>2026-09-07T13:22:36+00:00Z</time>
      </trkpt>
      <trkpt lat="41.32191980" lon="-72.96449066">
        <time>2026-09-07T13:22:37+00:00Z</time>
      </trkpt>
      <trkpt lat="41.32189625" lon="-72.96450047">
        <time>2026-09-07T13:22:38+00:00Z</time>
      </trkpt>
      <trkpt lat="41.32187194" lon="-72.96450902">
        <time>2026-09-07T13:22:39+00:00Z</time>
      </trkpt>
      <trkpt lat="41.32184378" lon="-72.96451799">
        <time>2026-09-07T13:22:40+00:00Z</time>
      </trkpt>
      <trkpt lat="41.32182173" lon="-72.96452578">
        <time>2026-09-07T13:22:41+00:00Z</time>
      </trkpt>
      <trkpt lat="41.32179382" lon="-72.96453441">
        <time>2026-09-07T13:22:42+00:00Z</time>
      </trkpt>
      <trkpt lat="41.32177203" lon="-72.96454255">
        <time>2026-09-07T13:22:43+00:00Z</time>
      </trkpt>
      <trkpt lat="41.32174982" lon="-72.96455378">
        <time>2026-09-07T13:22:44+00:00Z</time>
      </trkpt>
      <trkpt lat="41.32172844" lon="-72.96456593">
        <time>2026-09-07T13:22:45+00:00Z</time>
      </trkpt>
      <trkpt lat="41.32170648" lon="-72.96457498">
        <time>2026-09-07T13:22:46+00:00Z</time>
      </trkpt>
      <trkpt lat="41.32168486" lon="-72.96458865">
        <time>2026-09-07T13:22:47+00:00Z</time>
      </trkpt>
      <trkpt lat="41.32166692" lon="-72.96459703">
        <time>2026-09-07T13:22:48+00:00Z</time>
      </trkpt>
      <trkpt lat="41.32164085" lon="-72.96461379">
        <time>2026-09-07T13:22:49+00:00Z</time>
      </trkpt>
      <trkpt lat="41.32162074" lon="-72.96461958">
        <time>2026-09-07T13:22:50+00:00Z</time>
      </trkpt>
      <trkpt lat="41.32159869" lon="-72.96463282">
        <time>2026-09-07T13:22:51+00:00Z</time>
      </trkpt>
      <trkpt lat="41.32158335" lon="-72.96463684">
        <time>2026-09-07T13:22:52+00:00Z</time>
      </trkpt>
      <trkpt lat="41.32155863" lon="-72.96465042">
        <time>2026-09-07T13:22:53+00:00Z</time>
      </trkpt>
      <trkpt lat="41.32153549" lon="-72.96466308">
        <time>2026-09-07T13:22:54+00:00Z</time>
      </trkpt>
      <trkpt lat="41.32151764" lon="-72.96467104">
        <time>2026-09-07T13:22:55+00:00Z</time>
      </trkpt>
      <trkpt lat="41.32149115" lon="-72.96468898">
        <time>2026-09-07T13:22:56+00:00Z</time>
      </trkpt>
      <trkpt lat="41.32147514" lon="-72.96469954">
        <time>2026-09-07T13:22:57+00:00Z</time>
      </trkpt>
      <trkpt lat="41.32144782" lon="-72.96471664">
        <time>2026-09-07T13:22:58+00:00Z</time>
      </trkpt>
      <trkpt lat="41.32142921" lon="-72.96472435">
        <time>2026-09-07T13:22:59+00:00Z</time>
      </trkpt>
      <trkpt lat="41.32140339" lon="-72.96473986">
        <time>2026-09-07T13:23:00+00:00Z</time>
      </trkpt>
      <trkpt lat="41.32138311" lon="-72.96474623">
        <time>2026-09-07T13:23:01+00:00Z</time>
      </trkpt>
      <trkpt lat="41.32136232" lon="-72.96475570">
        <time>2026-09-07T13:23:02+00:00Z</time>
      </trkpt>
      <trkpt lat="41.32134438" lon="-72.96476031">
        <time>2026-09-07T13:23:03+00:00Z</time>
      </trkpt>
      <trkpt lat="41.32132343" lon="-72.96477187">
        <time>2026-09-07T13:23:04+00:00Z</time>
      </trkpt>
      <trkpt lat="41.32130541" lon="-72.96477900">
        <time>2026-09-07T13:23:05+00:00Z</time>
      </trkpt>
      <trkpt lat="41.32128596" lon="-72.96478990">
        <time>2026-09-07T13:23:06+00:00Z</time>
      </trkpt>
      <trkpt lat="41.32126057" lon="-72.96480037">
        <time>2026-09-07T13:23:07+00:00Z</time>
      </trkpt>
      <trkpt lat="41.32124062" lon="-72.96481001">
        <time>2026-09-07T13:23:08+00:00Z</time>
      </trkpt>
      <trkpt lat="41.32121606" lon="-72.96482041">
        <time>2026-09-07T13:23:09+00:00Z</time>
      </trkpt>
      <trkpt lat="41.32119217" lon="-72.96482803">
        <time>2026-09-07T13:23:10+00:00Z</time>
      </trkpt>
      <trkpt lat="41.32116719" lon="-72.96483893">
        <time>2026-09-07T13:23:11+00:00Z</time>
      </trkpt>
      <trkpt lat="41.32114624" lon="-72.96484748">
        <time>2026-09-07T13:23:12+00:00Z</time>
      </trkpt>
      <trkpt lat="41.32112352" lon="-72.96486022">
        <time>2026-09-07T13:23:13+00:00Z</time>
      </trkpt>
      <trkpt lat="41.32110156" lon="-72.96486852">
        <time>2026-09-07T13:23:14+00:00Z</time>
      </trkpt>
      <trkpt lat="41.32107885" lon="-72.96487975">
        <time>2026-09-07T13:23:15+00:00Z</time>
      </trkpt>
      <trkpt lat="41.32105906" lon="-72.96488897">
        <time>2026-09-07T13:23:16+00:00Z</time>
      </trkpt>
      <trkpt lat="41.32103694" lon="-72.96490062">
        <time>2026-09-07T13:23:17+00:00Z</time>
      </trkpt>
      <trkpt lat="41.32102101" lon="-72.96490523">
        <time>2026-09-07T13:23:18+00:00Z</time>
      </trkpt>
      <trkpt lat="41.32099679" lon="-72.96491805">
        <time>2026-09-07T13:23:19+00:00Z</time>
      </trkpt>
      <trkpt lat="41.32098011" lon="-72.96491956">
        <time>2026-09-07T13:23:20+00:00Z</time>
      </trkpt>
      <trkpt lat="41.32095588" lon="-72.96493012">
        <time>2026-09-07T13:23:21+00:00Z</time>
      </trkpt>
      <trkpt lat="41.32093526" lon="-72.96493574">
        <time>2026-09-07T13:23:22+00:00Z</time>
      </trkpt>
      <trkpt lat="41.32091263" lon="-72.96494496">
        <time>2026-09-07T13:23:23+00:00Z</time>
      </trkpt>
      <trkpt lat="41.32089185" lon="-72.96495133">
        <time>2026-09-07T13:23:24+00:00Z</time>
      </trkpt>
      <trkpt lat="41.32087324" lon="-72.96496114">
        <time>2026-09-07T13:23:25+00:00Z</time>
      </trkpt>
      <trkpt lat="41.32084927" lon="-72.96498025">
        <time>2026-09-07T13:23:26+00:00Z</time>
      </trkpt>
      <trkpt lat="41.32083049" lon="-72.96499190">
        <time>2026-09-07T13:23:27+00:00Z</time>
      </trkpt>
      <trkpt lat="41.32080970" lon="-72.96500724">
        <time>2026-09-07T13:23:28+00:00Z</time>
      </trkpt>
      <trkpt lat="41.32079135" lon="-72.96501696">
        <time>2026-09-07T13:23:29+00:00Z</time>
      </trkpt>
      <trkpt lat="41.32076880" lon="-72.96503054">
        <time>2026-09-07T13:23:30+00:00Z</time>
      </trkpt>
      <trkpt lat="41.32075162" lon="-72.96504077">
        <time>2026-09-07T13:23:31+00:00Z</time>
      </trkpt>
      <trkpt lat="41.32072739" lon="-72.96505233">
        <time>2026-09-07T13:23:32+00:00Z</time>
      </trkpt>
      <trkpt lat="41.32070845" lon="-72.96506222">
        <time>2026-09-07T13:23:33+00:00Z</time>
      </trkpt>
      <trkpt lat="41.32068490" lon="-72.96507119">
        <time>2026-09-07T13:23:34+00:00Z</time>
      </trkpt>
      <trkpt lat="41.32066855" lon="-72.96508016">
        <time>2026-09-07T13:23:35+00:00Z</time>
      </trkpt>
      <trkpt lat="41.32064592" lon="-72.96509416">
        <time>2026-09-07T13:23:36+00:00Z</time>
      </trkpt>
      <trkpt lat="41.32062513" lon="-72.96510271">
        <time>2026-09-07T13:23:37+00:00Z</time>
      </trkpt>
      <trkpt lat="41.32059823" lon="-72.96511411">
        <time>2026-09-07T13:23:38+00:00Z</time>
      </trkpt>
      <trkpt lat="41.32057015" lon="-72.96512584">
        <time>2026-09-07T13:23:39+00:00Z</time>
      </trkpt>
      <trkpt lat="41.32054769" lon="-72.96513665">
        <time>2026-09-07T13:23:40+00:00Z</time>
      </trkpt>
      <trkpt lat="41.32052070" lon="-72.96514906">
        <time>2026-09-07T13:23:41+00:00Z</time>
      </trkpt>
      <trkpt lat="41.32050251" lon="-72.96515468">
        <time>2026-09-07T13:23:42+00:00Z</time>
      </trkpt>
      <trkpt lat="41.32047988" lon="-72.96517035">
        <time>2026-09-07T13:23:43+00:00Z</time>
      </trkpt>
      <trkpt lat="41.32046370" lon="-72.96518032">
        <time>2026-09-07T13:23:44+00:00Z</time>
      </trkpt>
      <trkpt lat="41.32044090" lon="-72.96519466">
        <time>2026-09-07T13:23:45+00:00Z</time>
      </trkpt>
      <trkpt lat="41.32042095" lon="-72.96520480">
        <time>2026-09-07T13:23:46+00:00Z</time>
      </trkpt>
      <trkpt lat="41.32039790" lon="-72.96521704">
        <time>2026-09-07T13:23:47+00:00Z</time>
      </trkpt>
      <trkpt lat="41.32037560" lon="-72.96522701">
        <time>2026-09-07T13:23:48+00:00Z</time>
      </trkpt>
      <trkpt lat="41.32035783" lon="-72.96523523">
        <time>2026-09-07T13:23:49+00:00Z</time>
      </trkpt>
      <trkpt lat="41.32033177" lon="-72.96524822">
        <time>2026-09-07T13:23:50+00:00Z</time>
      </trkpt>
      <trkpt lat="41.32031224" lon="-72.96525526">
        <time>2026-09-07T13:23:51+00:00Z</time>
      </trkpt>
      <trkpt lat="41.32028718" lon="-72.96526548">
        <time>2026-09-07T13:23:52+00:00Z</time>
      </trkpt>
      <trkpt lat="41.32026605" lon="-72.96527579">
        <time>2026-09-07T13:23:53+00:00Z</time>
      </trkpt>
      <trkpt lat="41.32024535" lon="-72.96528443">
        <time>2026-09-07T13:23:54+00:00Z</time>
      </trkpt>
      <trkpt lat="41.32022071" lon="-72.96529876">
        <time>2026-09-07T13:23:55+00:00Z</time>
      </trkpt>
      <trkpt lat="41.32020093" lon="-72.96530337">
        <time>2026-09-07T13:23:56+00:00Z</time>
      </trkpt>
      <trkpt lat="41.32017695" lon="-72.96532131">
        <time>2026-09-07T13:23:57+00:00Z</time>
      </trkpt>
      <trkpt lat="41.32016136" lon="-72.96532885">
        <time>2026-09-07T13:23:58+00:00Z</time>
      </trkpt>
      <trkpt lat="41.32013404" lon="-72.96534394">
        <time>2026-09-07T13:23:59+00:00Z</time>
      </trkpt>
      <trkpt lat="41.32011702" lon="-72.96534981">
        <time>2026-09-07T13:24:00+00:00Z</time>
      </trkpt>
      <trkpt lat="41.32009758" lon="-72.96536950">
        <time>2026-09-07T13:24:01+00:00Z</time>
      </trkpt>
      <trkpt lat="41.32008350" lon="-72.96538032">
        <time>2026-09-07T13:24:02+00:00Z</time>
      </trkpt>
      <trkpt lat="41.32006698" lon="-72.96538945">
        <time>2026-09-07T13:24:03+00:00Z</time>
      </trkpt>
      <trkpt lat="41.32004653" lon="-72.96539968">
        <time>2026-09-07T13:24:04+00:00Z</time>
      </trkpt>
      <trkpt lat="41.32002616" lon="-72.96540504">
        <time>2026-09-07T13:24:05+00:00Z</time>
      </trkpt>
      <trkpt lat="41.32000169" lon="-72.96541644">
        <time>2026-09-07T13:24:06+00:00Z</time>
      </trkpt>
      <trkpt lat="41.31997973" lon="-72.96542373">
        <time>2026-09-07T13:24:07+00:00Z</time>
      </trkpt>
      <trkpt lat="41.31995534" lon="-72.96543337">
        <time>2026-09-07T13:24:08+00:00Z</time>
      </trkpt>
      <trkpt lat="41.31993363" lon="-72.96544159">
        <time>2026-09-07T13:24:09+00:00Z</time>
      </trkpt>
      <trkpt lat="41.31990622" lon="-72.96545777">
        <time>2026-09-07T13:24:10+00:00Z</time>
      </trkpt>
      <trkpt lat="41.31988518" lon="-72.96546405">
        <time>2026-09-07T13:24:11+00:00Z</time>
      </trkpt>
      <trkpt lat="41.31986062" lon="-72.96547503">
        <time>2026-09-07T13:24:12+00:00Z</time>
      </trkpt>
      <trkpt lat="41.31984117" lon="-72.96548191">
        <time>2026-09-07T13:24:13+00:00Z</time>
      </trkpt>
      <trkpt lat="41.31982206" lon="-72.96549339">
        <time>2026-09-07T13:24:14+00:00Z</time>
      </trkpt>
      <trkpt lat="41.31980111" lon="-72.96550403">
        <time>2026-09-07T13:24:15+00:00Z</time>
      </trkpt>
      <trkpt lat="41.31978242" lon="-72.96550923">
        <time>2026-09-07T13:24:16+00:00Z</time>
      </trkpt>
      <trkpt lat="41.31976062" lon="-72.96551929">
        <time>2026-09-07T13:24:17+00:00Z</time>
      </trkpt>
      <trkpt lat="41.31974068" lon="-72.96553035">
        <time>2026-09-07T13:24:18+00:00Z</time>
      </trkpt>
      <trkpt lat="41.31971897" lon="-72.96554469">
        <time>2026-09-07T13:24:19+00:00Z</time>
      </trkpt>
      <trkpt lat="41.31970162" lon="-72.96555466">
        <time>2026-09-07T13:24:20+00:00Z</time>
      </trkpt>
      <trkpt lat="41.31967974" lon="-72.96556916">
        <time>2026-09-07T13:24:21+00:00Z</time>
      </trkpt>
      <trkpt lat="41.31965920" lon="-72.96557872">
        <time>2026-09-07T13:24:22+00:00Z</time>
      </trkpt>
      <trkpt lat="41.31963565" lon="-72.96559297">
        <time>2026-09-07T13:24:23+00:00Z</time>
      </trkpt>
      <trkpt lat="41.31961520" lon="-72.96559623">
        <time>2026-09-07T13:24:24+00:00Z</time>
      </trkpt>
      <trkpt lat="41.31958871" lon="-72.96559858">
        <time>2026-09-07T13:24:25+00:00Z</time>
      </trkpt>
      <trkpt lat="41.31956566" lon="-72.96560478">
        <time>2026-09-07T13:24:26+00:00Z</time>
      </trkpt>
      <trkpt lat="41.31954479" lon="-72.96561032">
        <time>2026-09-07T13:24:27+00:00Z</time>
      </trkpt>
      <trkpt lat="41.31951948" lon="-72.96561996">
        <time>2026-09-07T13:24:28+00:00Z</time>
      </trkpt>
      <trkpt lat="41.31949718" lon="-72.96562809">
        <time>2026-09-07T13:24:29+00:00Z</time>
      </trkpt>
      <trkpt lat="41.31947028" lon="-72.96564049">
        <time>2026-09-07T13:24:30+00:00Z</time>
      </trkpt>
      <trkpt lat="41.31944999" lon="-72.96564544">
        <time>2026-09-07T13:24:31+00:00Z</time>
      </trkpt>
      <trkpt lat="41.31942426" lon="-72.96566019">
        <time>2026-09-07T13:24:32+00:00Z</time>
      </trkpt>
      <trkpt lat="41.31940800" lon="-72.96566798">
        <time>2026-09-07T13:24:33+00:00Z</time>
      </trkpt>
      <trkpt lat="41.31939014" lon="-72.96568098">
        <time>2026-09-07T13:24:34+00:00Z</time>
      </trkpt>
      <trkpt lat="41.31936911" lon="-72.96568894">
        <time>2026-09-07T13:24:35+00:00Z</time>
      </trkpt>
      <trkpt lat="41.31934622" lon="-72.96570151">
        <time>2026-09-07T13:24:36+00:00Z</time>
      </trkpt>
      <trkpt lat="41.31932309" lon="-72.96571241">
        <time>2026-09-07T13:24:37+00:00Z</time>
      </trkpt>
      <trkpt lat="41.31930054" lon="-72.96571853">
        <time>2026-09-07T13:24:38+00:00Z</time>
      </trkpt>
      <trkpt lat="41.31927699" lon="-72.96572926">
        <time>2026-09-07T13:24:39+00:00Z</time>
      </trkpt>
      <trkpt lat="41.31925612" lon="-72.96573730">
        <time>2026-09-07T13:24:40+00:00Z</time>
      </trkpt>
      <trkpt lat="41.31923432" lon="-72.96575038">
        <time>2026-09-07T13:24:41+00:00Z</time>
      </trkpt>
      <trkpt lat="41.31921580" lon="-72.96575951">
        <time>2026-09-07T13:24:42+00:00Z</time>
      </trkpt>
      <trkpt lat="41.31919334" lon="-72.96577175">
        <time>2026-09-07T13:24:43+00:00Z</time>
      </trkpt>
      <trkpt lat="41.31917029" lon="-72.96578198">
        <time>2026-09-07T13:24:44+00:00Z</time>
      </trkpt>
      <trkpt lat="41.31915101" lon="-72.96579262">
        <time>2026-09-07T13:24:45+00:00Z</time>
      </trkpt>
      <trkpt lat="41.31913014" lon="-72.96580486">
        <time>2026-09-07T13:24:46+00:00Z</time>
      </trkpt>
      <trkpt lat="41.31911044" lon="-72.96581475">
        <time>2026-09-07T13:24:47+00:00Z</time>
      </trkpt>
      <trkpt lat="41.31908236" lon="-72.96583319">
        <time>2026-09-07T13:24:48+00:00Z</time>
      </trkpt>
      <trkpt lat="41.31906384" lon="-72.96583931">
        <time>2026-09-07T13:24:49+00:00Z</time>
      </trkpt>
      <trkpt lat="41.31903433" lon="-72.96585691">
        <time>2026-09-07T13:24:50+00:00Z</time>
      </trkpt>
      <trkpt lat="41.31901463" lon="-72.96586052">
        <time>2026-09-07T13:24:51+00:00Z</time>
      </trkpt>
      <trkpt lat="41.31898714" lon="-72.96587619">
        <time>2026-09-07T13:24:52+00:00Z</time>
      </trkpt>
      <trkpt lat="41.31896988" lon="-72.96588038">
        <time>2026-09-07T13:24:53+00:00Z</time>
      </trkpt>
      <trkpt lat="41.31895194" lon="-72.96589522">
        <time>2026-09-07T13:24:54+00:00Z</time>
      </trkpt>
      <trkpt lat="41.31893023" lon="-72.96590243">
        <time>2026-09-07T13:24:55+00:00Z</time>
      </trkpt>
      <trkpt lat="41.31890919" lon="-72.96590980">
        <time>2026-09-07T13:24:56+00:00Z</time>
      </trkpt>
      <trkpt lat="41.31888824" lon="-72.96591760">
        <time>2026-09-07T13:24:57+00:00Z</time>
      </trkpt>
      <trkpt lat="41.31887114" lon="-72.96592589">
        <time>2026-09-07T13:24:58+00:00Z</time>
      </trkpt>
      <trkpt lat="41.31884649" lon="-72.96593939">
        <time>2026-09-07T13:24:59+00:00Z</time>
      </trkpt>
      <trkpt lat="41.31882923" lon="-72.96594325">
        <time>2026-09-07T13:25:00+00:00Z</time>
      </trkpt>
      <trkpt lat="41.31880417" lon="-72.96595540">
        <time>2026-09-07T13:25:01+00:00Z</time>
      </trkpt>
      <trkpt lat="41.31879059" lon="-72.96596596">
        <time>2026-09-07T13:25:02+00:00Z</time>
      </trkpt>
      <trkpt lat="41.31876720" lon="-72.96597920">
        <time>2026-09-07T13:25:03+00:00Z</time>
      </trkpt>
      <trkpt lat="41.31875019" lon="-72.96598482">
        <time>2026-09-07T13:25:04+00:00Z</time>
      </trkpt>
      <trkpt lat="41.31872638" lon="-72.96599790">
        <time>2026-09-07T13:25:05+00:00Z</time>
      </trkpt>
      <trkpt lat="41.31870090" lon="-72.96600938">
        <time>2026-09-07T13:25:06+00:00Z</time>
      </trkpt>
      <trkpt lat="41.31867894" lon="-72.96601810">
        <time>2026-09-07T13:25:07+00:00Z</time>
      </trkpt>
      <trkpt lat="41.31865731" lon="-72.96602832">
        <time>2026-09-07T13:25:08+00:00Z</time>
      </trkpt>
      <trkpt lat="41.31863552" lon="-72.96603838">
        <time>2026-09-07T13:25:09+00:00Z</time>
      </trkpt>
      <trkpt lat="41.31861088" lon="-72.96604794">
        <time>2026-09-07T13:25:10+00:00Z</time>
      </trkpt>
      <trkpt lat="41.31859043" lon="-72.96605565">
        <time>2026-09-07T13:25:11+00:00Z</time>
      </trkpt>
      <trkpt lat="41.31856612" lon="-72.96606881">
        <time>2026-09-07T13:25:12+00:00Z</time>
      </trkpt>
      <trkpt lat="41.31854617" lon="-72.96607635">
        <time>2026-09-07T13:25:13+00:00Z</time>
      </trkpt>
      <trkpt lat="41.31852287" lon="-72.96608507">
        <time>2026-09-07T13:25:14+00:00Z</time>
      </trkpt>
      <trkpt lat="41.31849999" lon="-72.96609102">
        <time>2026-09-07T13:25:15+00:00Z</time>
      </trkpt>
      <trkpt lat="41.31847442" lon="-72.96609781">
        <time>2026-09-07T13:25:16+00:00Z</time>
      </trkpt>
      <trkpt lat="41.31844802" lon="-72.96611164">
        <time>2026-09-07T13:25:17+00:00Z</time>
      </trkpt>
      <trkpt lat="41.31842589" lon="-72.96611851">
        <time>2026-09-07T13:25:18+00:00Z</time>
      </trkpt>
      <trkpt lat="41.31840158" lon="-72.96612874">
        <time>2026-09-07T13:25:19+00:00Z</time>
      </trkpt>
      <trkpt lat="41.31838331" lon="-72.96613678">
        <time>2026-09-07T13:25:20+00:00Z</time>
      </trkpt>
      <trkpt lat="41.31836009" lon="-72.96614114">
        <time>2026-09-07T13:25:21+00:00Z</time>
      </trkpt>
      <trkpt lat="41.31833838" lon="-72.96614843">
        <time>2026-09-07T13:25:22+00:00Z</time>
      </trkpt>
      <trkpt lat="41.31831651" lon="-72.96615715">
        <time>2026-09-07T13:25:23+00:00Z</time>
      </trkpt>
      <trkpt lat="41.31828943" lon="-72.96616855">
        <time>2026-09-07T13:25:24+00:00Z</time>
      </trkpt>
      <trkpt lat="41.31826965" lon="-72.96617182">
        <time>2026-09-07T13:25:25+00:00Z</time>
      </trkpt>
      <trkpt lat="41.31823931" lon="-72.96617794">
        <time>2026-09-07T13:25:26+00:00Z</time>
      </trkpt>
      <trkpt lat="41.31821819" lon="-72.96618221">
        <time>2026-09-07T13:25:27+00:00Z</time>
      </trkpt>
      <trkpt lat="41.31819329" lon="-72.96619177">
        <time>2026-09-07T13:25:28+00:00Z</time>
      </trkpt>
      <trkpt lat="41.31817309" lon="-72.96620132">
        <time>2026-09-07T13:25:29+00:00Z</time>
      </trkpt>
      <trkpt lat="41.31815658" lon="-72.96621138">
        <time>2026-09-07T13:25:30+00:00Z</time>
      </trkpt>
      <trkpt lat="41.31812733" lon="-72.96622194">
        <time>2026-09-07T13:25:31+00:00Z</time>
      </trkpt>
      <trkpt lat="41.31810964" lon="-72.96622102">
        <time>2026-09-07T13:25:32+00:00Z</time>
      </trkpt>
      <trkpt lat="41.31808366" lon="-72.96622857">
        <time>2026-09-07T13:25:33+00:00Z</time>
      </trkpt>
      <trkpt lat="41.31806270" lon="-72.96623653">
        <time>2026-09-07T13:25:34+00:00Z</time>
      </trkpt>
      <trkpt lat="41.31804300" lon="-72.96624675">
        <time>2026-09-07T13:25:35+00:00Z</time>
      </trkpt>
      <trkpt lat="41.31802071" lon="-72.96625757">
        <time>2026-09-07T13:25:36+00:00Z</time>
      </trkpt>
      <trkpt lat="41.31799908" lon="-72.96626922">
        <time>2026-09-07T13:25:37+00:00Z</time>
      </trkpt>
      <trkpt lat="41.31797302" lon="-72.96628112">
        <time>2026-09-07T13:25:38+00:00Z</time>
      </trkpt>
      <trkpt lat="41.31795231" lon="-72.96628749">
        <time>2026-09-07T13:25:39+00:00Z</time>
      </trkpt>
      <trkpt lat="41.31792700" lon="-72.96629881">
        <time>2026-09-07T13:25:40+00:00Z</time>
      </trkpt>
      <trkpt lat="41.31790596" lon="-72.96630425">
        <time>2026-09-07T13:25:41+00:00Z</time>
      </trkpt>
      <trkpt lat="41.31788509" lon="-72.96631406">
        <time>2026-09-07T13:25:42+00:00Z</time>
      </trkpt>
      <trkpt lat="41.31786246" lon="-72.96632295">
        <time>2026-09-07T13:25:43+00:00Z</time>
      </trkpt>
      <trkpt lat="41.31784000" lon="-72.96633099">
        <time>2026-09-07T13:25:44+00:00Z</time>
      </trkpt>
      <trkpt lat="41.31781074" lon="-72.96634248">
        <time>2026-09-07T13:25:45+00:00Z</time>
      </trkpt>
      <trkpt lat="41.31779297" lon="-72.96634784">
        <time>2026-09-07T13:25:46+00:00Z</time>
      </trkpt>
      <trkpt lat="41.31776565" lon="-72.96636108">
        <time>2026-09-07T13:25:47+00:00Z</time>
      </trkpt>
      <trkpt lat="41.31774394" lon="-72.96636259">
        <time>2026-09-07T13:25:48+00:00Z</time>
      </trkpt>
      <trkpt lat="41.31772005" lon="-72.96637257">
        <time>2026-09-07T13:25:49+00:00Z</time>
      </trkpt>
      <trkpt lat="41.31769792" lon="-72.96638137">
        <time>2026-09-07T13:25:50+00:00Z</time>
      </trkpt>
      <trkpt lat="41.31767957" lon="-72.96638774">
        <time>2026-09-07T13:25:51+00:00Z</time>
      </trkpt>
      <trkpt lat="41.31765283" lon="-72.96639537">
        <time>2026-09-07T13:25:52+00:00Z</time>
      </trkpt>
      <trkpt lat="41.31763447" lon="-72.96640391">
        <time>2026-09-07T13:25:53+00:00Z</time>
      </trkpt>
      <trkpt lat="41.31761167" lon="-72.96641590">
        <time>2026-09-07T13:25:54+00:00Z</time>
      </trkpt>
      <trkpt lat="41.31759474" lon="-72.96642537">
        <time>2026-09-07T13:25:55+00:00Z</time>
      </trkpt>
      <trkpt lat="41.31757437" lon="-72.96644331">
        <time>2026-09-07T13:25:56+00:00Z</time>
      </trkpt>
      <trkpt lat="41.31755434" lon="-72.96644884">
        <time>2026-09-07T13:25:57+00:00Z</time>
      </trkpt>
      <trkpt lat="41.31753271" lon="-72.96645639">
        <time>2026-09-07T13:25:58+00:00Z</time>
      </trkpt>
      <trkpt lat="41.31751059" lon="-72.96646200">
        <time>2026-09-07T13:25:59+00:00Z</time>
      </trkpt>
      <trkpt lat="41.31748796" lon="-72.96646938">
        <time>2026-09-07T13:26:00+00:00Z</time>
      </trkpt>
      <trkpt lat="41.31746264" lon="-72.96647893">
        <time>2026-09-07T13:26:01+00:00Z</time>
      </trkpt>
      <trkpt lat="41.31743850" lon="-72.96648564">
        <time>2026-09-07T13:26:02+00:00Z</time>
      </trkpt>
      <trkpt lat="41.31741160" lon="-72.96649679">
        <time>2026-09-07T13:26:03+00:00Z</time>
      </trkpt>
      <trkpt lat="41.31738880" lon="-72.96650232">
        <time>2026-09-07T13:26:04+00:00Z</time>
      </trkpt>
      <trkpt lat="41.31736214" lon="-72.96651615">
        <time>2026-09-07T13:26:05+00:00Z</time>
      </trkpt>
      <trkpt lat="41.31734027" lon="-72.96652352">
        <time>2026-09-07T13:26:06+00:00Z</time>
      </trkpt>
      <trkpt lat="41.31731562" lon="-72.96653073">
        <time>2026-09-07T13:26:07+00:00Z</time>
      </trkpt>
      <trkpt lat="41.31729266" lon="-72.96653953">
        <time>2026-09-07T13:26:08+00:00Z</time>
      </trkpt>
      <trkpt lat="41.31726894" lon="-72.96654624">
        <time>2026-09-07T13:26:09+00:00Z</time>
      </trkpt>
      <trkpt lat="41.31723851" lon="-72.96655672">
        <time>2026-09-07T13:26:10+00:00Z</time>
      </trkpt>
      <trkpt lat="41.31721923" lon="-72.96655982">
        <time>2026-09-07T13:26:11+00:00Z</time>
      </trkpt>
      <trkpt lat="41.31719308" lon="-72.96657130">
        <time>2026-09-07T13:26:12+00:00Z</time>
      </trkpt>
      <trkpt lat="41.31717472" lon="-72.96657817">
        <time>2026-09-07T13:26:13+00:00Z</time>
      </trkpt>
      <trkpt lat="41.31715192" lon="-72.96659636">
        <time>2026-09-07T13:26:14+00:00Z</time>
      </trkpt>
      <trkpt lat="41.31713223" lon="-72.96660198">
        <time>2026-09-07T13:26:15+00:00Z</time>
      </trkpt>
      <trkpt lat="41.31710893" lon="-72.96661497">
        <time>2026-09-07T13:26:16+00:00Z</time>
      </trkpt>
      <trkpt lat="41.31708437" lon="-72.96661422">
        <time>2026-09-07T13:26:17+00:00Z</time>
      </trkpt>
      <trkpt lat="41.31706383" lon="-72.96661841">
        <time>2026-09-07T13:26:18+00:00Z</time>
      </trkpt>
      <trkpt lat="41.31703609" lon="-72.96663601">
        <time>2026-09-07T13:26:19+00:00Z</time>
      </trkpt>
      <trkpt lat="41.31701505" lon="-72.96664808">
        <time>2026-09-07T13:26:20+00:00Z</time>
      </trkpt>
      <trkpt lat="41.31699149" lon="-72.96666057">
        <time>2026-09-07T13:26:21+00:00Z</time>
      </trkpt>
      <trkpt lat="41.31697448" lon="-72.96666593">
        <time>2026-09-07T13:26:22+00:00Z</time>
      </trkpt>
      <trkpt lat="41.31695009" lon="-72.96667884">
        <time>2026-09-07T13:26:23+00:00Z</time>
      </trkpt>
      <trkpt lat="41.31692972" lon="-72.96668219">
        <time>2026-09-07T13:26:24+00:00Z</time>
      </trkpt>
      <trkpt lat="41.31690818" lon="-72.96669083">
        <time>2026-09-07T13:26:25+00:00Z</time>
      </trkpt>
      <trkpt lat="41.31688488" lon="-72.96669720">
        <time>2026-09-07T13:26:26+00:00Z</time>
      </trkpt>
      <trkpt lat="41.31686258" lon="-72.96669829">
        <time>2026-09-07T13:26:27+00:00Z</time>
      </trkpt>
      <trkpt lat="41.31683383" lon="-72.96670659">
        <time>2026-09-07T13:26:28+00:00Z</time>
      </trkpt>
      <trkpt lat="41.31681145" lon="-72.96671321">
        <time>2026-09-07T13:26:29+00:00Z</time>
      </trkpt>
      <trkpt lat="41.31678790" lon="-72.96672553">
        <time>2026-09-07T13:26:30+00:00Z</time>
      </trkpt>
      <trkpt lat="41.31676954" lon="-72.96672972">
        <time>2026-09-07T13:26:31+00:00Z</time>
      </trkpt>
      <trkpt lat="41.31674741" lon="-72.96673911">
        <time>2026-09-07T13:26:32+00:00Z</time>
      </trkpt>
      <trkpt lat="41.31672839" lon="-72.96674732">
        <time>2026-09-07T13:26:33+00:00Z</time>
      </trkpt>
      <trkpt lat="41.31670500" lon="-72.96676056">
        <time>2026-09-07T13:26:34+00:00Z</time>
      </trkpt>
      <trkpt lat="41.31668204" lon="-72.96676693">
        <time>2026-09-07T13:26:35+00:00Z</time>
      </trkpt>
      <trkpt lat="41.31665823" lon="-72.96677398">
        <time>2026-09-07T13:26:36+00:00Z</time>
      </trkpt>
      <trkpt lat="41.31663124" lon="-72.96678152">
        <time>2026-09-07T13:26:37+00:00Z</time>
      </trkpt>
      <trkpt lat="41.31660693" lon="-72.96678512">
        <time>2026-09-07T13:26:38+00:00Z</time>
      </trkpt>
      <trkpt lat="41.31657877" lon="-72.96679300">
        <time>2026-09-07T13:26:39+00:00Z</time>
      </trkpt>
      <trkpt lat="41.31655714" lon="-72.96679694">
        <time>2026-09-07T13:26:40+00:00Z</time>
      </trkpt>
      <trkpt lat="41.31652814" lon="-72.96680650">
        <time>2026-09-07T13:26:41+00:00Z</time>
      </trkpt>
      <trkpt lat="41.31650719" lon="-72.96681656">
        <time>2026-09-07T13:26:42+00:00Z</time>
      </trkpt>
      <trkpt lat="41.31648070" lon="-72.96682779">
        <time>2026-09-07T13:26:43+00:00Z</time>
      </trkpt>
      <trkpt lat="41.31646561" lon="-72.96683785">
        <time>2026-09-07T13:26:44+00:00Z</time>
      </trkpt>
      <trkpt lat="41.31644256" lon="-72.96684849">
        <time>2026-09-07T13:26:45+00:00Z</time>
      </trkpt>
      <trkpt lat="41.31642245" lon="-72.96685235">
        <time>2026-09-07T13:26:46+00:00Z</time>
      </trkpt>
      <trkpt lat="41.31639613" lon="-72.96686098">
        <time>2026-09-07T13:26:47+00:00Z</time>
      </trkpt>
      <trkpt lat="41.31637618" lon="-72.96685930">
        <time>2026-09-07T13:26:48+00:00Z</time>
      </trkpt>
      <trkpt lat="41.31635321" lon="-72.96685469">
        <time>2026-09-07T13:26:49+00:00Z</time>
      </trkpt>
      <trkpt lat="41.31633217" lon="-72.96683910">
        <time>2026-09-07T13:26:50+00:00Z</time>
      </trkpt>
      <trkpt lat="41.31631432" lon="-72.96681882">
        <time>2026-09-07T13:26:51+00:00Z</time>
      </trkpt>
      <trkpt lat="41.31629714" lon="-72.96679191">
        <time>2026-09-07T13:26:52+00:00Z</time>
      </trkpt>
      <trkpt lat="41.31628867" lon="-72.96676685">
        <time>2026-09-07T13:26:53+00:00Z</time>
      </trkpt>
      <trkpt lat="41.31628155" lon="-72.96674129">
        <time>2026-09-07T13:26:54+00:00Z</time>
      </trkpt>
      <trkpt lat="41.31627576" lon="-72.96671312">
        <time>2026-09-07T13:26:55+00:00Z</time>
      </trkpt>
      <trkpt lat="41.31626965" lon="-72.96667549">
        <time>2026-09-07T13:26:56+00:00Z</time>
      </trkpt>
      <trkpt lat="41.31626738" lon="-72.96664791">
        <time>2026-09-07T13:26:57+00:00Z</time>
      </trkpt>
      <trkpt lat="41.31626470" lon="-72.96661296">
        <time>2026-09-07T13:26:58+00:00Z</time>
      </trkpt>
      <trkpt lat="41.31626152" lon="-72.96658765">
        <time>2026-09-07T13:26:59+00:00Z</time>
      </trkpt>
      <trkpt lat="41.31625271" lon="-72.96655864">
        <time>2026-09-07T13:27:00+00:00Z</time>
      </trkpt>
      <trkpt lat="41.31624358" lon="-72.96653342">
        <time>2026-09-07T13:27:01+00:00Z</time>
      </trkpt>
      <trkpt lat="41.31623469" lon="-72.96650056">
        <time>2026-09-07T13:27:02+00:00Z</time>
      </trkpt>
      <trkpt lat="41.31622983" lon="-72.96647340">
        <time>2026-09-07T13:27:03+00:00Z</time>
      </trkpt>
      <trkpt lat="41.31622556" lon="-72.96644297">
        <time>2026-09-07T13:27:04+00:00Z</time>
      </trkpt>
      <trkpt lat="41.31622489" lon="-72.96640593">
        <time>2026-09-07T13:27:05+00:00Z</time>
      </trkpt>
      <trkpt lat="41.31621919" lon="-72.96638036">
        <time>2026-09-07T13:27:06+00:00Z</time>
      </trkpt>
      <trkpt lat="41.31621474" lon="-72.96634197">
        <time>2026-09-07T13:27:07+00:00Z</time>
      </trkpt>
      <trkpt lat="41.31620904" lon="-72.96631658">
        <time>2026-09-07T13:27:08+00:00Z</time>
      </trkpt>
      <trkpt lat="41.31620385" lon="-72.96628405">
        <time>2026-09-07T13:27:09+00:00Z</time>
      </trkpt>
      <trkpt lat="41.31619739" lon="-72.96625782">
        <time>2026-09-07T13:27:10+00:00Z</time>
      </trkpt>
      <trkpt lat="41.31619295" lon="-72.96622538">
        <time>2026-09-07T13:27:11+00:00Z</time>
      </trkpt>
      <trkpt lat="41.31618868" lon="-72.96619705">
        <time>2026-09-07T13:27:12+00:00Z</time>
      </trkpt>
      <trkpt lat="41.31618340" lon="-72.96616377">
        <time>2026-09-07T13:27:13+00:00Z</time>
      </trkpt>
      <trkpt lat="41.31617418" lon="-72.96612773">
        <time>2026-09-07T13:27:14+00:00Z</time>
      </trkpt>
      <trkpt lat="41.31616965" lon="-72.96609798">
        <time>2026-09-07T13:27:15+00:00Z</time>
      </trkpt>
      <trkpt lat="41.31616328" lon="-72.96606193">
        <time>2026-09-07T13:27:16+00:00Z</time>
      </trkpt>
      <trkpt lat="41.31615683" lon="-72.96603302">
        <time>2026-09-07T13:27:17+00:00Z</time>
      </trkpt>
      <trkpt lat="41.31614886" lon="-72.96599966">
        <time>2026-09-07T13:27:18+00:00Z</time>
      </trkpt>
      <trkpt lat="41.31613989" lon="-72.96597292">
        <time>2026-09-07T13:27:19+00:00Z</time>
      </trkpt>
      <trkpt lat="41.31612573" lon="-72.96594534">
        <time>2026-09-07T13:27:20+00:00Z</time>
      </trkpt>
      <trkpt lat="41.31611366" lon="-72.96591911">
        <time>2026-09-07T13:27:21+00:00Z</time>
      </trkpt>
      <trkpt lat="41.31610041" lon="-72.96589153">
        <time>2026-09-07T13:27:22+00:00Z</time>
      </trkpt>
      <trkpt lat="41.31608533" lon="-72.96586169">
        <time>2026-09-07T13:27:23+00:00Z</time>
      </trkpt>
      <trkpt lat="41.31607527" lon="-72.96583436">
        <time>2026-09-07T13:27:24+00:00Z</time>
      </trkpt>
      <trkpt lat="41.31606395" lon="-72.96580444">
        <time>2026-09-07T13:27:25+00:00Z</time>
      </trkpt>
      <trkpt lat="41.31605348" lon="-72.96578416">
        <time>2026-09-07T13:27:26+00:00Z</time>
      </trkpt>
      <trkpt lat="41.31604300" lon="-72.96575205">
        <time>2026-09-07T13:27:27+00:00Z</time>
      </trkpt>
      <trkpt lat="41.31603948" lon="-72.96572565">
        <time>2026-09-07T13:27:28+00:00Z</time>
      </trkpt>
      <trkpt lat="41.31603361" lon="-72.96569573">
        <time>2026-09-07T13:27:29+00:00Z</time>
      </trkpt>
      <trkpt lat="41.31602825" lon="-72.96566932">
        <time>2026-09-07T13:27:30+00:00Z</time>
      </trkpt>
      <trkpt lat="41.31601928" lon="-72.96564049">
        <time>2026-09-07T13:27:31+00:00Z</time>
      </trkpt>
      <trkpt lat="41.31601157" lon="-72.96560562">
        <time>2026-09-07T13:27:32+00:00Z</time>
      </trkpt>
      <trkpt lat="41.31600553" lon="-72.96558525">
        <time>2026-09-07T13:27:33+00:00Z</time>
      </trkpt>
      <trkpt lat="41.31599489" lon="-72.96555064">
        <time>2026-09-07T13:27:34+00:00Z</time>
      </trkpt>
      <trkpt lat="41.31598843" lon="-72.96552482">
        <time>2026-09-07T13:27:35+00:00Z</time>
      </trkpt>
      <trkpt lat="41.31597812" lon="-72.96549087">
        <time>2026-09-07T13:27:36+00:00Z</time>
      </trkpt>
      <trkpt lat="41.31597938" lon="-72.96548191">
        <time>2026-09-07T13:27:37+00:00Z</time>
      </trkpt>
      <trkpt lat="41.31597485" lon="-72.96544729">
        <time>2026-09-07T13:27:38+00:00Z</time>
      </trkpt>
      <trkpt lat="41.31597075" lon="-72.96542499">
        <time>2026-09-07T13:27:39+00:00Z</time>
      </trkpt>
      <trkpt lat="41.31596823" lon="-72.96539105">
        <time>2026-09-07T13:27:40+00:00Z</time>
      </trkpt>
      <trkpt lat="41.31596421" lon="-72.96537336">
        <time>2026-09-07T13:27:41+00:00Z</time>
      </trkpt>
      <trkpt lat="41.31595952" lon="-72.96536003">
        <time>2026-09-07T13:27:42+00:00Z</time>
      </trkpt>
      <trkpt lat="41.31595750" lon="-72.96536054">
        <time>2026-09-07T13:27:43+00:00Z</time>
      </trkpt>
      <trkpt lat="41.31595306" lon="-72.96535232">
        <time>2026-09-07T13:27:44+00:00Z</time>
      </trkpt>
      <trkpt lat="41.31595172" lon="-72.96533564">
        <time>2026-09-07T13:27:45+00:00Z</time>
      </trkpt>
      <trkpt lat="41.31595105" lon="-72.96531678">
        <time>2026-09-07T13:27:46+00:00Z</time>
      </trkpt>
      <trkpt lat="41.31594602" lon="-72.96529365">
        <time>2026-09-07T13:27:47+00:00Z</time>
      </trkpt>
      <trkpt lat="41.31594460" lon="-72.96526875">
        <time>2026-09-07T13:27:48+00:00Z</time>
      </trkpt>
      <trkpt lat="41.31594066" lon="-72.96524436">
        <time>2026-09-07T13:27:49+00:00Z</time>
      </trkpt>
      <trkpt lat="41.31593378" lon="-72.96522433">
        <time>2026-09-07T13:27:50+00:00Z</time>
      </trkpt>
      <trkpt lat="41.31592515" lon="-72.96521083">
        <time>2026-09-07T13:27:51+00:00Z</time>
      </trkpt>
      <trkpt lat="41.31591534" lon="-72.96520136">
        <time>2026-09-07T13:27:52+00:00Z</time>
      </trkpt>
      <trkpt lat="41.31590939" lon="-72.96518913">
        <time>2026-09-07T13:27:53+00:00Z</time>
      </trkpt>
      <trkpt lat="41.31590168" lon="-72.96517437">
        <time>2026-09-07T13:27:54+00:00Z</time>
      </trkpt>
      <trkpt lat="41.31589590" lon="-72.96515618">
        <time>2026-09-07T13:27:55+00:00Z</time>
      </trkpt>
      <trkpt lat="41.31588735" lon="-72.96513003">
        <time>2026-09-07T13:27:56+00:00Z</time>
      </trkpt>
      <trkpt lat="41.31588190" lon="-72.96510715">
        <time>2026-09-07T13:27:57+00:00Z</time>
      </trkpt>
      <trkpt lat="41.31587586" lon="-72.96507597">
        <time>2026-09-07T13:27:58+00:00Z</time>
      </trkpt>
      <trkpt lat="41.31587033" lon="-72.96504261">
        <time>2026-09-07T13:27:59+00:00Z</time>
      </trkpt>
      <trkpt lat="41.31586530" lon="-72.96501168">
        <time>2026-09-07T13:28:00+00:00Z</time>
      </trkpt>
      <trkpt lat="41.31585776" lon="-72.96497941">
        <time>2026-09-07T13:28:01+00:00Z</time>
      </trkpt>
      <trkpt lat="41.31585130" lon="-72.96495301">
        <time>2026-09-07T13:28:02+00:00Z</time>
      </trkpt>
      <trkpt lat="41.31584200" lon="-72.96492116">
        <time>2026-09-07T13:28:03+00:00Z</time>
      </trkpt>
      <trkpt lat="41.31583613" lon="-72.96489391">
        <time>2026-09-07T13:28:04+00:00Z</time>
      </trkpt>
      <trkpt lat="41.31582817" lon="-72.96486374">
        <time>2026-09-07T13:28:05+00:00Z</time>
      </trkpt>
      <trkpt lat="41.31581979" lon="-72.96483943">
        <time>2026-09-07T13:28:06+00:00Z</time>
      </trkpt>
      <trkpt lat="41.31581308" lon="-72.96480498">
        <time>2026-09-07T13:28:07+00:00Z</time>
      </trkpt>
      <trkpt lat="41.31581057" lon="-72.96477715">
        <time>2026-09-07T13:28:08+00:00Z</time>
      </trkpt>
      <trkpt lat="41.31580554" lon="-72.96475151">
        <time>2026-09-07T13:28:09+00:00Z</time>
      </trkpt>
      <trkpt lat="41.31579992" lon="-72.96472368">
        <time>2026-09-07T13:28:10+00:00Z</time>
      </trkpt>
      <trkpt lat="41.31579523" lon="-72.96469702">
        <time>2026-09-07T13:28:11+00:00Z</time>
      </trkpt>
      <trkpt lat="41.31578802" lon="-72.96466358">
        <time>2026-09-07T13:28:12+00:00Z</time>
      </trkpt>
      <trkpt lat="41.31578400" lon="-72.96463550">
        <time>2026-09-07T13:28:13+00:00Z</time>
      </trkpt>
      <trkpt lat="41.31577411" lon="-72.96460105">
        <time>2026-09-07T13:28:14+00:00Z</time>
      </trkpt>
      <trkpt lat="41.31576598" lon="-72.96457716">
        <time>2026-09-07T13:28:15+00:00Z</time>
      </trkpt>
      <trkpt lat="41.31575835" lon="-72.96454003">
        <time>2026-09-07T13:28:16+00:00Z</time>
      </trkpt>
      <trkpt lat="41.31575223" lon="-72.96451665">
        <time>2026-09-07T13:28:17+00:00Z</time>
      </trkpt>
      <trkpt lat="41.31574452" lon="-72.96448974">
        <time>2026-09-07T13:28:18+00:00Z</time>
      </trkpt>
      <trkpt lat="41.31573974" lon="-72.96446401">
        <time>2026-09-07T13:28:19+00:00Z</time>
      </trkpt>
      <trkpt lat="41.31573169" lon="-72.96443886">
        <time>2026-09-07T13:28:20+00:00Z</time>
      </trkpt>
      <trkpt lat="41.31572382" lon="-72.96440374">
        <time>2026-09-07T13:28:21+00:00Z</time>
      </trkpt>
      <trkpt lat="41.31572122" lon="-72.96438027">
        <time>2026-09-07T13:28:22+00:00Z</time>
      </trkpt>
      <trkpt lat="41.31571409" lon="-72.96434465">
        <time>2026-09-07T13:28:23+00:00Z</time>
      </trkpt>
      <trkpt lat="41.31571108" lon="-72.96431975">
        <time>2026-09-07T13:28:24+00:00Z</time>
      </trkpt>
      <trkpt lat="41.31570973" lon="-72.96428740">
        <time>2026-09-07T13:28:25+00:00Z</time>
      </trkpt>
      <trkpt lat="41.31570856" lon="-72.96426041">
        <time>2026-09-07T13:28:26+00:00Z</time>
      </trkpt>
      <trkpt lat="41.31570278" lon="-72.96422554">
        <time>2026-09-07T13:28:27+00:00Z</time>
      </trkpt>
      <trkpt lat="41.31569783" lon="-72.96419428">
        <time>2026-09-07T13:28:28+00:00Z</time>
      </trkpt>
      <trkpt lat="41.31568903" lon="-72.96417165">
        <time>2026-09-07T13:28:29+00:00Z</time>
      </trkpt>
      <trkpt lat="41.31568015" lon="-72.96413099">
        <time>2026-09-07T13:28:30+00:00Z</time>
      </trkpt>
      <trkpt lat="41.31567252" lon="-72.96410845">
        <time>2026-09-07T13:28:31+00:00Z</time>
      </trkpt>
      <trkpt lat="41.31566447" lon="-72.96407634">
        <time>2026-09-07T13:28:32+00:00Z</time>
      </trkpt>
      <trkpt lat="41.31565844" lon="-72.96405237">
        <time>2026-09-07T13:28:33+00:00Z</time>
      </trkpt>
      <trkpt lat="41.31565064" lon="-72.96401356">
        <time>2026-09-07T13:28:34+00:00Z</time>
      </trkpt>
      <trkpt lat="41.31564721" lon="-72.96398599">
        <time>2026-09-07T13:28:35+00:00Z</time>
      </trkpt>
      <trkpt lat="41.31564268" lon="-72.96394768">
        <time>2026-09-07T13:28:36+00:00Z</time>
      </trkpt>
      <trkpt lat="41.31563815" lon="-72.96391642">
        <time>2026-09-07T13:28:37+00:00Z</time>
      </trkpt>
      <trkpt lat="41.31563019" lon="-72.96388540">
        <time>2026-09-07T13:28:38+00:00Z</time>
      </trkpt>
      <trkpt lat="41.31562206" lon="-72.96385263">
        <time>2026-09-07T13:28:39+00:00Z</time>
      </trkpt>
      <trkpt lat="41.31561351" lon="-72.96382581">
        <time>2026-09-07T13:28:40+00:00Z</time>
      </trkpt>
      <trkpt lat="41.31560354" lon="-72.96379471">
        <time>2026-09-07T13:28:41+00:00Z</time>
      </trkpt>
      <trkpt lat="41.31559331" lon="-72.96376931">
        <time>2026-09-07T13:28:42+00:00Z</time>
      </trkpt>
      <trkpt lat="41.31558627" lon="-72.96373352">
        <time>2026-09-07T13:28:43+00:00Z</time>
      </trkpt>
      <trkpt lat="41.31558116" lon="-72.96370863">
        <time>2026-09-07T13:28:44+00:00Z</time>
      </trkpt>
      <trkpt lat="41.31557537" lon="-72.96367317">
        <time>2026-09-07T13:28:45+00:00Z</time>
      </trkpt>
      <trkpt lat="41.31557160" lon="-72.96364199">
        <time>2026-09-07T13:28:46+00:00Z</time>
      </trkpt>
      <trkpt lat="41.31556490" lon="-72.96361224">
        <time>2026-09-07T13:28:47+00:00Z</time>
      </trkpt>
      <trkpt lat="41.31555869" lon="-72.96357712">
        <time>2026-09-07T13:28:48+00:00Z</time>
      </trkpt>
      <trkpt lat="41.31555241" lon="-72.96354828">
        <time>2026-09-07T13:28:49+00:00Z</time>
      </trkpt>
      <trkpt lat="41.31554226" lon="-72.96351157">
        <time>2026-09-07T13:28:50+00:00Z</time>
      </trkpt>
      <trkpt lat="41.31553506" lon="-72.96348592">
        <time>2026-09-07T13:28:51+00:00Z</time>
      </trkpt>
      <trkpt lat="41.31552944" lon="-72.96344887">
        <time>2026-09-07T13:28:52+00:00Z</time>
      </trkpt>
      <trkpt lat="41.31552366" lon="-72.96342247">
        <time>2026-09-07T13:28:53+00:00Z</time>
      </trkpt>
      <trkpt lat="41.31551460" lon="-72.96338852">
        <time>2026-09-07T13:28:54+00:00Z</time>
      </trkpt>
      <trkpt lat="41.31550664" lon="-72.96335718">
        <time>2026-09-07T13:28:55+00:00Z</time>
      </trkpt>
      <trkpt lat="41.31549398" lon="-72.96333086">
        <time>2026-09-07T13:28:56+00:00Z</time>
      </trkpt>
      <trkpt lat="41.31548208" lon="-72.96329247">
        <time>2026-09-07T13:28:57+00:00Z</time>
      </trkpt>
      <trkpt lat="41.31547219" lon="-72.96326925">
        <time>2026-09-07T13:28:58+00:00Z</time>
      </trkpt>
      <trkpt lat="41.31546305" lon="-72.96323170">
        <time>2026-09-07T13:28:59+00:00Z</time>
      </trkpt>
      <trkpt lat="41.31545752" lon="-72.96320815">
        <time>2026-09-07T13:29:00+00:00Z</time>
      </trkpt>
      <trkpt lat="41.31545031" lon="-72.96317110">
        <time>2026-09-07T13:29:01+00:00Z</time>
      </trkpt>
      <trkpt lat="41.31544361" lon="-72.96313531">
        <time>2026-09-07T13:29:02+00:00Z</time>
      </trkpt>
      <trkpt lat="41.31543514" lon="-72.96310639">
        <time>2026-09-07T13:29:03+00:00Z</time>
      </trkpt>
      <trkpt lat="41.31542802" lon="-72.96307010">
        <time>2026-09-07T13:29:04+00:00Z</time>
      </trkpt>
      <trkpt lat="41.31542031" lon="-72.96304571">
        <time>2026-09-07T13:29:05+00:00Z</time>
      </trkpt>
      <trkpt lat="41.31540866" lon="-72.96301017">
        <time>2026-09-07T13:29:06+00:00Z</time>
      </trkpt>
      <trkpt lat="41.31540111" lon="-72.96298510">
        <time>2026-09-07T13:29:07+00:00Z</time>
      </trkpt>
      <trkpt lat="41.31540027" lon="-72.96295124">
        <time>2026-09-07T13:29:08+00:00Z</time>
      </trkpt>
      <trkpt lat="41.31539927" lon="-72.96292475">
        <time>2026-09-07T13:29:09+00:00Z</time>
      </trkpt>
      <trkpt lat="41.31539642" lon="-72.96289491">
        <time>2026-09-07T13:29:10+00:00Z</time>
      </trkpt>
      <trkpt lat="41.31539483" lon="-72.96286583">
        <time>2026-09-07T13:29:11+00:00Z</time>
      </trkpt>
      <trkpt lat="41.31538955" lon="-72.96283800">
        <time>2026-09-07T13:29:12+00:00Z</time>
      </trkpt>
      <trkpt lat="41.31538284" lon="-72.96280053">
        <time>2026-09-07T13:29:13+00:00Z</time>
      </trkpt>
      <trkpt lat="41.31537714" lon="-72.96277346">
        <time>2026-09-07T13:29:14+00:00Z</time>
      </trkpt>
      <trkpt lat="41.31536759" lon="-72.96273021">
        <time>2026-09-07T13:29:15+00:00Z</time>
      </trkpt>
      <trkpt lat="41.31536289" lon="-72.96270465">
        <time>2026-09-07T13:29:16+00:00Z</time>
      </trkpt>
      <trkpt lat="41.31535853" lon="-72.96266978">
        <time>2026-09-07T13:29:17+00:00Z</time>
      </trkpt>
      <trkpt lat="41.31535585" lon="-72.96264195">
        <time>2026-09-07T13:29:18+00:00Z</time>
      </trkpt>
      <trkpt lat="41.31535049" lon="-72.96260742">
        <time>2026-09-07T13:29:19+00:00Z</time>
      </trkpt>
      <trkpt lat="41.31534613" lon="-72.96257791">
        <time>2026-09-07T13:29:20+00:00Z</time>
      </trkpt>
      <trkpt lat="41.31533733" lon="-72.96254740">
        <time>2026-09-07T13:29:21+00:00Z</time>
      </trkpt>
      <trkpt lat="41.31533020" lon="-72.96251857">
        <time>2026-09-07T13:29:22+00:00Z</time>
      </trkpt>
      <trkpt lat="41.31532350" lon="-72.96249418">
        <time>2026-09-07T13:29:23+00:00Z</time>
      </trkpt>
      <trkpt lat="41.31531788" lon="-72.96246266">
        <time>2026-09-07T13:29:24+00:00Z</time>
      </trkpt>
      <trkpt lat="41.31531252" lon="-72.96243927">
        <time>2026-09-07T13:29:25+00:00Z</time>
      </trkpt>
      <trkpt lat="41.31530480" lon="-72.96240139">
        <time>2026-09-07T13:29:26+00:00Z</time>
      </trkpt>
      <trkpt lat="41.31529785" lon="-72.96237390">
        <time>2026-09-07T13:29:27+00:00Z</time>
      </trkpt>
      <trkpt lat="41.31529081" lon="-72.96234137">
        <time>2026-09-07T13:29:28+00:00Z</time>
      </trkpt>
      <trkpt lat="41.31528536" lon="-72.96231547">
        <time>2026-09-07T13:29:29+00:00Z</time>
      </trkpt>
      <trkpt lat="41.31528092" lon="-72.96228161">
        <time>2026-09-07T13:29:30+00:00Z</time>
      </trkpt>
      <trkpt lat="41.31527823" lon="-72.96225437">
        <time>2026-09-07T13:29:31+00:00Z</time>
      </trkpt>
      <trkpt lat="41.31526994" lon="-72.96221942">
        <time>2026-09-07T13:29:32+00:00Z</time>
      </trkpt>
      <trkpt lat="41.31526742" lon="-72.96219251">
        <time>2026-09-07T13:29:33+00:00Z</time>
      </trkpt>
      <trkpt lat="41.31526407" lon="-72.96216276">
        <time>2026-09-07T13:29:34+00:00Z</time>
      </trkpt>
      <trkpt lat="41.31525720" lon="-72.96213032">
        <time>2026-09-07T13:29:35+00:00Z</time>
      </trkpt>
      <trkpt lat="41.31524454" lon="-72.96210526">
        <time>2026-09-07T13:29:36+00:00Z</time>
      </trkpt>
      <trkpt lat="41.31523272" lon="-72.96207617">
        <time>2026-09-07T13:29:37+00:00Z</time>
      </trkpt>
      <trkpt lat="41.31521931" lon="-72.96205387">
        <time>2026-09-07T13:29:38+00:00Z</time>
      </trkpt>
      <trkpt lat="41.31520472" lon="-72.96202328">
        <time>2026-09-07T13:29:39+00:00Z</time>
      </trkpt>
      <trkpt lat="41.31519341" lon="-72.96199679">
        <time>2026-09-07T13:29:40+00:00Z</time>
      </trkpt>
      <trkpt lat="41.31518310" lon="-72.96195371">
        <time>2026-09-07T13:29:41+00:00Z</time>
      </trkpt>
      <trkpt lat="41.31517606" lon="-72.96192773">
        <time>2026-09-07T13:29:42+00:00Z</time>
      </trkpt>
      <trkpt lat="41.31516910" lon="-72.96189395">
        <time>2026-09-07T13:29:43+00:00Z</time>
      </trkpt>
      <trkpt lat="41.31516365" lon="-72.96186436">
        <time>2026-09-07T13:29:44+00:00Z</time>
      </trkpt>
      <trkpt lat="41.31515787" lon="-72.96183242">
        <time>2026-09-07T13:29:45+00:00Z</time>
      </trkpt>
      <trkpt lat="41.31515083" lon="-72.96179881">
        <time>2026-09-07T13:29:46+00:00Z</time>
      </trkpt>
      <trkpt lat="41.31514085" lon="-72.96177526">
        <time>2026-09-07T13:29:47+00:00Z</time>
      </trkpt>
      <trkpt lat="41.31513021" lon="-72.96174257">
        <time>2026-09-07T13:29:48+00:00Z</time>
      </trkpt>
      <trkpt lat="41.31511873" lon="-72.96171818">
        <time>2026-09-07T13:29:49+00:00Z</time>
      </trkpt>
      <trkpt lat="41.31511294" lon="-72.96167920">
        <time>2026-09-07T13:29:50+00:00Z</time>
      </trkpt>
      <trkpt lat="41.31510699" lon="-72.96165029">
        <time>2026-09-07T13:29:51+00:00Z</time>
      </trkpt>
      <trkpt lat="41.31510138" lon="-72.96161517">
        <time>2026-09-07T13:29:52+00:00Z</time>
      </trkpt>
      <trkpt lat="41.31509526" lon="-72.96158927">
        <time>2026-09-07T13:29:53+00:00Z</time>
      </trkpt>
      <trkpt lat="41.31508612" lon="-72.96155716">
        <time>2026-09-07T13:29:54+00:00Z</time>
      </trkpt>
      <trkpt lat="41.31507992" lon="-72.96152917">
        <time>2026-09-07T13:29:55+00:00Z</time>
      </trkpt>
      <trkpt lat="41.31507514" lon="-72.96150067">
        <time>2026-09-07T13:29:56+00:00Z</time>
      </trkpt>
      <trkpt lat="41.31506936" lon="-72.96146396">
        <time>2026-09-07T13:29:57+00:00Z</time>
      </trkpt>
      <trkpt lat="41.31506265" lon="-72.96143873">
        <time>2026-09-07T13:29:58+00:00Z</time>
      </trkpt>
      <trkpt lat="41.31505259" lon="-72.96140126">
        <time>2026-09-07T13:29:59+00:00Z</time>
      </trkpt>
      <trkpt lat="41.31504421" lon="-72.96137729">
        <time>2026-09-07T13:30:00+00:00Z</time>
      </trkpt>
      <trkpt lat="41.31504044" lon="-72.96134477">
        <time>2026-09-07T13:30:01+00:00Z</time>
      </trkpt>
      <trkpt lat="41.31503608" lon="-72.96131786">
        <time>2026-09-07T13:30:02+00:00Z</time>
      </trkpt>
      <trkpt lat="41.31502753" lon="-72.96128777">
        <time>2026-09-07T13:30:03+00:00Z</time>
      </trkpt>
      <trkpt lat="41.31501974" lon="-72.96126430">
        <time>2026-09-07T13:30:04+00:00Z</time>
      </trkpt>
      <trkpt lat="41.31501161" lon="-72.96123136">
        <time>2026-09-07T13:30:05+00:00Z</time>
      </trkpt>
      <trkpt lat="41.31500591" lon="-72.96120554">
        <time>2026-09-07T13:30:06+00:00Z</time>
      </trkpt>
      <trkpt lat="41.31500104" lon="-72.96117277">
        <time>2026-09-07T13:30:07+00:00Z</time>
      </trkpt>
      <trkpt lat="41.31499526" lon="-72.96114511">
        <time>2026-09-07T13:30:08+00:00Z</time>
      </trkpt>
      <trkpt lat="41.31498889" lon="-72.96111435">
        <time>2026-09-07T13:30:09+00:00Z</time>
      </trkpt>
      <trkpt lat="41.31498277" lon="-72.96108250">
        <time>2026-09-07T13:30:10+00:00Z</time>
      </trkpt>
      <trkpt lat="41.31497799" lon="-72.96104905">
        <time>2026-09-07T13:30:11+00:00Z</time>
      </trkpt>
      <trkpt lat="41.31496919" lon="-72.96101871">
        <time>2026-09-07T13:30:12+00:00Z</time>
      </trkpt>
      <trkpt lat="41.31496215" lon="-72.96099206">
        <time>2026-09-07T13:30:13+00:00Z</time>
      </trkpt>
      <trkpt lat="41.31495344" lon="-72.96096305">
        <time>2026-09-07T13:30:14+00:00Z</time>
      </trkpt>
      <trkpt lat="41.31494807" lon="-72.96093598">
        <time>2026-09-07T13:30:15+00:00Z</time>
      </trkpt>
      <trkpt lat="41.31494028" lon="-72.96090270">
        <time>2026-09-07T13:30:16+00:00Z</time>
      </trkpt>
      <trkpt lat="41.31493189" lon="-72.96087630">
        <time>2026-09-07T13:30:17+00:00Z</time>
      </trkpt>
      <trkpt lat="41.31492619" lon="-72.96084277">
        <time>2026-09-07T13:30:18+00:00Z</time>
      </trkpt>
      <trkpt lat="41.31492058" lon="-72.96081620">
        <time>2026-09-07T13:30:19+00:00Z</time>
      </trkpt>
      <trkpt lat="41.31491379" lon="-72.96078209">
        <time>2026-09-07T13:30:20+00:00Z</time>
      </trkpt>
      <trkpt lat="41.31490650" lon="-72.96075812">
        <time>2026-09-07T13:30:21+00:00Z</time>
      </trkpt>
      <trkpt lat="41.31489837" lon="-72.96072400">
        <time>2026-09-07T13:30:22+00:00Z</time>
      </trkpt>
      <trkpt lat="41.31489283" lon="-72.96069928">
        <time>2026-09-07T13:30:23+00:00Z</time>
      </trkpt>
      <trkpt lat="41.31488990" lon="-72.96066851">
        <time>2026-09-07T13:30:24+00:00Z</time>
      </trkpt>
      <trkpt lat="41.31488470" lon="-72.96064228">
        <time>2026-09-07T13:30:25+00:00Z</time>
      </trkpt>
      <trkpt lat="41.31487733" lon="-72.96061026">
        <time>2026-09-07T13:30:26+00:00Z</time>
      </trkpt>
      <trkpt lat="41.31487314" lon="-72.96058369">
        <time>2026-09-07T13:30:27+00:00Z</time>
      </trkpt>
      <trkpt lat="41.31486928" lon="-72.96054999">
        <time>2026-09-07T13:30:28+00:00Z</time>
      </trkpt>
      <trkpt lat="41.31486559" lon="-72.96052158">
        <time>2026-09-07T13:30:29+00:00Z</time>
      </trkpt>
      <trkpt lat="41.31486316" lon="-72.96048948">
        <time>2026-09-07T13:30:30+00:00Z</time>
      </trkpt>
      <trkpt lat="41.31486098" lon="-72.96046081">
        <time>2026-09-07T13:30:31+00:00Z</time>
      </trkpt>
      <trkpt lat="41.31485838" lon="-72.96042980">
        <time>2026-09-07T13:30:32+00:00Z</time>
      </trkpt>
      <trkpt lat="41.31485486" lon="-72.96039728">
        <time>2026-09-07T13:30:33+00:00Z</time>
      </trkpt>
      <trkpt lat="41.31484891" lon="-72.96036668">
        <time>2026-09-07T13:30:34+00:00Z</time>
      </trkpt>
      <trkpt lat="41.31484271" lon="-72.96033123">
        <time>2026-09-07T13:30:35+00:00Z</time>
      </trkpt>
      <trkpt lat="41.31483173" lon="-72.96030365">
        <time>2026-09-07T13:30:36+00:00Z</time>
      </trkpt>
      <trkpt lat="41.31482184" lon="-72.96027037">
        <time>2026-09-07T13:30:37+00:00Z</time>
      </trkpt>
      <trkpt lat="41.31481170" lon="-72.96024674">
        <time>2026-09-07T13:30:38+00:00Z</time>
      </trkpt>
      <trkpt lat="41.31480164" lon="-72.96021044">
        <time>2026-09-07T13:30:39+00:00Z</time>
      </trkpt>
      <trkpt lat="41.31479728" lon="-72.96018538">
        <time>2026-09-07T13:30:40+00:00Z</time>
      </trkpt>
      <trkpt lat="41.31479016" lon="-72.96014808">
        <time>2026-09-07T13:30:41+00:00Z</time>
      </trkpt>
      <trkpt lat="41.31478504" lon="-72.96012210">
        <time>2026-09-07T13:30:42+00:00Z</time>
      </trkpt>
      <trkpt lat="41.31477985" lon="-72.96008647">
        <time>2026-09-07T13:30:43+00:00Z</time>
      </trkpt>
      <trkpt lat="41.31477532" lon="-72.96005722">
        <time>2026-09-07T13:30:44+00:00Z</time>
      </trkpt>
      <trkpt lat="41.31476870" lon="-72.96002160">
        <time>2026-09-07T13:30:45+00:00Z</time>
      </trkpt>
      <trkpt lat="41.31476241" lon="-72.95999696">
        <time>2026-09-07T13:30:46+00:00Z</time>
      </trkpt>
      <trkpt lat="41.31475613" lon="-72.95996829">
        <time>2026-09-07T13:30:47+00:00Z</time>
      </trkpt>
      <trkpt lat="41.31475051" lon="-72.95994474">
        <time>2026-09-07T13:30:48+00:00Z</time>
      </trkpt>
      <trkpt lat="41.31474439" lon="-72.95991280">
        <time>2026-09-07T13:30:49+00:00Z</time>
      </trkpt>
      <trkpt lat="41.31474079" lon="-72.95988405">
        <time>2026-09-07T13:30:50+00:00Z</time>
      </trkpt>
      <trkpt lat="41.31473609" lon="-72.95985304">
        <time>2026-09-07T13:30:51+00:00Z</time>
      </trkpt>
      <trkpt lat="41.31473182" lon="-72.95982295">
        <time>2026-09-07T13:30:52+00:00Z</time>
      </trkpt>
      <trkpt lat="41.31472385" lon="-72.95979747">
        <time>2026-09-07T13:30:53+00:00Z</time>
      </trkpt>
      <trkpt lat="41.31471614" lon="-72.95976670">
        <time>2026-09-07T13:30:54+00:00Z</time>
      </trkpt>
      <trkpt lat="41.31470793" lon="-72.95974248">
        <time>2026-09-07T13:30:55+00:00Z</time>
      </trkpt>
      <trkpt lat="41.31469670" lon="-72.95970283">
        <time>2026-09-07T13:30:56+00:00Z</time>
      </trkpt>
      <trkpt lat="41.31468932" lon="-72.95967953">
        <time>2026-09-07T13:30:57+00:00Z</time>
      </trkpt>
      <trkpt lat="41.31468027" lon="-72.95964173">
        <time>2026-09-07T13:30:58+00:00Z</time>
      </trkpt>
      <trkpt lat="41.31467256" lon="-72.95961583">
        <time>2026-09-07T13:30:59+00:00Z</time>
      </trkpt>
      <trkpt lat="41.31466493" lon="-72.95958071">
        <time>2026-09-07T13:31:00+00:00Z</time>
      </trkpt>
      <trkpt lat="41.31466057" lon="-72.95955305">
        <time>2026-09-07T13:31:01+00:00Z</time>
      </trkpt>
      <trkpt lat="41.31465831" lon="-72.95952296">
        <time>2026-09-07T13:31:02+00:00Z</time>
      </trkpt>
      <trkpt lat="41.31465479" lon="-72.95949362">
        <time>2026-09-07T13:31:03+00:00Z</time>
      </trkpt>
      <trkpt lat="41.31464280" lon="-72.95946806">
        <time>2026-09-07T13:31:04+00:00Z</time>
      </trkpt>
      <trkpt lat="41.31463392" lon="-72.95943813">
        <time>2026-09-07T13:31:05+00:00Z</time>
      </trkpt>
      <trkpt lat="41.31462537" lon="-72.95941466">
        <time>2026-09-07T13:31:06+00:00Z</time>
      </trkpt>
      <trkpt lat="41.31461606" lon="-72.95937443">
        <time>2026-09-07T13:31:07+00:00Z</time>
      </trkpt>
      <trkpt lat="41.31461011" lon="-72.95935172">
        <time>2026-09-07T13:31:08+00:00Z</time>
      </trkpt>
      <trkpt lat="41.31460349" lon="-72.95931115">
        <time>2026-09-07T13:31:09+00:00Z</time>
      </trkpt>
      <trkpt lat="41.31459989" lon="-72.95928692">
        <time>2026-09-07T13:31:10+00:00Z</time>
      </trkpt>
      <trkpt lat="41.31459947" lon="-72.95925247">
        <time>2026-09-07T13:31:11+00:00Z</time>
      </trkpt>
      <trkpt lat="41.31460198" lon="-72.95922674">
        <time>2026-09-07T13:31:12+00:00Z</time>
      </trkpt>
      <trkpt lat="41.31459888" lon="-72.95919514">
        <time>2026-09-07T13:31:13+00:00Z</time>
      </trkpt>
      <trkpt lat="41.31459628" lon="-72.95916681">
        <time>2026-09-07T13:31:14+00:00Z</time>
      </trkpt>
      <trkpt lat="41.31458933" lon="-72.95913496">
        <time>2026-09-07T13:31:15+00:00Z</time>
      </trkpt>
      <trkpt lat="41.31458195" lon="-72.95910780">
        <time>2026-09-07T13:31:16+00:00Z</time>
      </trkpt>
      <trkpt lat="41.31457089" lon="-72.95907604">
        <time>2026-09-07T13:31:17+00:00Z</time>
      </trkpt>
      <trkpt lat="41.31456091" lon="-72.95904385">
        <time>2026-09-07T13:31:18+00:00Z</time>
      </trkpt>
      <trkpt lat="41.31454918" lon="-72.95901803">
        <time>2026-09-07T13:31:19+00:00Z</time>
      </trkpt>
      <trkpt lat="41.31453233" lon="-72.95898903">
        <time>2026-09-07T13:31:20+00:00Z</time>
      </trkpt>
      <trkpt lat="41.31451590" lon="-72.95896933">
        <time>2026-09-07T13:31:21+00:00Z</time>
      </trkpt>
      <trkpt lat="41.31449268" lon="-72.95894704">
        <time>2026-09-07T13:31:22+00:00Z</time>
      </trkpt>
      <trkpt lat="41.31447961" lon="-72.95892776">
        <time>2026-09-07T13:31:23+00:00Z</time>
      </trkpt>
      <trkpt lat="41.31445605" lon="-72.95891209">
        <time>2026-09-07T13:31:24+00:00Z</time>
      </trkpt>
      <trkpt lat="41.31444281" lon="-72.95889691">
        <time>2026-09-07T13:31:25+00:00Z</time>
      </trkpt>
      <trkpt lat="41.31442135" lon="-72.95887914">
        <time>2026-09-07T13:31:26+00:00Z</time>
      </trkpt>
      <trkpt lat="41.31441180" lon="-72.95885970">
        <time>2026-09-07T13:31:27+00:00Z</time>
      </trkpt>
      <trkpt lat="41.31439411" lon="-72.95883690">
        <time>2026-09-07T13:31:28+00:00Z</time>
      </trkpt>
      <trkpt lat="41.31438808" lon="-72.95881695">
        <time>2026-09-07T13:31:29+00:00Z</time>
      </trkpt>
      <trkpt lat="41.31438581" lon="-72.95878083">
        <time>2026-09-07T13:31:30+00:00Z</time>
      </trkpt>
      <trkpt lat="41.31438757" lon="-72.95875526">
        <time>2026-09-07T13:31:31+00:00Z</time>
      </trkpt>
      <trkpt lat="41.31438908" lon="-72.95872316">
        <time>2026-09-07T13:31:32+00:00Z</time>
      </trkpt>
      <trkpt lat="41.31439386" lon="-72.95869558">
        <time>2026-09-07T13:31:33+00:00Z</time>
      </trkpt>
      <trkpt lat="41.31439512" lon="-72.95866893">
        <time>2026-09-07T13:31:34+00:00Z</time>
      </trkpt>
      <trkpt lat="41.31439696" lon="-72.95863867">
        <time>2026-09-07T13:31:35+00:00Z</time>
      </trkpt>
      <trkpt lat="41.31440006" lon="-72.95861520">
        <time>2026-09-07T13:31:36+00:00Z</time>
      </trkpt>
      <trkpt lat="41.31440358" lon="-72.95858184">
        <time>2026-09-07T13:31:37+00:00Z</time>
      </trkpt>
      <trkpt lat="41.31440660" lon="-72.95855502">
        <time>2026-09-07T13:31:38+00:00Z</time>
      </trkpt>
      <trkpt lat="41.31440744" lon="-72.95852124">
        <time>2026-09-07T13:31:39+00:00Z</time>
      </trkpt>
      <trkpt lat="41.31440626" lon="-72.95849215">
        <time>2026-09-07T13:31:40+00:00Z</time>
      </trkpt>
      <trkpt lat="41.31440383" lon="-72.95845737">
        <time>2026-09-07T13:31:41+00:00Z</time>
      </trkpt>
      <trkpt lat="41.31440115" lon="-72.95843155">
        <time>2026-09-07T13:31:42+00:00Z</time>
      </trkpt>
      <trkpt lat="41.31439084" lon="-72.95839157">
        <time>2026-09-07T13:31:43+00:00Z</time>
      </trkpt>
      <trkpt lat="41.31438548" lon="-72.95836600">
        <time>2026-09-07T13:31:44+00:00Z</time>
      </trkpt>
      <trkpt lat="41.31437626" lon="-72.95832384">
        <time>2026-09-07T13:31:45+00:00Z</time>
      </trkpt>
      <trkpt lat="41.31437341" lon="-72.95829744">
        <time>2026-09-07T13:31:46+00:00Z</time>
      </trkpt>
      <trkpt lat="41.31436771" lon="-72.95826333">
        <time>2026-09-07T13:31:47+00:00Z</time>
      </trkpt>
      <trkpt lat="41.31436452" lon="-72.95823877">
        <time>2026-09-07T13:31:48+00:00Z</time>
      </trkpt>
      <trkpt lat="41.31435807" lon="-72.95820490">
        <time>2026-09-07T13:31:49+00:00Z</time>
      </trkpt>
      <trkpt lat="41.31435120" lon="-72.95817615">
        <time>2026-09-07T13:31:50+00:00Z</time>
      </trkpt>
      <trkpt lat="41.31434181" lon="-72.95814623">
        <time>2026-09-07T13:31:51+00:00Z</time>
      </trkpt>
      <trkpt lat="41.31433334" lon="-72.95811262">
        <time>2026-09-07T13:31:52+00:00Z</time>
      </trkpt>
      <trkpt lat="41.31432940" lon="-72.95808680">
        <time>2026-09-07T13:31:53+00:00Z</time>
      </trkpt>
      <trkpt lat="41.31432010" lon="-72.95805344">
        <time>2026-09-07T13:31:54+00:00Z</time>
      </trkpt>
      <trkpt lat="41.31431591" lon="-72.95802302">
        <time>2026-09-07T13:31:55+00:00Z</time>
      </trkpt>
      <trkpt lat="41.31431205" lon="-72.95798614">
        <time>2026-09-07T13:31:56+00:00Z</time>
      </trkpt>
      <trkpt lat="41.31430912" lon="-72.95795789">
        <time>2026-09-07T13:31:57+00:00Z</time>
      </trkpt>
      <trkpt lat="41.31430686" lon="-72.95792067">
        <time>2026-09-07T13:31:58+00:00Z</time>
      </trkpt>
      <trkpt lat="41.31430367" lon="-72.95789653">
        <time>2026-09-07T13:31:59+00:00Z</time>
      </trkpt>
      <trkpt lat="41.31429479" lon="-72.95786778">
        <time>2026-09-07T13:32:00+00:00Z</time>
      </trkpt>
      <trkpt lat="41.31428540" lon="-72.95784348">
        <time>2026-09-07T13:32:01+00:00Z</time>
      </trkpt>
      <trkpt lat="41.31427643" lon="-72.95781230">
        <time>2026-09-07T13:32:02+00:00Z</time>
      </trkpt>
      <trkpt lat="41.31426796" lon="-72.95778145">
        <time>2026-09-07T13:32:03+00:00Z</time>
      </trkpt>
      <trkpt lat="41.31426319" lon="-72.95775723">
        <time>2026-09-07T13:32:04+00:00Z</time>
      </trkpt>
      <trkpt lat="41.31425858" lon="-72.95772269">
        <time>2026-09-07T13:32:05+00:00Z</time>
      </trkpt>
      <trkpt lat="41.31425221" lon="-72.95769797">
        <time>2026-09-07T13:32:06+00:00Z</time>
      </trkpt>
      <trkpt lat="41.31424357" lon="-72.95766377">
        <time>2026-09-07T13:32:07+00:00Z</time>
      </trkpt>
      <trkpt lat="41.31423846" lon="-72.95763435">
        <time>2026-09-07T13:32:08+00:00Z</time>
      </trkpt>
      <trkpt lat="41.31423142" lon="-72.95760141">
        <time>2026-09-07T13:32:09+00:00Z</time>
      </trkpt>
      <trkpt lat="41.31422270" lon="-72.95756805">
        <time>2026-09-07T13:32:10+00:00Z</time>
      </trkpt>
      <trkpt lat="41.31421935" lon="-72.95753779">
        <time>2026-09-07T13:32:11+00:00Z</time>
      </trkpt>
      <trkpt lat="41.31421180" lon="-72.95750191">
        <time>2026-09-07T13:32:12+00:00Z</time>
      </trkpt>
      <trkpt lat="41.31420158" lon="-72.95747442">
        <time>2026-09-07T13:32:13+00:00Z</time>
      </trkpt>
      <trkpt lat="41.31419160" lon="-72.95744073">
        <time>2026-09-07T13:32:14+00:00Z</time>
      </trkpt>
      <trkpt lat="41.31418523" lon="-72.95741240">
        <time>2026-09-07T13:32:15+00:00Z</time>
      </trkpt>
      <trkpt lat="41.31417316" lon="-72.95737811">
        <time>2026-09-07T13:32:16+00:00Z</time>
      </trkpt>
      <trkpt lat="41.31416621" lon="-72.95735087">
        <time>2026-09-07T13:32:17+00:00Z</time>
      </trkpt>
      <trkpt lat="41.31415808" lon="-72.95732271">
        <time>2026-09-07T13:32:18+00:00Z</time>
      </trkpt>
      <trkpt lat="41.31415204" lon="-72.95729396">
        <time>2026-09-07T13:32:19+00:00Z</time>
      </trkpt>
      <trkpt lat="41.31414324" lon="-72.95726571">
        <time>2026-09-07T13:32:20+00:00Z</time>
      </trkpt>
      <trkpt lat="41.31413519" lon="-72.95722866">
        <time>2026-09-07T13:32:21+00:00Z</time>
      </trkpt>
      <trkpt lat="41.31412899" lon="-72.95719866">
        <time>2026-09-07T13:32:22+00:00Z</time>
      </trkpt>
      <trkpt lat="41.31411944" lon="-72.95716496">
        <time>2026-09-07T13:32:23+00:00Z</time>
      </trkpt>
      <trkpt lat="41.31411449" lon="-72.95713571">
        <time>2026-09-07T13:32:24+00:00Z</time>
      </trkpt>
      <trkpt lat="41.31410636" lon="-72.95710268">
        <time>2026-09-07T13:32:25+00:00Z</time>
      </trkpt>
      <trkpt lat="41.31410016" lon="-72.95707410">
        <time>2026-09-07T13:32:26+00:00Z</time>
      </trkpt>
      <trkpt lat="41.31409169" lon="-72.95704158">
        <time>2026-09-07T13:32:27+00:00Z</time>
      </trkpt>
      <trkpt lat="41.31408582" lon="-72.95701736">
        <time>2026-09-07T13:32:28+00:00Z</time>
      </trkpt>
      <trkpt lat="41.31408230" lon="-72.95699003">
        <time>2026-09-07T13:32:29+00:00Z</time>
      </trkpt>
      <trkpt lat="41.31407426" lon="-72.95696137">
        <time>2026-09-07T13:32:30+00:00Z</time>
      </trkpt>
      <trkpt lat="41.31406629" lon="-72.95693379">
        <time>2026-09-07T13:32:31+00:00Z</time>
      </trkpt>
      <trkpt lat="41.31405674" lon="-72.95690085">
        <time>2026-09-07T13:32:32+00:00Z</time>
      </trkpt>
      <trkpt lat="41.31404836" lon="-72.95688031">
        <time>2026-09-07T13:32:33+00:00Z</time>
      </trkpt>
      <trkpt lat="41.31404308" lon="-72.95685039">
        <time>2026-09-07T13:32:34+00:00Z</time>
      </trkpt>
      <trkpt lat="41.31403947" lon="-72.95682533">
        <time>2026-09-07T13:32:35+00:00Z</time>
      </trkpt>
      <trkpt lat="41.31403511" lon="-72.95679331">
        <time>2026-09-07T13:32:36+00:00Z</time>
      </trkpt>
      <trkpt lat="41.31403050" lon="-72.95676288">
        <time>2026-09-07T13:32:37+00:00Z</time>
      </trkpt>
      <trkpt lat="41.31402237" lon="-72.95673589">
        <time>2026-09-07T13:32:38+00:00Z</time>
      </trkpt>
      <trkpt lat="41.31401542" lon="-72.95670354">
        <time>2026-09-07T13:32:39+00:00Z</time>
      </trkpt>
      <trkpt lat="41.31400586" lon="-72.95667596">
        <time>2026-09-07T13:32:40+00:00Z</time>
      </trkpt>
      <trkpt lat="41.31399580" lon="-72.95663732">
        <time>2026-09-07T13:32:41+00:00Z</time>
      </trkpt>
      <trkpt lat="41.31398700" lon="-72.95661109">
        <time>2026-09-07T13:32:42+00:00Z</time>
      </trkpt>
      <trkpt lat="41.31397711" lon="-72.95657521">
        <time>2026-09-07T13:32:43+00:00Z</time>
      </trkpt>
      <trkpt lat="41.31397108" lon="-72.95654705">
        <time>2026-09-07T13:32:44+00:00Z</time>
      </trkpt>
      <trkpt lat="41.31396630" lon="-72.95651335">
        <time>2026-09-07T13:32:45+00:00Z</time>
      </trkpt>
      <trkpt lat="41.31396169" lon="-72.95648368">
        <time>2026-09-07T13:32:46+00:00Z</time>
      </trkpt>
      <trkpt lat="41.31395741" lon="-72.95645015">
        <time>2026-09-07T13:32:47+00:00Z</time>
      </trkpt>
      <trkpt lat="41.31395171" lon="-72.95641822">
        <time>2026-09-07T13:32:48+00:00Z</time>
      </trkpt>
      <trkpt lat="41.31394560" lon="-72.95638888">
        <time>2026-09-07T13:32:49+00:00Z</time>
      </trkpt>
      <trkpt lat="41.31393897" lon="-72.95635636">
        <time>2026-09-07T13:32:50+00:00Z</time>
      </trkpt>
      <trkpt lat="41.31393000" lon="-72.95632903">
        <time>2026-09-07T13:32:51+00:00Z</time>
      </trkpt>
      <trkpt lat="41.31391793" lon="-72.95629375">
        <time>2026-09-07T13:32:52+00:00Z</time>
      </trkpt>
      <trkpt lat="41.31390771" lon="-72.95626961">
        <time>2026-09-07T13:32:53+00:00Z</time>
      </trkpt>
      <trkpt lat="41.31389614" lon="-72.95623365">
        <time>2026-09-07T13:32:54+00:00Z</time>
      </trkpt>
      <trkpt lat="41.31389120" lon="-72.95620557">
        <time>2026-09-07T13:32:55+00:00Z</time>
      </trkpt>
      <trkpt lat="41.31388416" lon="-72.95616886">
        <time>2026-09-07T13:32:56+00:00Z</time>
      </trkpt>
      <trkpt lat="41.31388374" lon="-72.95614371">
        <time>2026-09-07T13:32:57+00:00Z</time>
      </trkpt>
      <trkpt lat="41.31387929" lon="-72.95611748">
        <time>2026-09-07T13:32:58+00:00Z</time>
      </trkpt>
      <trkpt lat="41.31387217" lon="-72.95608638">
        <time>2026-09-07T13:32:59+00:00Z</time>
      </trkpt>
      <trkpt lat="41.31387301" lon="-72.95606861">
        <time>2026-09-07T13:33:00+00:00Z</time>
      </trkpt>
      <trkpt lat="41.31386647" lon="-72.95604464">
        <time>2026-09-07T13:33:01+00:00Z</time>
      </trkpt>
      <trkpt lat="41.31386379" lon="-72.95602242">
        <time>2026-09-07T13:33:02+00:00Z</time>
      </trkpt>
      <trkpt lat="41.31386069" lon="-72.95599116">
        <time>2026-09-07T13:33:03+00:00Z</time>
      </trkpt>
      <trkpt lat="41.31385541" lon="-72.95596719">
        <time>2026-09-07T13:33:04+00:00Z</time>
      </trkpt>
      <trkpt lat="41.31384979" lon="-72.95593517">
        <time>2026-09-07T13:33:05+00:00Z</time>
      </trkpt>
      <trkpt lat="41.31384325" lon="-72.95590416">
        <time>2026-09-07T13:33:06+00:00Z</time>
      </trkpt>
      <trkpt lat="41.31383487" lon="-72.95586962">
        <time>2026-09-07T13:33:07+00:00Z</time>
      </trkpt>
      <trkpt lat="41.31382992" lon="-72.95583517">
        <time>2026-09-07T13:33:08+00:00Z</time>
      </trkpt>
      <trkpt lat="41.31382506" lon="-72.95580567">
        <time>2026-09-07T13:33:09+00:00Z</time>
      </trkpt>
      <trkpt lat="41.31381920" lon="-72.95577583">
        <time>2026-09-07T13:33:10+00:00Z</time>
      </trkpt>
      <trkpt lat="41.31380788" lon="-72.95575269">
        <time>2026-09-07T13:33:11+00:00Z</time>
      </trkpt>
      <trkpt lat="41.31379858" lon="-72.95572068">
        <time>2026-09-07T13:33:12+00:00Z</time>
      </trkpt>
      <trkpt lat="41.31379145" lon="-72.95569595">
        <time>2026-09-07T13:33:13+00:00Z</time>
      </trkpt>
      <trkpt lat="41.31378248" lon="-72.95565966">
        <time>2026-09-07T13:33:14+00:00Z</time>
      </trkpt>
      <trkpt lat="41.31377704" lon="-72.95563099">
        <time>2026-09-07T13:33:15+00:00Z</time>
      </trkpt>
      <trkpt lat="41.31376689" lon="-72.95559579">
        <time>2026-09-07T13:33:16+00:00Z</time>
      </trkpt>
      <trkpt lat="41.31375910" lon="-72.95557014">
        <time>2026-09-07T13:33:17+00:00Z</time>
      </trkpt>
      <trkpt lat="41.31375063" lon="-72.95554013">
        <time>2026-09-07T13:33:18+00:00Z</time>
      </trkpt>
      <trkpt lat="41.31374368" lon="-72.95551507">
        <time>2026-09-07T13:33:19+00:00Z</time>
      </trkpt>
      <trkpt lat="41.31373839" lon="-72.95548238">
        <time>2026-09-07T13:33:20+00:00Z</time>
      </trkpt>
      <trkpt lat="41.31373202" lon="-72.95545187">
        <time>2026-09-07T13:33:21+00:00Z</time>
      </trkpt>
      <trkpt lat="41.31372968" lon="-72.95542153">
        <time>2026-09-07T13:33:22+00:00Z</time>
      </trkpt>
      <trkpt lat="41.31372188" lon="-72.95538599">
        <time>2026-09-07T13:33:23+00:00Z</time>
      </trkpt>
      <trkpt lat="41.31371618" lon="-72.95535556">
        <time>2026-09-07T13:33:24+00:00Z</time>
      </trkpt>
      <trkpt lat="41.31370830" lon="-72.95532304">
        <time>2026-09-07T13:33:25+00:00Z</time>
      </trkpt>
      <trkpt lat="41.31370151" lon="-72.95529848">
        <time>2026-09-07T13:33:26+00:00Z</time>
      </trkpt>
      <trkpt lat="41.31369330" lon="-72.95526755">
        <time>2026-09-07T13:33:27+00:00Z</time>
      </trkpt>
      <trkpt lat="41.31368760" lon="-72.95524542">
        <time>2026-09-07T13:33:28+00:00Z</time>
      </trkpt>
      <trkpt lat="41.31367729" lon="-72.95521273">
        <time>2026-09-07T13:33:29+00:00Z</time>
      </trkpt>
      <trkpt lat="41.31367201" lon="-72.95518558">
        <time>2026-09-07T13:33:30+00:00Z</time>
      </trkpt>
      <trkpt lat="41.31366245" lon="-72.95515213">
        <time>2026-09-07T13:33:31+00:00Z</time>
      </trkpt>
      <trkpt lat="41.31365634" lon="-72.95512623">
        <time>2026-09-07T13:33:32+00:00Z</time>
      </trkpt>
      <trkpt lat="41.31365013" lon="-72.95509790">
        <time>2026-09-07T13:33:33+00:00Z</time>
      </trkpt>
      <trkpt lat="41.31364217" lon="-72.95506714">
        <time>2026-09-07T13:33:34+00:00Z</time>
      </trkpt>
      <trkpt lat="41.31363655" lon="-72.95503722">
        <time>2026-09-07T13:33:35+00:00Z</time>
      </trkpt>
      <trkpt lat="41.31362499" lon="-72.95500075">
        <time>2026-09-07T13:33:36+00:00Z</time>
      </trkpt>
      <trkpt lat="41.31361811" lon="-72.95498047">
        <time>2026-09-07T13:33:37+00:00Z</time>
      </trkpt>
      <trkpt lat="41.31360948" lon="-72.95494778">
        <time>2026-09-07T13:33:38+00:00Z</time>
      </trkpt>
      <trkpt lat="41.31360537" lon="-72.95492523">
        <time>2026-09-07T13:33:39+00:00Z</time>
      </trkpt>
      <trkpt lat="41.31359867" lon="-72.95489565">
        <time>2026-09-07T13:33:40+00:00Z</time>
      </trkpt>
      <trkpt lat="41.31359406" lon="-72.95486907">
        <time>2026-09-07T13:33:41+00:00Z</time>
      </trkpt>
      <trkpt lat="41.31359188" lon="-72.95483714">
        <time>2026-09-07T13:33:42+00:00Z</time>
      </trkpt>
      <trkpt lat="41.31358366" lon="-72.95480504">
        <time>2026-09-07T13:33:43+00:00Z</time>
      </trkpt>
      <trkpt lat="41.31357520" lon="-72.95477704">
        <time>2026-09-07T13:33:44+00:00Z</time>
      </trkpt>
      <trkpt lat="41.31356305" lon="-72.95473840">
        <time>2026-09-07T13:33:45+00:00Z</time>
      </trkpt>
      <trkpt lat="41.31355139" lon="-72.95471745">
        <time>2026-09-07T13:33:46+00:00Z</time>
      </trkpt>
      <trkpt lat="41.31353404" lon="-72.95468073">
        <time>2026-09-07T13:33:47+00:00Z</time>
      </trkpt>
      <trkpt lat="41.31352969" lon="-72.95465877">
        <time>2026-09-07T13:33:48+00:00Z</time>
      </trkpt>
      <trkpt lat="41.31352155" lon="-72.95462357">
        <time>2026-09-07T13:33:49+00:00Z</time>
      </trkpt>
      <trkpt lat="41.31351862" lon="-72.95459608">
        <time>2026-09-07T13:33:50+00:00Z</time>
      </trkpt>
      <trkpt lat="41.31351812" lon="-72.95456045">
        <time>2026-09-07T13:33:51+00:00Z</time>
      </trkpt>
      <trkpt lat="41.31351485" lon="-72.95452902">
        <time>2026-09-07T13:33:52+00:00Z</time>
      </trkpt>
      <trkpt lat="41.31350974" lon="-72.95450178">
        <time>2026-09-07T13:33:53+00:00Z</time>
      </trkpt>
      <trkpt lat="41.31350479" lon="-72.95447286">
        <time>2026-09-07T13:33:54+00:00Z</time>
      </trkpt>
      <trkpt lat="41.31350052" lon="-72.95444478">
        <time>2026-09-07T13:33:55+00:00Z</time>
      </trkpt>
      <trkpt lat="41.31349188" lon="-72.95441369">
        <time>2026-09-07T13:33:56+00:00Z</time>
      </trkpt>
      <trkpt lat="41.31348451" lon="-72.95438561">
        <time>2026-09-07T13:33:57+00:00Z</time>
      </trkpt>
      <trkpt lat="41.31346992" lon="-72.95434982">
        <time>2026-09-07T13:33:58+00:00Z</time>
      </trkpt>
      <trkpt lat="41.31346154" lon="-72.95432894">
        <time>2026-09-07T13:33:59+00:00Z</time>
      </trkpt>
      <trkpt lat="41.31344805" lon="-72.95429500">
        <time>2026-09-07T13:34:00+00:00Z</time>
      </trkpt>
      <trkpt lat="41.31344209" lon="-72.95427287">
        <time>2026-09-07T13:34:01+00:00Z</time>
      </trkpt>
      <trkpt lat="41.31343480" lon="-72.95423934">
        <time>2026-09-07T13:34:02+00:00Z</time>
      </trkpt>
      <trkpt lat="41.31343019" lon="-72.95421462">
        <time>2026-09-07T13:34:03+00:00Z</time>
      </trkpt>
      <trkpt lat="41.31342047" lon="-72.95417774">
        <time>2026-09-07T13:34:04+00:00Z</time>
      </trkpt>
      <trkpt lat="41.31341385" lon="-72.95415200">
        <time>2026-09-07T13:34:05+00:00Z</time>
      </trkpt>
      <trkpt lat="41.31340907" lon="-72.95411990">
        <time>2026-09-07T13:34:06+00:00Z</time>
      </trkpt>
      <trkpt lat="41.31340563" lon="-72.95409651">
        <time>2026-09-07T13:34:07+00:00Z</time>
      </trkpt>
      <trkpt lat="41.31340303" lon="-72.95406584">
        <time>2026-09-07T13:34:08+00:00Z</time>
      </trkpt>
      <trkpt lat="41.31339809" lon="-72.95403675">
        <time>2026-09-07T13:34:09+00:00Z</time>
      </trkpt>
      <trkpt lat="41.31339482" lon="-72.95400783">
        <time>2026-09-07T13:34:10+00:00Z</time>
      </trkpt>
      <trkpt lat="41.31338275" lon="-72.95398118">
        <time>2026-09-07T13:34:11+00:00Z</time>
      </trkpt>
      <trkpt lat="41.31337060" lon="-72.95395746">
        <time>2026-09-07T13:34:12+00:00Z</time>
      </trkpt>
      <trkpt lat="41.31335677" lon="-72.95392695">
        <time>2026-09-07T13:34:13+00:00Z</time>
      </trkpt>
      <trkpt lat="41.31335149" lon="-72.95390398">
        <time>2026-09-07T13:34:14+00:00Z</time>
      </trkpt>
      <trkpt lat="41.31334361" lon="-72.95387129">
        <time>2026-09-07T13:34:15+00:00Z</time>
      </trkpt>
      <trkpt lat="41.31334218" lon="-72.95384883">
        <time>2026-09-07T13:34:16+00:00Z</time>
      </trkpt>
      <trkpt lat="41.31334118" lon="-72.95381840">
        <time>2026-09-07T13:34:17+00:00Z</time>
      </trkpt>
      <trkpt lat="41.31333967" lon="-72.95379661">
        <time>2026-09-07T13:34:18+00:00Z</time>
      </trkpt>
      <trkpt lat="41.31333522" lon="-72.95376711">
        <time>2026-09-07T13:34:19+00:00Z</time>
      </trkpt>
      <trkpt lat="41.31333095" lon="-72.95374003">
        <time>2026-09-07T13:34:20+00:00Z</time>
      </trkpt>
      <trkpt lat="41.31332936" lon="-72.95370818">
        <time>2026-09-07T13:34:21+00:00Z</time>
      </trkpt>
      <trkpt lat="41.31332542" lon="-72.95367767">
        <time>2026-09-07T13:34:22+00:00Z</time>
      </trkpt>
      <trkpt lat="41.31331947" lon="-72.95364934">
        <time>2026-09-07T13:34:23+00:00Z</time>
      </trkpt>
      <trkpt lat="41.31331226" lon="-72.95361799">
        <time>2026-09-07T13:34:24+00:00Z</time>
      </trkpt>
      <trkpt lat="41.31330840" lon="-72.95358446">
        <time>2026-09-07T13:34:25+00:00Z</time>
      </trkpt>
      <trkpt lat="41.31330044" lon="-72.95355018">
        <time>2026-09-07T13:34:26+00:00Z</time>
      </trkpt>
      <trkpt lat="41.31329482" lon="-72.95352981">
        <time>2026-09-07T13:34:27+00:00Z</time>
      </trkpt>
      <trkpt lat="41.31328954" lon="-72.95349536">
        <time>2026-09-07T13:34:28+00:00Z</time>
      </trkpt>
      <trkpt lat="41.31328477" lon="-72.95346896">
        <time>2026-09-07T13:34:29+00:00Z</time>
      </trkpt>
      <trkpt lat="41.31327622" lon="-72.95343854">
        <time>2026-09-07T13:34:30+00:00Z</time>
      </trkpt>
      <trkpt lat="41.31327127" lon="-72.95341808">
        <time>2026-09-07T13:34:31+00:00Z</time>
      </trkpt>
      <trkpt lat="41.31326163" lon="-72.95338917">
        <time>2026-09-07T13:34:32+00:00Z</time>
      </trkpt>
      <trkpt lat="41.31325769" lon="-72.95337223">
        <time>2026-09-07T13:34:33+00:00Z</time>
      </trkpt>
      <trkpt lat="41.31324797" lon="-72.95334382">
        <time>2026-09-07T13:34:34+00:00Z</time>
      </trkpt>
      <trkpt lat="41.31324906" lon="-72.95332421">
        <time>2026-09-07T13:34:35+00:00Z</time>
      </trkpt>
      <trkpt lat="41.31324353" lon="-72.95329629">
        <time>2026-09-07T13:34:36+00:00Z</time>
      </trkpt>
      <trkpt lat="41.31324260" lon="-72.95327341">
        <time>2026-09-07T13:34:37+00:00Z</time>
      </trkpt>
      <trkpt lat="41.31324235" lon="-72.95324324">
        <time>2026-09-07T13:34:38+00:00Z</time>
      </trkpt>
      <trkpt lat="41.31323850" lon="-72.95322019">
        <time>2026-09-07T13:34:39+00:00Z</time>
      </trkpt>
      <trkpt lat="41.31323640" lon="-72.95319487">
        <time>2026-09-07T13:34:40+00:00Z</time>
      </trkpt>
      <trkpt lat="41.31323498" lon="-72.95316520">
        <time>2026-09-07T13:34:41+00:00Z</time>
      </trkpt>
      <trkpt lat="41.31323414" lon="-72.95313360">
        <time>2026-09-07T13:34:42+00:00Z</time>
      </trkpt>
      <trkpt lat="41.31323062" lon="-72.95310427">
        <time>2026-09-07T13:34:43+00:00Z</time>
      </trkpt>
      <trkpt lat="41.31322257" lon="-72.95307560">
        <time>2026-09-07T13:34:44+00:00Z</time>
      </trkpt>
      <trkpt lat="41.31321847" lon="-72.95304408">
        <time>2026-09-07T13:34:45+00:00Z</time>
      </trkpt>
      <trkpt lat="41.31321268" lon="-72.95301667">
        <time>2026-09-07T13:34:46+00:00Z</time>
      </trkpt>
      <trkpt lat="41.31320589" lon="-72.95298650">
        <time>2026-09-07T13:34:47+00:00Z</time>
      </trkpt>
      <trkpt lat="41.31319818" lon="-72.95295959">
        <time>2026-09-07T13:34:48+00:00Z</time>
      </trkpt>
      <trkpt lat="41.31319148" lon="-72.95293009">
        <time>2026-09-07T13:34:49+00:00Z</time>
      </trkpt>
      <trkpt lat="41.31318921" lon="-72.95290704">
        <time>2026-09-07T13:34:50+00:00Z</time>
      </trkpt>
      <trkpt lat="41.31318376" lon="-72.95287536">
        <time>2026-09-07T13:34:51+00:00Z</time>
      </trkpt>
      <trkpt lat="41.31317899" lon="-72.95285432">
        <time>2026-09-07T13:34:52+00:00Z</time>
      </trkpt>
      <trkpt lat="41.31316859" lon="-72.95282548">
        <time>2026-09-07T13:34:53+00:00Z</time>
      </trkpt>
      <trkpt lat="41.31316172" lon="-72.95280134">
        <time>2026-09-07T13:34:54+00:00Z</time>
      </trkpt>
      <trkpt lat="41.31315468" lon="-72.95277125">
        <time>2026-09-07T13:34:55+00:00Z</time>
      </trkpt>
      <trkpt lat="41.31314957" lon="-72.95275181">
        <time>2026-09-07T13:34:56+00:00Z</time>
      </trkpt>
      <trkpt lat="41.31314093" lon="-72.95272054">
        <time>2026-09-07T13:34:57+00:00Z</time>
      </trkpt>
      <trkpt lat="41.31314018" lon="-72.95269565">
        <time>2026-09-07T13:34:58+00:00Z</time>
      </trkpt>
      <trkpt lat="41.31312937" lon="-72.95266313">
        <time>2026-09-07T13:34:59+00:00Z</time>
      </trkpt>
      <trkpt lat="41.31312400" lon="-72.95264116">
        <time>2026-09-07T13:35:00+00:00Z</time>
      </trkpt>
      <trkpt lat="41.31311411" lon="-72.95260806">
        <time>2026-09-07T13:35:01+00:00Z</time>
      </trkpt>
      <trkpt lat="41.31310967" lon="-72.95258232">
        <time>2026-09-07T13:35:02+00:00Z</time>
      </trkpt>
      <trkpt lat="41.31310305" lon="-72.95254838">
        <time>2026-09-07T13:35:03+00:00Z</time>
      </trkpt>
      <trkpt lat="41.31310162" lon="-72.95252533">
        <time>2026-09-07T13:35:04+00:00Z</time>
      </trkpt>
      <trkpt lat="41.31309743" lon="-72.95249616">
        <time>2026-09-07T13:35:05+00:00Z</time>
      </trkpt>
      <trkpt lat="41.31309274" lon="-72.95246632">
        <time>2026-09-07T13:35:06+00:00Z</time>
      </trkpt>
      <trkpt lat="41.31308737" lon="-72.95243455">
        <time>2026-09-07T13:35:07+00:00Z</time>
      </trkpt>
      <trkpt lat="41.31308234" lon="-72.95240245">
        <time>2026-09-07T13:35:08+00:00Z</time>
      </trkpt>
      <trkpt lat="41.31307740" lon="-72.95237454">
        <time>2026-09-07T13:35:09+00:00Z</time>
      </trkpt>
      <trkpt lat="41.31306801" lon="-72.95233992">
        <time>2026-09-07T13:35:10+00:00Z</time>
      </trkpt>
      <trkpt lat="41.31306122" lon="-72.95231536">
        <time>2026-09-07T13:35:11+00:00Z</time>
      </trkpt>
      <trkpt lat="41.31304974" lon="-72.95228133">
        <time>2026-09-07T13:35:12+00:00Z</time>
      </trkpt>
      <trkpt lat="41.31304278" lon="-72.95225769">
        <time>2026-09-07T13:35:13+00:00Z</time>
      </trkpt>
      <trkpt lat="41.31303356" lon="-72.95222241">
        <time>2026-09-07T13:35:14+00:00Z</time>
      </trkpt>
      <trkpt lat="41.31303172" lon="-72.95219994">
        <time>2026-09-07T13:35:15+00:00Z</time>
      </trkpt>
      <trkpt lat="41.31302157" lon="-72.95216491">
        <time>2026-09-07T13:35:16+00:00Z</time>
      </trkpt>
      <trkpt lat="41.31301822" lon="-72.95214144">
        <time>2026-09-07T13:35:17+00:00Z</time>
      </trkpt>
      <trkpt lat="41.31300841" lon="-72.95210757">
        <time>2026-09-07T13:35:18+00:00Z</time>
      </trkpt>
      <trkpt lat="41.31300464" lon="-72.95208268">
        <time>2026-09-07T13:35:19+00:00Z</time>
      </trkpt>
      <trkpt lat="41.31299542" lon="-72.95205292">
        <time>2026-09-07T13:35:20+00:00Z</time>
      </trkpt>
      <trkpt lat="41.31299048" lon="-72.95202912">
        <time>2026-09-07T13:35:21+00:00Z</time>
      </trkpt>
      <trkpt lat="41.31298469" lon="-72.95200079">
        <time>2026-09-07T13:35:22+00:00Z</time>
      </trkpt>
      <trkpt lat="41.31297908" lon="-72.95197371">
        <time>2026-09-07T13:35:23+00:00Z</time>
      </trkpt>
      <trkpt lat="41.31297438" lon="-72.95194815">
        <time>2026-09-07T13:35:24+00:00Z</time>
      </trkpt>
      <trkpt lat="41.31296986" lon="-72.95191605">
        <time>2026-09-07T13:35:25+00:00Z</time>
      </trkpt>
      <trkpt lat="41.31296433" lon="-72.95189048">
        <time>2026-09-07T13:35:26+00:00Z</time>
      </trkpt>
      <trkpt lat="41.31295913" lon="-72.95185863">
        <time>2026-09-07T13:35:27+00:00Z</time>
      </trkpt>
      <trkpt lat="41.31295343" lon="-72.95183617">
        <time>2026-09-07T13:35:28+00:00Z</time>
      </trkpt>
      <trkpt lat="41.31294421" lon="-72.95180272">
        <time>2026-09-07T13:35:29+00:00Z</time>
      </trkpt>
      <trkpt lat="41.31293566" lon="-72.95178210">
        <time>2026-09-07T13:35:30+00:00Z</time>
      </trkpt>
      <trkpt lat="41.31292543" lon="-72.95174288">
        <time>2026-09-07T13:35:31+00:00Z</time>
      </trkpt>
      <trkpt lat="41.31291965" lon="-72.95171974">
        <time>2026-09-07T13:35:32+00:00Z</time>
      </trkpt>
      <trkpt lat="41.31291387" lon="-72.95168437">
        <time>2026-09-07T13:35:33+00:00Z</time>
      </trkpt>
      <trkpt lat="41.31290540" lon="-72.95166610">
        <time>2026-09-07T13:35:34+00:00Z</time>
      </trkpt>
      <trkpt lat="41.31289626" lon="-72.95163073">
        <time>2026-09-07T13:35:35+00:00Z</time>
      </trkpt>
      <trkpt lat="41.31289149" lon="-72.95160550">
        <time>2026-09-07T13:35:36+00:00Z</time>
      </trkpt>
      <trkpt lat="41.31288922" lon="-72.95157691">
        <time>2026-09-07T13:35:37+00:00Z</time>
      </trkpt>
      <trkpt lat="41.31288520" lon="-72.95155152">
        <time>2026-09-07T13:35:38+00:00Z</time>
      </trkpt>
      <trkpt lat="41.31287942" lon="-72.95151497">
        <time>2026-09-07T13:35:39+00:00Z</time>
      </trkpt>
      <trkpt lat="41.31287523" lon="-72.95149117">
        <time>2026-09-07T13:35:40+00:00Z</time>
      </trkpt>
      <trkpt lat="41.31286768" lon="-72.95146041">
        <time>2026-09-07T13:35:41+00:00Z</time>
      </trkpt>
      <trkpt lat="41.31286408" lon="-72.95143778">
        <time>2026-09-07T13:35:42+00:00Z</time>
      </trkpt>
      <trkpt lat="41.31285704" lon="-72.95141355">
        <time>2026-09-07T13:35:43+00:00Z</time>
      </trkpt>
      <trkpt lat="41.31285343" lon="-72.95138413">
        <time>2026-09-07T13:35:44+00:00Z</time>
      </trkpt>
      <trkpt lat="41.31284572" lon="-72.95135572">
        <time>2026-09-07T13:35:45+00:00Z</time>
      </trkpt>
      <trkpt lat="41.31284136" lon="-72.95132210">
        <time>2026-09-07T13:35:46+00:00Z</time>
      </trkpt>
      <trkpt lat="41.31284136" lon="-72.95129109">
        <time>2026-09-07T13:35:47+00:00Z</time>
      </trkpt>
      <trkpt lat="41.31283784" lon="-72.95126368">
        <time>2026-09-07T13:35:48+00:00Z</time>
      </trkpt>
      <trkpt lat="41.31282996" lon="-72.95123485">
        <time>2026-09-07T13:35:49+00:00Z</time>
      </trkpt>
      <trkpt lat="41.31282410" lon="-72.95120711">
        <time>2026-09-07T13:35:50+00:00Z</time>
      </trkpt>
      <trkpt lat="41.31281982" lon="-72.95117911">
        <time>2026-09-07T13:35:51+00:00Z</time>
      </trkpt>
      <trkpt lat="41.31281655" lon="-72.95114935">
        <time>2026-09-07T13:35:52+00:00Z</time>
      </trkpt>
      <trkpt lat="41.31281253" lon="-72.95112354">
        <time>2026-09-07T13:35:53+00:00Z</time>
      </trkpt>
      <trkpt lat="41.31280465" lon="-72.95108993">
        <time>2026-09-07T13:35:54+00:00Z</time>
      </trkpt>
      <trkpt lat="41.31279434" lon="-72.95106067">
        <time>2026-09-07T13:35:55+00:00Z</time>
      </trkpt>
      <trkpt lat="41.31278420" lon="-72.95102497">
        <time>2026-09-07T13:35:56+00:00Z</time>
      </trkpt>
      <trkpt lat="41.31277322" lon="-72.95099814">
        <time>2026-09-07T13:35:57+00:00Z</time>
      </trkpt>
      <trkpt lat="41.31275763" lon="-72.95096202">
        <time>2026-09-07T13:35:58+00:00Z</time>
      </trkpt>
      <trkpt lat="41.31274581" lon="-72.95093930">
        <time>2026-09-07T13:35:59+00:00Z</time>
      </trkpt>
      <trkpt lat="41.31273215" lon="-72.95090687">
        <time>2026-09-07T13:36:00+00:00Z</time>
      </trkpt>
      <trkpt lat="41.31272879" lon="-72.95088859">
        <time>2026-09-07T13:36:01+00:00Z</time>
      </trkpt>
      <trkpt lat="41.31272016" lon="-72.95085263">
        <time>2026-09-07T13:36:02+00:00Z</time>
      </trkpt>
      <trkpt lat="41.31271153" lon="-72.95082833">
        <time>2026-09-07T13:36:03+00:00Z</time>
      </trkpt>
      <trkpt lat="41.31270356" lon="-72.95079195">
        <time>2026-09-07T13:36:04+00:00Z</time>
      </trkpt>
      <trkpt lat="41.31269543" lon="-72.95076949">
        <time>2026-09-07T13:36:05+00:00Z</time>
      </trkpt>
      <trkpt lat="41.31268814" lon="-72.95073059">
        <time>2026-09-07T13:36:06+00:00Z</time>
      </trkpt>
      <trkpt lat="41.31268345" lon="-72.95070763">
        <time>2026-09-07T13:36:07+00:00Z</time>
      </trkpt>
      <trkpt lat="41.31268001" lon="-72.95067200">
        <time>2026-09-07T13:36:08+00:00Z</time>
      </trkpt>
      <trkpt lat="41.31267666" lon="-72.95065080">
        <time>2026-09-07T13:36:09+00:00Z</time>
      </trkpt>
      <trkpt lat="41.31267096" lon="-72.95062012">
        <time>2026-09-07T13:36:10+00:00Z</time>
      </trkpt>
      <trkpt lat="41.31266811" lon="-72.95059447">
        <time>2026-09-07T13:36:11+00:00Z</time>
      </trkpt>
      <trkpt lat="41.31266518" lon="-72.95056254">
        <time>2026-09-07T13:36:12+00:00Z</time>
      </trkpt>
      <trkpt lat="41.31266434" lon="-72.95053831">
        <time>2026-09-07T13:36:13+00:00Z</time>
      </trkpt>
      <trkpt lat="41.31265956" lon="-72.95050462">
        <time>2026-09-07T13:36:14+00:00Z</time>
      </trkpt>
      <trkpt lat="41.31265973" lon="-72.95047838">
        <time>2026-09-07T13:36:15+00:00Z</time>
      </trkpt>
      <trkpt lat="41.31265302" lon="-72.95044762">
        <time>2026-09-07T13:36:16+00:00Z</time>
      </trkpt>
      <trkpt lat="41.31264908" lon="-72.95042281">
        <time>2026-09-07T13:36:17+00:00Z</time>
      </trkpt>
      <trkpt lat="41.31264280" lon="-72.95039096">
        <time>2026-09-07T13:36:18+00:00Z</time>
      </trkpt>
      <trkpt lat="41.31263617" lon="-72.95035911">
        <time>2026-09-07T13:36:19+00:00Z</time>
      </trkpt>
      <trkpt lat="41.31262586" lon="-72.95032927">
        <time>2026-09-07T13:36:20+00:00Z</time>
      </trkpt>
      <trkpt lat="41.31261832" lon="-72.95029893">
        <time>2026-09-07T13:36:21+00:00Z</time>
      </trkpt>
      <trkpt lat="41.31261053" lon="-72.95026992">
        <time>2026-09-07T13:36:22+00:00Z</time>
      </trkpt>
      <trkpt lat="41.31260323" lon="-72.95023824">
        <time>2026-09-07T13:36:23+00:00Z</time>
      </trkpt>
      <trkpt lat="41.31259779" lon="-72.95021184">
        <time>2026-09-07T13:36:24+00:00Z</time>
      </trkpt>
      <trkpt lat="41.31258789" lon="-72.95018049">
        <time>2026-09-07T13:36:25+00:00Z</time>
      </trkpt>
      <trkpt lat="41.31257943" lon="-72.95015895">
        <time>2026-09-07T13:36:26+00:00Z</time>
      </trkpt>
      <trkpt lat="41.31257088" lon="-72.95012852">
        <time>2026-09-07T13:36:27+00:00Z</time>
      </trkpt>
      <trkpt lat="41.31256124" lon="-72.95010656">
        <time>2026-09-07T13:36:28+00:00Z</time>
      </trkpt>
      <trkpt lat="41.31255101" lon="-72.95006851">
        <time>2026-09-07T13:36:29+00:00Z</time>
      </trkpt>
      <trkpt lat="41.31254087" lon="-72.95004705">
        <time>2026-09-07T13:36:30+00:00Z</time>
      </trkpt>
      <trkpt lat="41.31253224" lon="-72.95000849">
        <time>2026-09-07T13:36:31+00:00Z</time>
      </trkpt>
      <trkpt lat="41.31252654" lon="-72.94998502">
        <time>2026-09-07T13:36:32+00:00Z</time>
      </trkpt>
      <trkpt lat="41.31252193" lon="-72.94994764">
        <time>2026-09-07T13:36:33+00:00Z</time>
      </trkpt>
      <trkpt lat="41.31252025" lon="-72.94992425">
        <time>2026-09-07T13:36:34+00:00Z</time>
      </trkpt>
      <trkpt lat="41.31251673" lon="-72.94989550">
        <time>2026-09-07T13:36:35+00:00Z</time>
      </trkpt>
      <trkpt lat="41.31251472" lon="-72.94986743">
        <time>2026-09-07T13:36:36+00:00Z</time>
      </trkpt>
      <trkpt lat="41.31251254" lon="-72.94983692">
        <time>2026-09-07T13:36:37+00:00Z</time>
      </trkpt>
      <trkpt lat="41.31251338" lon="-72.94980825">
        <time>2026-09-07T13:36:38+00:00Z</time>
      </trkpt>
      <trkpt lat="41.31250810" lon="-72.94977807">
        <time>2026-09-07T13:36:39+00:00Z</time>
      </trkpt>
      <trkpt lat="41.31250533" lon="-72.94974840">
        <time>2026-09-07T13:36:40+00:00Z</time>
      </trkpt>
      <trkpt lat="41.31249913" lon="-72.94971940">
        <time>2026-09-07T13:36:41+00:00Z</time>
      </trkpt>
      <trkpt lat="41.31249201" lon="-72.94968789">
        <time>2026-09-07T13:36:42+00:00Z</time>
      </trkpt>
      <trkpt lat="41.31248438" lon="-72.94966324">
        <time>2026-09-07T13:36:43+00:00Z</time>
      </trkpt>
      <trkpt lat="41.31247759" lon="-72.94963298">
        <time>2026-09-07T13:36:44+00:00Z</time>
      </trkpt>
      <trkpt lat="41.31246963" lon="-72.94960809">
        <time>2026-09-07T13:36:45+00:00Z</time>
      </trkpt>
      <trkpt lat="41.31246066" lon="-72.94957708">
        <time>2026-09-07T13:36:46+00:00Z</time>
      </trkpt>
      <trkpt lat="41.31245378" lon="-72.94955034">
        <time>2026-09-07T13:36:47+00:00Z</time>
      </trkpt>
      <trkpt lat="41.31244222" lon="-72.94951865">
        <time>2026-09-07T13:36:48+00:00Z</time>
      </trkpt>
      <trkpt lat="41.31243283" lon="-72.94949552">
        <time>2026-09-07T13:36:49+00:00Z</time>
      </trkpt>
      <trkpt lat="41.31242084" lon="-72.94945705">
        <time>2026-09-07T13:36:50+00:00Z</time>
      </trkpt>
      <trkpt lat="41.31241112" lon="-72.94943618">
        <time>2026-09-07T13:36:51+00:00Z</time>
      </trkpt>
      <trkpt lat="41.31240140" lon="-72.94940131">
        <time>2026-09-07T13:36:52+00:00Z</time>
      </trkpt>
      <trkpt lat="41.31239394" lon="-72.94937993">
        <time>2026-09-07T13:36:53+00:00Z</time>
      </trkpt>
      <trkpt lat="41.31238455" lon="-72.94934775">
        <time>2026-09-07T13:36:54+00:00Z</time>
      </trkpt>
      <trkpt lat="41.31237843" lon="-72.94932880">
        <time>2026-09-07T13:36:55+00:00Z</time>
      </trkpt>
      <trkpt lat="41.31236829" lon="-72.94929611">
        <time>2026-09-07T13:36:56+00:00Z</time>
      </trkpt>
      <trkpt lat="41.31236443" lon="-72.94927441">
        <time>2026-09-07T13:36:57+00:00Z</time>
      </trkpt>
      <trkpt lat="41.31235932" lon="-72.94923937">
        <time>2026-09-07T13:36:58+00:00Z</time>
      </trkpt>
      <trkpt lat="41.31235865" lon="-72.94921439">
        <time>2026-09-07T13:36:59+00:00Z</time>
      </trkpt>
      <trkpt lat="41.31235471" lon="-72.94917902">
        <time>2026-09-07T13:37:00+00:00Z</time>
      </trkpt>
      <trkpt lat="41.31235211" lon="-72.94915337">
        <time>2026-09-07T13:37:01+00:00Z</time>
      </trkpt>
      <trkpt lat="41.31235119" lon="-72.94912579">
        <time>2026-09-07T13:37:02+00:00Z</time>
      </trkpt>
      <trkpt lat="41.31234859" lon="-72.94910283">
        <time>2026-09-07T13:37:03+00:00Z</time>
      </trkpt>
      <trkpt lat="41.31234381" lon="-72.94907064">
        <time>2026-09-07T13:37:04+00:00Z</time>
      </trkpt>
      <trkpt lat="41.31234113" lon="-72.94904432">
        <time>2026-09-07T13:37:05+00:00Z</time>
      </trkpt>
      <trkpt lat="41.31233728" lon="-72.94901004">
        <time>2026-09-07T13:37:06+00:00Z</time>
      </trkpt>
      <trkpt lat="41.31233493" lon="-72.94897987">
        <time>2026-09-07T13:37:07+00:00Z</time>
      </trkpt>
      <trkpt lat="41.31232638" lon="-72.94894977">
        <time>2026-09-07T13:37:08+00:00Z</time>
      </trkpt>
      <trkpt lat="41.31232294" lon="-72.94891281">
        <time>2026-09-07T13:37:09+00:00Z</time>
      </trkpt>
      <trkpt lat="41.31231205" lon="-72.94888373">
        <time>2026-09-07T13:37:10+00:00Z</time>
      </trkpt>
      <trkpt lat="41.31230618" lon="-72.94884928">
        <time>2026-09-07T13:37:11+00:00Z</time>
      </trkpt>
      <trkpt lat="41.31229947" lon="-72.94882379">
        <time>2026-09-07T13:37:12+00:00Z</time>
      </trkpt>
      <trkpt lat="41.31228623" lon="-72.94878960">
        <time>2026-09-07T13:37:13+00:00Z</time>
      </trkpt>
      <trkpt lat="41.31227827" lon="-72.94876127">
        <time>2026-09-07T13:37:14+00:00Z</time>
      </trkpt>
      <trkpt lat="41.31226762" lon="-72.94872472">
        <time>2026-09-07T13:37:15+00:00Z</time>
      </trkpt>
      <trkpt lat="41.31226293" lon="-72.94870569">
        <time>2026-09-07T13:37:16+00:00Z</time>
      </trkpt>
      <trkpt lat="41.31225195" lon="-72.94867124">
        <time>2026-09-07T13:37:17+00:00Z</time>
      </trkpt>
      <trkpt lat="41.31224868" lon="-72.94865180">
        <time>2026-09-07T13:37:18+00:00Z</time>
      </trkpt>
      <trkpt lat="41.31224222" lon="-72.94861810">
        <time>2026-09-07T13:37:19+00:00Z</time>
      </trkpt>
      <trkpt lat="41.31223770" lon="-72.94859698">
        <time>2026-09-07T13:37:20+00:00Z</time>
      </trkpt>
      <trkpt lat="41.31222948" lon="-72.94855834">
        <time>2026-09-07T13:37:21+00:00Z</time>
      </trkpt>
      <trkpt lat="41.31222328" lon="-72.94853579">
        <time>2026-09-07T13:37:22+00:00Z</time>
      </trkpt>
      <trkpt lat="41.31221716" lon="-72.94850369">
        <time>2026-09-07T13:37:23+00:00Z</time>
      </trkpt>
      <trkpt lat="41.31221314" lon="-72.94847896">
        <time>2026-09-07T13:37:24+00:00Z</time>
      </trkpt>
      <trkpt lat="41.31220928" lon="-72.94845097">
        <time>2026-09-07T13:37:25+00:00Z</time>
      </trkpt>
      <trkpt lat="41.31220601" lon="-72.94842498">
        <time>2026-09-07T13:37:26+00:00Z</time>
      </trkpt>
      <trkpt lat="41.31220803" lon="-72.94839699">
        <time>2026-09-07T13:37:27+00:00Z</time>
      </trkpt>
      <trkpt lat="41.31220576" lon="-72.94837167">
        <time>2026-09-07T13:37:28+00:00Z</time>
      </trkpt>
      <trkpt lat="41.31220099" lon="-72.94834158">
        <time>2026-09-07T13:37:29+00:00Z</time>
      </trkpt>
      <trkpt lat="41.31219612" lon="-72.94831501">
        <time>2026-09-07T13:37:30+00:00Z</time>
      </trkpt>
      <trkpt lat="41.31218917" lon="-72.94828710">
        <time>2026-09-07T13:37:31+00:00Z</time>
      </trkpt>
      <trkpt lat="41.31218464" lon="-72.94826279">
        <time>2026-09-07T13:37:32+00:00Z</time>
      </trkpt>
      <trkpt lat="41.31218372" lon="-72.94823823">
        <time>2026-09-07T13:37:33+00:00Z</time>
      </trkpt>
      <trkpt lat="41.31217794" lon="-72.94821041">
        <time>2026-09-07T13:37:34+00:00Z</time>
      </trkpt>
      <trkpt lat="41.31217182" lon="-72.94818224">
        <time>2026-09-07T13:37:35+00:00Z</time>
      </trkpt>
      <trkpt lat="41.31216369" lon="-72.94815031">
        <time>2026-09-07T13:37:36+00:00Z</time>
      </trkpt>
      <trkpt lat="41.31215530" lon="-72.94812399">
        <time>2026-09-07T13:37:37+00:00Z</time>
      </trkpt>
      <trkpt lat="41.31214709" lon="-72.94809356">
        <time>2026-09-07T13:37:38+00:00Z</time>
      </trkpt>
      <trkpt lat="41.31214466" lon="-72.94806657">
        <time>2026-09-07T13:37:39+00:00Z</time>
      </trkpt>
      <trkpt lat="41.31213502" lon="-72.94803573">
        <time>2026-09-07T13:37:40+00:00Z</time>
      </trkpt>
      <trkpt lat="41.31212496" lon="-72.94801150">
        <time>2026-09-07T13:37:41+00:00Z</time>
      </trkpt>
      <trkpt lat="41.31211583" lon="-72.94798401">
        <time>2026-09-07T13:37:42+00:00Z</time>
      </trkpt>
      <trkpt lat="41.31210577" lon="-72.94796029">
        <time>2026-09-07T13:37:43+00:00Z</time>
      </trkpt>
      <trkpt lat="41.31209521" lon="-72.94792810">
        <time>2026-09-07T13:37:44+00:00Z</time>
      </trkpt>
      <trkpt lat="41.31209303" lon="-72.94790505">
        <time>2026-09-07T13:37:45+00:00Z</time>
      </trkpt>
      <trkpt lat="41.31207970" lon="-72.94787253">
        <time>2026-09-07T13:37:46+00:00Z</time>
      </trkpt>
      <trkpt lat="41.31207199" lon="-72.94784881">
        <time>2026-09-07T13:37:47+00:00Z</time>
      </trkpt>
      <trkpt lat="41.31206151" lon="-72.94781973">
        <time>2026-09-07T13:37:48+00:00Z</time>
      </trkpt>
      <trkpt lat="41.31205573" lon="-72.94779249">
        <time>2026-09-07T13:37:49+00:00Z</time>
      </trkpt>
      <trkpt lat="41.31205212" lon="-72.94776055">
        <time>2026-09-07T13:37:50+00:00Z</time>
      </trkpt>
      <trkpt lat="41.31204584" lon="-72.94773188">
        <time>2026-09-07T13:37:51+00:00Z</time>
      </trkpt>
      <trkpt lat="41.31203955" lon="-72.94770204">
        <time>2026-09-07T13:37:52+00:00Z</time>
      </trkpt>
      <trkpt lat="41.31203502" lon="-72.94766944">
        <time>2026-09-07T13:37:53+00:00Z</time>
      </trkpt>
      <trkpt lat="41.31203016" lon="-72.94764228">
        <time>2026-09-07T13:37:54+00:00Z</time>
      </trkpt>
      <trkpt lat="41.31202027" lon="-72.94761001">
        <time>2026-09-07T13:37:55+00:00Z</time>
      </trkpt>
      <trkpt lat="41.31201365" lon="-72.94758520">
        <time>2026-09-07T13:37:56+00:00Z</time>
      </trkpt>
      <trkpt lat="41.31200384" lon="-72.94754832">
        <time>2026-09-07T13:37:57+00:00Z</time>
      </trkpt>
      <trkpt lat="41.31199890" lon="-72.94752636">
        <time>2026-09-07T13:37:58+00:00Z</time>
      </trkpt>
      <trkpt lat="41.31198918" lon="-72.94749132">
        <time>2026-09-07T13:37:59+00:00Z</time>
      </trkpt>
      <trkpt lat="41.31198398" lon="-72.94746651">
        <time>2026-09-07T13:38:00+00:00Z</time>
      </trkpt>
      <trkpt lat="41.31197484" lon="-72.94742963">
        <time>2026-09-07T13:38:01+00:00Z</time>
      </trkpt>
      <trkpt lat="41.31197275" lon="-72.94740407">
        <time>2026-09-07T13:38:02+00:00Z</time>
      </trkpt>
      <trkpt lat="41.31196696" lon="-72.94737129">
        <time>2026-09-07T13:38:03+00:00Z</time>
      </trkpt>
      <trkpt lat="41.31196395" lon="-72.94734430">
        <time>2026-09-07T13:38:04+00:00Z</time>
      </trkpt>
      <trkpt lat="41.31195565" lon="-72.94731564">
        <time>2026-09-07T13:38:05+00:00Z</time>
      </trkpt>
      <trkpt lat="41.31194743" lon="-72.94728471">
        <time>2026-09-07T13:38:06+00:00Z</time>
      </trkpt>
      <trkpt lat="41.31193863" lon="-72.94725630">
        <time>2026-09-07T13:38:07+00:00Z</time>
      </trkpt>
      <trkpt lat="41.31193478" lon="-72.94722428">
        <time>2026-09-07T13:38:08+00:00Z</time>
      </trkpt>
      <trkpt lat="41.31193042" lon="-72.94720382">
        <time>2026-09-07T13:38:09+00:00Z</time>
      </trkpt>
      <trkpt lat="41.31192061" lon="-72.94717675">
        <time>2026-09-07T13:38:10+00:00Z</time>
      </trkpt>
      <trkpt lat="41.31191441" lon="-72.94715211">
        <time>2026-09-07T13:38:11+00:00Z</time>
      </trkpt>
      <trkpt lat="41.31190402" lon="-72.94711615">
        <time>2026-09-07T13:38:12+00:00Z</time>
      </trkpt>
      <trkpt lat="41.31189790" lon="-72.94709251">
        <time>2026-09-07T13:38:13+00:00Z</time>
      </trkpt>
      <trkpt lat="41.31188759" lon="-72.94705714">
        <time>2026-09-07T13:38:14+00:00Z</time>
      </trkpt>
      <trkpt lat="41.31188096" lon="-72.94703443">
        <time>2026-09-07T13:38:15+00:00Z</time>
      </trkpt>
      <trkpt lat="41.31187434" lon="-72.94699931">
        <time>2026-09-07T13:38:16+00:00Z</time>
      </trkpt>
      <trkpt lat="41.31187443" lon="-72.94697525">
        <time>2026-09-07T13:38:17+00:00Z</time>
      </trkpt>
      <trkpt lat="41.31186470" lon="-72.94694273">
        <time>2026-09-07T13:38:18+00:00Z</time>
      </trkpt>
      <trkpt lat="41.31185859" lon="-72.94691767">
        <time>2026-09-07T13:38:19+00:00Z</time>
      </trkpt>
      <trkpt lat="41.31185180" lon="-72.94689034">
        <time>2026-09-07T13:38:20+00:00Z</time>
      </trkpt>
      <trkpt lat="41.31184643" lon="-72.94686092">
        <time>2026-09-07T13:38:21+00:00Z</time>
      </trkpt>
      <trkpt lat="41.31183822" lon="-72.94682756">
        <time>2026-09-07T13:38:22+00:00Z</time>
      </trkpt>
      <trkpt lat="41.31182891" lon="-72.94679437">
        <time>2026-09-07T13:38:23+00:00Z</time>
      </trkpt>
      <trkpt lat="41.31181986" lon="-72.94676964">
        <time>2026-09-07T13:38:24+00:00Z</time>
      </trkpt>
      <trkpt lat="41.31180838" lon="-72.94673762">
        <time>2026-09-07T13:38:25+00:00Z</time>
      </trkpt>
      <trkpt lat="41.31180226" lon="-72.94671424">
        <time>2026-09-07T13:38:26+00:00Z</time>
      </trkpt>
      <trkpt lat="41.31179287" lon="-72.94668138">
        <time>2026-09-07T13:38:27+00:00Z</time>
      </trkpt>
      <trkpt lat="41.31178726" lon="-72.94665992">
        <time>2026-09-07T13:38:28+00:00Z</time>
      </trkpt>
      <trkpt lat="41.31177887" lon="-72.94662497">
        <time>2026-09-07T13:38:29+00:00Z</time>
      </trkpt>
      <trkpt lat="41.31177711" lon="-72.94659681">
        <time>2026-09-07T13:38:30+00:00Z</time>
      </trkpt>
      <trkpt lat="41.31177158" lon="-72.94655984">
        <time>2026-09-07T13:38:31+00:00Z</time>
      </trkpt>
      <trkpt lat="41.31176890" lon="-72.94652908">
        <time>2026-09-07T13:38:32+00:00Z</time>
      </trkpt>
      <trkpt lat="41.31176689" lon="-72.94650067">
        <time>2026-09-07T13:38:33+00:00Z</time>
      </trkpt>
      <trkpt lat="41.31176756" lon="-72.94647292">
        <time>2026-09-07T13:38:34+00:00Z</time>
      </trkpt>
      <trkpt lat="41.31176504" lon="-72.94644618">
        <time>2026-09-07T13:38:35+00:00Z</time>
      </trkpt>
      <trkpt lat="41.31175959" lon="-72.94641559">
        <time>2026-09-07T13:38:36+00:00Z</time>
      </trkpt>
      <trkpt lat="41.31175339" lon="-72.94639237">
        <time>2026-09-07T13:38:37+00:00Z</time>
      </trkpt>
      <trkpt lat="41.31173822" lon="-72.94635926">
        <time>2026-09-07T13:38:38+00:00Z</time>
      </trkpt>
      <trkpt lat="41.31173202" lon="-72.94633219">
        <time>2026-09-07T13:38:39+00:00Z</time>
      </trkpt>
      <trkpt lat="41.31171810" lon="-72.94629464">
        <time>2026-09-07T13:38:40+00:00Z</time>
      </trkpt>
      <trkpt lat="41.31171274" lon="-72.94627117">
        <time>2026-09-07T13:38:41+00:00Z</time>
      </trkpt>
      <trkpt lat="41.31170637" lon="-72.94623236">
        <time>2026-09-07T13:38:42+00:00Z</time>
      </trkpt>
      <trkpt lat="41.31170109" lon="-72.94620596">
        <time>2026-09-07T13:38:43+00:00Z</time>
      </trkpt>
      <trkpt lat="41.31169581" lon="-72.94616975">
        <time>2026-09-07T13:38:44+00:00Z</time>
      </trkpt>
      <trkpt lat="41.31169204" lon="-72.94614041">
        <time>2026-09-07T13:38:45+00:00Z</time>
      </trkpt>
      <trkpt lat="41.31168433" lon="-72.94610571">
        <time>2026-09-07T13:38:46+00:00Z</time>
      </trkpt>
      <trkpt lat="41.31167955" lon="-72.94607604">
        <time>2026-09-07T13:38:47+00:00Z</time>
      </trkpt>
      <trkpt lat="41.31167259" lon="-72.94604519">
        <time>2026-09-07T13:38:48+00:00Z</time>
      </trkpt>
      <trkpt lat="41.31166371" lon="-72.94601552">
        <time>2026-09-07T13:38:49+00:00Z</time>
      </trkpt>
      <trkpt lat="41.31165532" lon="-72.94598551">
        <time>2026-09-07T13:38:50+00:00Z</time>
      </trkpt>
      <trkpt lat="41.31164183" lon="-72.94594897">
        <time>2026-09-07T13:38:51+00:00Z</time>
      </trkpt>
      <trkpt lat="41.31162993" lon="-72.94592458">
        <time>2026-09-07T13:38:52+00:00Z</time>
      </trkpt>
      <trkpt lat="41.31162263" lon="-72.94588954">
        <time>2026-09-07T13:38:53+00:00Z</time>
      </trkpt>
      <trkpt lat="41.31161408" lon="-72.94587026">
        <time>2026-09-07T13:38:54+00:00Z</time>
      </trkpt>
      <trkpt lat="41.31160688" lon="-72.94583414">
        <time>2026-09-07T13:38:55+00:00Z</time>
      </trkpt>
      <trkpt lat="41.31160453" lon="-72.94581193">
        <time>2026-09-07T13:38:56+00:00Z</time>
      </trkpt>
      <trkpt lat="41.31160411" lon="-72.94577421">
        <time>2026-09-07T13:38:57+00:00Z</time>
      </trkpt>
      <trkpt lat="41.31160193" lon="-72.94574655">
        <time>2026-09-07T13:38:58+00:00Z</time>
      </trkpt>
      <trkpt lat="41.31159590" lon="-72.94572056">
        <time>2026-09-07T13:38:59+00:00Z</time>
      </trkpt>
      <trkpt lat="41.31159481" lon="-72.94569424">
        <time>2026-09-07T13:39:00+00:00Z</time>
      </trkpt>
      <trkpt lat="41.31158944" lon="-72.94566851">
        <time>2026-09-07T13:39:01+00:00Z</time>
      </trkpt>
      <trkpt lat="41.31158114" lon="-72.94563482">
        <time>2026-09-07T13:39:02+00:00Z</time>
      </trkpt>
      <trkpt lat="41.31157368" lon="-72.94561193">
        <time>2026-09-07T13:39:03+00:00Z</time>
      </trkpt>
      <trkpt lat="41.31156203" lon="-72.94558000">
        <time>2026-09-07T13:39:04+00:00Z</time>
      </trkpt>
      <trkpt lat="41.31155952" lon="-72.94555980">
        <time>2026-09-07T13:39:05+00:00Z</time>
      </trkpt>
      <trkpt lat="41.31155298" lon="-72.94552459">
        <time>2026-09-07T13:39:06+00:00Z</time>
      </trkpt>
      <trkpt lat="41.31154988" lon="-72.94550121">
        <time>2026-09-07T13:39:07+00:00Z</time>
      </trkpt>
      <trkpt lat="41.31154493" lon="-72.94546399">
        <time>2026-09-07T13:39:08+00:00Z</time>
      </trkpt>
      <trkpt lat="41.31154384" lon="-72.94543600">
        <time>2026-09-07T13:39:09+00:00Z</time>
      </trkpt>
      <trkpt lat="41.31153873" lon="-72.94539853">
        <time>2026-09-07T13:39:10+00:00Z</time>
      </trkpt>
      <trkpt lat="41.31153856" lon="-72.94536894">
        <time>2026-09-07T13:39:11+00:00Z</time>
      </trkpt>
      <trkpt lat="41.31153102" lon="-72.94533759">
        <time>2026-09-07T13:39:12+00:00Z</time>
      </trkpt>
      <trkpt lat="41.31152708" lon="-72.94530650">
        <time>2026-09-07T13:39:13+00:00Z</time>
      </trkpt>
      <trkpt lat="41.31152079" lon="-72.94527791">
        <time>2026-09-07T13:39:14+00:00Z</time>
      </trkpt>
      <trkpt lat="41.31151216" lon="-72.94524766">
        <time>2026-09-07T13:39:15+00:00Z</time>
      </trkpt>
      <trkpt lat="41.31150143" lon="-72.94521840">
        <time>2026-09-07T13:39:16+00:00Z</time>
      </trkpt>
      <trkpt lat="41.31149045" lon="-72.94519083">
        <time>2026-09-07T13:39:17+00:00Z</time>
      </trkpt>
      <trkpt lat="41.31147914" lon="-72.94516920">
        <time>2026-09-07T13:39:18+00:00Z</time>
      </trkpt>
      <trkpt lat="41.31146489" lon="-72.94513408">
        <time>2026-09-07T13:39:19+00:00Z</time>
      </trkpt>
      <trkpt lat="41.31145726" lon="-72.94511120">
        <time>2026-09-07T13:39:20+00:00Z</time>
      </trkpt>
      <trkpt lat="41.31144779" lon="-72.94507524">
        <time>2026-09-07T13:39:21+00:00Z</time>
      </trkpt>
      <trkpt lat="41.31144091" lon="-72.94505118">
        <time>2026-09-07T13:39:22+00:00Z</time>
      </trkpt>
      <trkpt lat="41.31143974" lon="-72.94501564">
        <time>2026-09-07T13:39:23+00:00Z</time>
      </trkpt>
      <trkpt lat="41.31143589" lon="-72.94498748">
        <time>2026-09-07T13:39:24+00:00Z</time>
      </trkpt>
      <trkpt lat="41.31143547" lon="-72.94495890">
        <time>2026-09-07T13:39:25+00:00Z</time>
      </trkpt>
      <trkpt lat="41.31143354" lon="-72.94492747">
        <time>2026-09-07T13:39:26+00:00Z</time>
      </trkpt>
      <trkpt lat="41.31142918" lon="-72.94490056">
        <time>2026-09-07T13:39:27+00:00Z</time>
      </trkpt>
      <trkpt lat="41.31142071" lon="-72.94487173">
        <time>2026-09-07T13:39:28+00:00Z</time>
      </trkpt>
      <trkpt lat="41.31141501" lon="-72.94484390">
        <time>2026-09-07T13:39:29+00:00Z</time>
      </trkpt>
      <trkpt lat="41.31140697" lon="-72.94480828">
        <time>2026-09-07T13:39:30+00:00Z</time>
      </trkpt>
      <trkpt lat="41.31139683" lon="-72.94478833">
        <time>2026-09-07T13:39:31+00:00Z</time>
      </trkpt>
      <trkpt lat="41.31138953" lon="-72.94474935">
        <time>2026-09-07T13:39:32+00:00Z</time>
      </trkpt>
      <trkpt lat="41.31138325" lon="-72.94472831">
        <time>2026-09-07T13:39:33+00:00Z</time>
      </trkpt>
      <trkpt lat="41.31137797" lon="-72.94468950">
        <time>2026-09-07T13:39:34+00:00Z</time>
      </trkpt>
      <trkpt lat="41.31137411" lon="-72.94466528">
        <time>2026-09-07T13:39:35+00:00Z</time>
      </trkpt>
      <trkpt lat="41.31137369" lon="-72.94462823">
        <time>2026-09-07T13:39:36+00:00Z</time>
      </trkpt>
      <trkpt lat="41.31136573" lon="-72.94460250">
        <time>2026-09-07T13:39:37+00:00Z</time>
      </trkpt>
      <trkpt lat="41.31136430" lon="-72.94456914">
        <time>2026-09-07T13:39:38+00:00Z</time>
      </trkpt>
      <trkpt lat="41.31135819" lon="-72.94454592">
        <time>2026-09-07T13:39:39+00:00Z</time>
      </trkpt>
      <trkpt lat="41.31135316" lon="-72.94451633">
        <time>2026-09-07T13:39:40+00:00Z</time>
      </trkpt>
      <trkpt lat="41.31134880" lon="-72.94448834">
        <time>2026-09-07T13:39:41+00:00Z</time>
      </trkpt>
      <trkpt lat="41.31134519" lon="-72.94446261">
        <time>2026-09-07T13:39:42+00:00Z</time>
      </trkpt>
      <trkpt lat="41.31133656" lon="-72.94443419">
        <time>2026-09-07T13:39:43+00:00Z</time>
      </trkpt>
      <trkpt lat="41.31132776" lon="-72.94440796">
        <time>2026-09-07T13:39:44+00:00Z</time>
      </trkpt>
      <trkpt lat="41.31132131" lon="-72.94437728">
        <time>2026-09-07T13:39:45+00:00Z</time>
      </trkpt>
      <trkpt lat="41.31131083" lon="-72.94435180">
        <time>2026-09-07T13:39:46+00:00Z</time>
      </trkpt>
      <trkpt lat="41.31129800" lon="-72.94432137">
        <time>2026-09-07T13:39:47+00:00Z</time>
      </trkpt>
      <trkpt lat="41.31129121" lon="-72.94430804">
        <time>2026-09-07T13:39:48+00:00Z</time>
      </trkpt>
      <trkpt lat="41.31128476" lon="-72.94426756">
        <time>2026-09-07T13:39:49+00:00Z</time>
      </trkpt>
      <trkpt lat="41.31128275" lon="-72.94424593">
        <time>2026-09-07T13:39:50+00:00Z</time>
      </trkpt>
      <trkpt lat="41.31128426" lon="-72.94420168">
        <time>2026-09-07T13:39:51+00:00Z</time>
      </trkpt>
      <trkpt lat="41.31128191" lon="-72.94417611">
        <time>2026-09-07T13:39:52+00:00Z</time>
      </trkpt>
      <trkpt lat="41.31127772" lon="-72.94414099">
        <time>2026-09-07T13:39:53+00:00Z</time>
      </trkpt>
      <trkpt lat="41.31127588" lon="-72.94411157">
        <time>2026-09-07T13:39:54+00:00Z</time>
      </trkpt>
      <trkpt lat="41.31126892" lon="-72.94407863">
        <time>2026-09-07T13:39:55+00:00Z</time>
      </trkpt>
      <trkpt lat="41.31126582" lon="-72.94405248">
        <time>2026-09-07T13:39:56+00:00Z</time>
      </trkpt>
      <trkpt lat="41.31125961" lon="-72.94403295">
        <time>2026-09-07T13:39:57+00:00Z</time>
      </trkpt>
      <trkpt lat="41.31125148" lon="-72.94401107">
        <time>2026-09-07T13:39:58+00:00Z</time>
      </trkpt>
      <trkpt lat="41.31124444" lon="-72.94398895">
        <time>2026-09-07T13:39:59+00:00Z</time>
      </trkpt>
      <trkpt lat="41.31123791" lon="-72.94396288">
        <time>2026-09-07T13:40:00+00:00Z</time>
      </trkpt>
      <trkpt lat="41.31123229" lon="-72.94394016">
        <time>2026-09-07T13:40:01+00:00Z</time>
      </trkpt>
      <trkpt lat="41.31122835" lon="-72.94391351">
        <time>2026-09-07T13:40:02+00:00Z</time>
      </trkpt>
      <trkpt lat="41.31122441" lon="-72.94388987">
        <time>2026-09-07T13:40:03+00:00Z</time>
      </trkpt>
      <trkpt lat="41.31121963" lon="-72.94386305">
        <time>2026-09-07T13:40:04+00:00Z</time>
      </trkpt>
      <trkpt lat="41.31121452" lon="-72.94383748">
        <time>2026-09-07T13:40:05+00:00Z</time>
      </trkpt>
      <trkpt lat="41.31120957" lon="-72.94380882">
        <time>2026-09-07T13:40:06+00:00Z</time>
      </trkpt>
      <trkpt lat="41.31120396" lon="-72.94378837">
        <time>2026-09-07T13:40:07+00:00Z</time>
      </trkpt>
      <trkpt lat="41.31119943" lon="-72.94377177">
        <time>2026-09-07T13:40:08+00:00Z</time>
      </trkpt>
      <trkpt lat="41.31119340" lon="-72.94375123">
        <time>2026-09-07T13:40:09+00:00Z</time>
      </trkpt>
      <trkpt lat="41.31118862" lon="-72.94373497">
        <time>2026-09-07T13:40:10+00:00Z</time>
      </trkpt>
      <trkpt lat="41.31118326" lon="-72.94371821">
        <time>2026-09-07T13:40:11+00:00Z</time>
      </trkpt>
      <trkpt lat="41.31118082" lon="-72.94370094">
        <time>2026-09-07T13:40:12+00:00Z</time>
      </trkpt>
      <trkpt lat="41.31117823" lon="-72.94368510">
        <time>2026-09-07T13:40:13+00:00Z</time>
      </trkpt>
      <trkpt lat="41.31117378" lon="-72.94366834">
        <time>2026-09-07T13:40:14+00:00Z</time>
      </trkpt>
      <trkpt lat="41.31116926" lon="-72.94365409">
        <time>2026-09-07T13:40:15+00:00Z</time>
      </trkpt>
      <trkpt lat="41.31116590" lon="-72.94363816">
        <time>2026-09-07T13:40:16+00:00Z</time>
      </trkpt>
      <trkpt lat="41.31116238" lon="-72.94362157">
        <time>2026-09-07T13:40:17+00:00Z</time>
      </trkpt>
      <trkpt lat="41.31115953" lon="-72.94360522">
        <time>2026-09-07T13:40:18+00:00Z</time>
      </trkpt>
      <trkpt lat="41.31115425" lon="-72.94358443">
        <time>2026-09-07T13:40:19+00:00Z</time>
      </trkpt>
      <trkpt lat="41.31114922" lon="-72.94356566">
        <time>2026-09-07T13:40:20+00:00Z</time>
      </trkpt>
      <trkpt lat="41.31114378" lon="-72.94353942">
        <time>2026-09-07T13:40:21+00:00Z</time>
      </trkpt>
      <trkpt lat="41.31113891" lon="-72.94351361">
        <time>2026-09-07T13:40:22+00:00Z</time>
      </trkpt>
      <trkpt lat="41.31113556" lon="-72.94348771">
        <time>2026-09-07T13:40:23+00:00Z</time>
      </trkpt>
      <trkpt lat="41.31112869" lon="-72.94346147">
        <time>2026-09-07T13:40:24+00:00Z</time>
      </trkpt>
      <trkpt lat="41.31112441" lon="-72.94343490">
        <time>2026-09-07T13:40:25+00:00Z</time>
      </trkpt>
      <trkpt lat="41.31112073" lon="-72.94340766">
        <time>2026-09-07T13:40:26+00:00Z</time>
      </trkpt>
      <trkpt lat="41.31112777" lon="-72.94338210">
        <time>2026-09-07T13:40:27+00:00Z</time>
      </trkpt>
      <trkpt lat="41.31112517" lon="-72.94335552">
        <time>2026-09-07T13:40:28+00:00Z</time>
      </trkpt>
      <trkpt lat="41.31112022" lon="-72.94332468">
        <time>2026-09-07T13:40:29+00:00Z</time>
      </trkpt>
      <trkpt lat="41.31111603" lon="-72.94329920">
        <time>2026-09-07T13:40:30+00:00Z</time>
      </trkpt>
      <trkpt lat="41.31110874" lon="-72.94327162">
        <time>2026-09-07T13:40:31+00:00Z</time>
      </trkpt>
      <trkpt lat="41.31110254" lon="-72.94324338">
        <time>2026-09-07T13:40:32+00:00Z</time>
      </trkpt>
      <trkpt lat="41.31109608" lon="-72.94321563">
        <time>2026-09-07T13:40:33+00:00Z</time>
      </trkpt>
      <trkpt lat="41.31108745" lon="-72.94318839">
        <time>2026-09-07T13:40:34+00:00Z</time>
      </trkpt>
      <trkpt lat="41.31108435" lon="-72.94316316">
        <time>2026-09-07T13:40:35+00:00Z</time>
      </trkpt>
      <trkpt lat="41.31107613" lon="-72.94313584">
        <time>2026-09-07T13:40:36+00:00Z</time>
      </trkpt>
      <trkpt lat="41.31107144" lon="-72.94311086">
        <time>2026-09-07T13:40:37+00:00Z</time>
      </trkpt>
      <trkpt lat="41.31106851" lon="-72.94308278">
        <time>2026-09-07T13:40:38+00:00Z</time>
      </trkpt>
      <trkpt lat="41.31106289" lon="-72.94305822">
        <time>2026-09-07T13:40:39+00:00Z</time>
      </trkpt>
      <trkpt lat="41.31105510" lon="-72.94302176">
        <time>2026-09-07T13:40:40+00:00Z</time>
      </trkpt>
      <trkpt lat="41.31105141" lon="-72.94299292">
        <time>2026-09-07T13:40:41+00:00Z</time>
      </trkpt>
      <trkpt lat="41.31104521" lon="-72.94295764">
        <time>2026-09-07T13:40:42+00:00Z</time>
      </trkpt>
      <trkpt lat="41.31104060" lon="-72.94293500">
        <time>2026-09-07T13:40:43+00:00Z</time>
      </trkpt>
      <trkpt lat="41.31103138" lon="-72.94290164">
        <time>2026-09-07T13:40:44+00:00Z</time>
      </trkpt>
      <trkpt lat="41.31102568" lon="-72.94287700">
        <time>2026-09-07T13:40:45+00:00Z</time>
      </trkpt>
      <trkpt lat="41.31101796" lon="-72.94284406">
        <time>2026-09-07T13:40:46+00:00Z</time>
      </trkpt>
      <trkpt lat="41.31101050" lon="-72.94281833">
        <time>2026-09-07T13:40:47+00:00Z</time>
      </trkpt>
      <trkpt lat="41.31100288" lon="-72.94278908">
        <time>2026-09-07T13:40:48+00:00Z</time>
      </trkpt>
      <trkpt lat="41.31099667" lon="-72.94276133">
        <time>2026-09-07T13:40:49+00:00Z</time>
      </trkpt>
      <trkpt lat="41.31099064" lon="-72.94273074">
        <time>2026-09-07T13:40:50+00:00Z</time>
      </trkpt>
      <trkpt lat="41.31098335" lon="-72.94269838">
        <time>2026-09-07T13:40:51+00:00Z</time>
      </trkpt>
      <trkpt lat="41.31097513" lon="-72.94266963">
        <time>2026-09-07T13:40:52+00:00Z</time>
      </trkpt>
      <trkpt lat="41.31095828" lon="-72.94263678">
        <time>2026-09-07T13:40:53+00:00Z</time>
      </trkpt>
      <trkpt lat="41.31094722" lon="-72.94261775">
        <time>2026-09-07T13:40:54+00:00Z</time>
      </trkpt>
      <trkpt lat="41.31093540" lon="-72.94259009">
        <time>2026-09-07T13:40:55+00:00Z</time>
      </trkpt>
      <trkpt lat="41.31092400" lon="-72.94257257">
        <time>2026-09-07T13:40:56+00:00Z</time>
      </trkpt>
      <trkpt lat="41.31090791" lon="-72.94255648">
        <time>2026-09-07T13:40:57+00:00Z</time>
      </trkpt>
      <trkpt lat="41.31089726" lon="-72.94253938">
        <time>2026-09-07T13:40:58+00:00Z</time>
      </trkpt>
      <trkpt lat="41.31088327" lon="-72.94251599">
        <time>2026-09-07T13:40:59+00:00Z</time>
      </trkpt>
      <trkpt lat="41.31087153" lon="-72.94249286">
        <time>2026-09-07T13:41:00+00:00Z</time>
      </trkpt>
      <trkpt lat="41.31086097" lon="-72.94246377">
        <time>2026-09-07T13:41:01+00:00Z</time>
      </trkpt>
      <trkpt lat="41.31085276" lon="-72.94243838">
        <time>2026-09-07T13:41:02+00:00Z</time>
      </trkpt>
      <trkpt lat="41.31084446" lon="-72.94240510">
        <time>2026-09-07T13:41:03+00:00Z</time>
      </trkpt>
      <trkpt lat="41.31083574" lon="-72.94237568">
        <time>2026-09-07T13:41:04+00:00Z</time>
      </trkpt>
      <trkpt lat="41.31082669" lon="-72.94234576">
        <time>2026-09-07T13:41:05+00:00Z</time>
      </trkpt>
      <trkpt lat="41.31082007" lon="-72.94231634">
        <time>2026-09-07T13:41:06+00:00Z</time>
      </trkpt>
      <trkpt lat="41.31081303" lon="-72.94228977">
        <time>2026-09-07T13:41:07+00:00Z</time>
      </trkpt>
      <trkpt lat="41.31080959" lon="-72.94225976">
        <time>2026-09-07T13:41:08+00:00Z</time>
      </trkpt>
      <trkpt lat="41.31080297" lon="-72.94223176">
        <time>2026-09-07T13:41:09+00:00Z</time>
      </trkpt>
      <trkpt lat="41.31079073" lon="-72.94219891">
        <time>2026-09-07T13:41:10+00:00Z</time>
      </trkpt>
      <trkpt lat="41.31078587" lon="-72.94217778">
        <time>2026-09-07T13:41:11+00:00Z</time>
      </trkpt>
      <trkpt lat="41.31077824" lon="-72.94213914">
        <time>2026-09-07T13:41:12+00:00Z</time>
      </trkpt>
      <trkpt lat="41.31077413" lon="-72.94211643">
        <time>2026-09-07T13:41:13+00:00Z</time>
      </trkpt>
      <trkpt lat="41.31076793" lon="-72.94207879">
        <time>2026-09-07T13:41:14+00:00Z</time>
      </trkpt>
      <trkpt lat="41.31076659" lon="-72.94205708">
        <time>2026-09-07T13:41:15+00:00Z</time>
      </trkpt>
      <trkpt lat="41.31075880" lon="-72.94202138">
        <time>2026-09-07T13:41:16+00:00Z</time>
      </trkpt>
      <trkpt lat="41.31075318" lon="-72.94199749">
        <time>2026-09-07T13:41:17+00:00Z</time>
      </trkpt>
      <trkpt lat="41.31074203" lon="-72.94196220">
        <time>2026-09-07T13:41:18+00:00Z</time>
      </trkpt>
      <trkpt lat="41.31074010" lon="-72.94194041">
        <time>2026-09-07T13:41:19+00:00Z</time>
      </trkpt>
      <trkpt lat="41.31073231" lon="-72.94190638">
        <time>2026-09-07T13:41:20+00:00Z</time>
      </trkpt>
      <trkpt lat="41.31072527" lon="-72.94187754">
        <time>2026-09-07T13:41:21+00:00Z</time>
      </trkpt>
      <trkpt lat="41.31071395" lon="-72.94184376">
        <time>2026-09-07T13:41:22+00:00Z</time>
      </trkpt>
      <trkpt lat="41.31070775" lon="-72.94181912">
        <time>2026-09-07T13:41:23+00:00Z</time>
      </trkpt>
      <trkpt lat="41.31070431" lon="-72.94178719">
        <time>2026-09-07T13:41:24+00:00Z</time>
      </trkpt>
      <trkpt lat="41.31069744" lon="-72.94175877">
        <time>2026-09-07T13:41:25+00:00Z</time>
      </trkpt>
      <trkpt lat="41.31069249" lon="-72.94172474">
        <time>2026-09-07T13:41:26+00:00Z</time>
      </trkpt>
      <trkpt lat="41.31068906" lon="-72.94169423">
        <time>2026-09-07T13:41:27+00:00Z</time>
      </trkpt>
      <trkpt lat="41.31068378" lon="-72.94166515">
        <time>2026-09-07T13:41:28+00:00Z</time>
      </trkpt>
      <trkpt lat="41.31067288" lon="-72.94163221">
        <time>2026-09-07T13:41:29+00:00Z</time>
      </trkpt>
      <trkpt lat="41.31066584" lon="-72.94160790">
        <time>2026-09-07T13:41:30+00:00Z</time>
      </trkpt>
      <trkpt lat="41.31065645" lon="-72.94157722">
        <time>2026-09-07T13:41:31+00:00Z</time>
      </trkpt>
      <trkpt lat="41.31064807" lon="-72.94155425">
        <time>2026-09-07T13:41:32+00:00Z</time>
      </trkpt>
      <trkpt lat="41.31063826" lon="-72.94152249">
        <time>2026-09-07T13:41:33+00:00Z</time>
      </trkpt>
      <trkpt lat="41.31063449" lon="-72.94150036">
        <time>2026-09-07T13:41:34+00:00Z</time>
      </trkpt>
      <trkpt lat="41.31062594" lon="-72.94146675">
        <time>2026-09-07T13:41:35+00:00Z</time>
      </trkpt>
      <trkpt lat="41.31061672" lon="-72.94144303">
        <time>2026-09-07T13:41:36+00:00Z</time>
      </trkpt>
      <trkpt lat="41.31060415" lon="-72.94140573">
        <time>2026-09-07T13:41:37+00:00Z</time>
      </trkpt>
      <trkpt lat="41.31059635" lon="-72.94138762">
        <time>2026-09-07T13:41:38+00:00Z</time>
      </trkpt>
      <trkpt lat="41.31058881" lon="-72.94135175">
        <time>2026-09-07T13:41:39+00:00Z</time>
      </trkpt>
      <trkpt lat="41.31058420" lon="-72.94132543">
        <time>2026-09-07T13:41:40+00:00Z</time>
      </trkpt>
      <trkpt lat="41.31057699" lon="-72.94128737">
        <time>2026-09-07T13:41:41+00:00Z</time>
      </trkpt>
      <trkpt lat="41.31057381" lon="-72.94126659">
        <time>2026-09-07T13:41:42+00:00Z</time>
      </trkpt>
      <trkpt lat="41.31057297" lon="-72.94123264">
        <time>2026-09-07T13:41:43+00:00Z</time>
      </trkpt>
      <trkpt lat="41.31056911" lon="-72.94120221">
        <time>2026-09-07T13:41:44+00:00Z</time>
      </trkpt>
      <trkpt lat="41.31056190" lon="-72.94117531">
        <time>2026-09-07T13:41:45+00:00Z</time>
      </trkpt>
      <trkpt lat="41.31055319" lon="-72.94114589">
        <time>2026-09-07T13:41:46+00:00Z</time>
      </trkpt>
      <trkpt lat="41.31054615" lon="-72.94112108">
        <time>2026-09-07T13:41:47+00:00Z</time>
      </trkpt>
      <trkpt lat="41.31053927" lon="-72.94108856">
        <time>2026-09-07T13:41:48+00:00Z</time>
      </trkpt>
      <trkpt lat="41.31053072" lon="-72.94106643">
        <time>2026-09-07T13:41:49+00:00Z</time>
      </trkpt>
      <trkpt lat="41.31052285" lon="-72.94102837">
        <time>2026-09-07T13:41:50+00:00Z</time>
      </trkpt>
      <trkpt lat="41.31052620" lon="-72.94100750">
        <time>2026-09-07T13:41:51+00:00Z</time>
      </trkpt>
      <trkpt lat="41.31051874" lon="-72.94097004">
        <time>2026-09-07T13:41:52+00:00Z</time>
      </trkpt>
      <trkpt lat="41.31051471" lon="-72.94094707">
        <time>2026-09-07T13:41:53+00:00Z</time>
      </trkpt>
      <trkpt lat="41.31051513" lon="-72.94091128">
        <time>2026-09-07T13:41:54+00:00Z</time>
      </trkpt>
      <trkpt lat="41.31051337" lon="-72.94088479">
        <time>2026-09-07T13:41:55+00:00Z</time>
      </trkpt>
      <trkpt lat="41.31050742" lon="-72.94085428">
        <time>2026-09-07T13:41:56+00:00Z</time>
      </trkpt>
      <trkpt lat="41.31050214" lon="-72.94081782">
        <time>2026-09-07T13:41:57+00:00Z</time>
      </trkpt>
      <trkpt lat="41.31049636" lon="-72.94079083">
        <time>2026-09-07T13:41:58+00:00Z</time>
      </trkpt>
      <trkpt lat="41.31048823" lon="-72.94076191">
        <time>2026-09-07T13:41:59+00:00Z</time>
      </trkpt>
      <trkpt lat="41.31048479" lon="-72.94074054">
        <time>2026-09-07T13:42:00+00:00Z</time>
      </trkpt>
      <trkpt lat="41.31047959" lon="-72.94070240">
        <time>2026-09-07T13:42:01+00:00Z</time>
      </trkpt>
      <trkpt lat="41.31047297" lon="-72.94067902">
        <time>2026-09-07T13:42:02+00:00Z</time>
      </trkpt>
      <trkpt lat="41.31047172" lon="-72.94064499">
        <time>2026-09-07T13:42:03+00:00Z</time>
      </trkpt>
      <trkpt lat="41.31047054" lon="-72.94061741">
        <time>2026-09-07T13:42:04+00:00Z</time>
      </trkpt>
      <trkpt lat="41.31046551" lon="-72.94059084">
        <time>2026-09-07T13:42:05+00:00Z</time>
      </trkpt>
      <trkpt lat="41.31046032" lon="-72.94055932">
        <time>2026-09-07T13:42:06+00:00Z</time>
      </trkpt>
      <trkpt lat="41.31045529" lon="-72.94053376">
        <time>2026-09-07T13:42:07+00:00Z</time>
      </trkpt>
      <trkpt lat="41.31044732" lon="-72.94049939">
        <time>2026-09-07T13:42:08+00:00Z</time>
      </trkpt>
      <trkpt lat="41.31044196" lon="-72.94047659">
        <time>2026-09-07T13:42:09+00:00Z</time>
      </trkpt>
      <trkpt lat="41.31043383" lon="-72.94044248">
        <time>2026-09-07T13:42:10+00:00Z</time>
      </trkpt>
      <trkpt lat="41.31042771" lon="-72.94041716">
        <time>2026-09-07T13:42:11+00:00Z</time>
      </trkpt>
      <trkpt lat="41.31042142" lon="-72.94038288">
        <time>2026-09-07T13:42:12+00:00Z</time>
      </trkpt>
      <trkpt lat="41.31041556" lon="-72.94036143">
        <time>2026-09-07T13:42:13+00:00Z</time>
      </trkpt>
      <trkpt lat="41.31041053" lon="-72.94032798">
        <time>2026-09-07T13:42:14+00:00Z</time>
      </trkpt>
      <trkpt lat="41.31040835" lon="-72.94029940">
        <time>2026-09-07T13:42:15+00:00Z</time>
      </trkpt>
      <trkpt lat="41.31040139" lon="-72.94027132">
        <time>2026-09-07T13:42:16+00:00Z</time>
      </trkpt>
      <trkpt lat="41.31039368" lon="-72.94024014">
        <time>2026-09-07T13:42:17+00:00Z</time>
      </trkpt>
      <trkpt lat="41.31038723" lon="-72.94021642">
        <time>2026-09-07T13:42:18+00:00Z</time>
      </trkpt>
      <trkpt lat="41.31037658" lon="-72.94018256">
        <time>2026-09-07T13:42:19+00:00Z</time>
      </trkpt>
      <trkpt lat="41.31037105" lon="-72.94015582">
        <time>2026-09-07T13:42:20+00:00Z</time>
      </trkpt>
      <trkpt lat="41.31036577" lon="-72.94012380">
        <time>2026-09-07T13:42:21+00:00Z</time>
      </trkpt>
      <trkpt lat="41.31036661" lon="-72.94010519">
        <time>2026-09-07T13:42:22+00:00Z</time>
      </trkpt>
      <trkpt lat="41.31036225" lon="-72.94007242">
        <time>2026-09-07T13:42:23+00:00Z</time>
      </trkpt>
      <trkpt lat="41.31036007" lon="-72.94004551">
        <time>2026-09-07T13:42:24+00:00Z</time>
      </trkpt>
      <trkpt lat="41.31035395" lon="-72.94001140">
        <time>2026-09-07T13:42:25+00:00Z</time>
      </trkpt>
      <trkpt lat="41.31035051" lon="-72.93998583">
        <time>2026-09-07T13:42:26+00:00Z</time>
      </trkpt>
      <trkpt lat="41.31033928" lon="-72.93995038">
        <time>2026-09-07T13:42:27+00:00Z</time>
      </trkpt>
      <trkpt lat="41.31033434" lon="-72.93992666">
        <time>2026-09-07T13:42:28+00:00Z</time>
      </trkpt>
      <trkpt lat="41.31032847" lon="-72.93989480">
        <time>2026-09-07T13:42:29+00:00Z</time>
      </trkpt>
      <trkpt lat="41.31032503" lon="-72.93987167">
        <time>2026-09-07T13:42:30+00:00Z</time>
      </trkpt>
      <trkpt lat="41.31032042" lon="-72.93984074">
        <time>2026-09-07T13:42:31+00:00Z</time>
      </trkpt>
      <trkpt lat="41.31031590" lon="-72.93981308">
        <time>2026-09-07T13:42:32+00:00Z</time>
      </trkpt>
      <trkpt lat="41.31030768" lon="-72.93978550">
        <time>2026-09-07T13:42:33+00:00Z</time>
      </trkpt>
      <trkpt lat="41.31030098" lon="-72.93975340">
        <time>2026-09-07T13:42:34+00:00Z</time>
      </trkpt>
      <trkpt lat="41.31029494" lon="-72.93972834">
        <time>2026-09-07T13:42:35+00:00Z</time>
      </trkpt>
      <trkpt lat="41.31028547" lon="-72.93969800">
        <time>2026-09-07T13:42:36+00:00Z</time>
      </trkpt>
      <trkpt lat="41.31027843" lon="-72.93967185">
        <time>2026-09-07T13:42:37+00:00Z</time>
      </trkpt>
      <trkpt lat="41.31027005" lon="-72.93963388">
        <time>2026-09-07T13:42:38+00:00Z</time>
      </trkpt>
      <trkpt lat="41.31026493" lon="-72.93960605">
        <time>2026-09-07T13:42:39+00:00Z</time>
      </trkpt>
      <trkpt lat="41.31025756" lon="-72.93956942">
        <time>2026-09-07T13:42:40+00:00Z</time>
      </trkpt>
      <trkpt lat="41.31025161" lon="-72.93954008">
        <time>2026-09-07T13:42:41+00:00Z</time>
      </trkpt>
      <trkpt lat="41.31024155" lon="-72.93950664">
        <time>2026-09-07T13:42:42+00:00Z</time>
      </trkpt>
      <trkpt lat="41.31023468" lon="-72.93947931">
        <time>2026-09-07T13:42:43+00:00Z</time>
      </trkpt>
      <trkpt lat="41.31023007" lon="-72.93944604">
        <time>2026-09-07T13:42:44+00:00Z</time>
      </trkpt>
      <trkpt lat="41.31022487" lon="-72.93941385">
        <time>2026-09-07T13:42:45+00:00Z</time>
      </trkpt>
      <trkpt lat="41.31021867" lon="-72.93938485">
        <time>2026-09-07T13:42:46+00:00Z</time>
      </trkpt>
      <trkpt lat="41.31021422" lon="-72.93935409">
        <time>2026-09-07T13:42:47+00:00Z</time>
      </trkpt>
      <trkpt lat="41.31020894" lon="-72.93932534">
        <time>2026-09-07T13:42:48+00:00Z</time>
      </trkpt>
      <trkpt lat="41.31020132" lon="-72.93929399">
        <time>2026-09-07T13:42:49+00:00Z</time>
      </trkpt>
      <trkpt lat="41.31019486" lon="-72.93926843">
        <time>2026-09-07T13:42:50+00:00Z</time>
      </trkpt>
      <trkpt lat="41.31018480" lon="-72.93923054">
        <time>2026-09-07T13:42:51+00:00Z</time>
      </trkpt>
      <trkpt lat="41.31018036" lon="-72.93920254">
        <time>2026-09-07T13:42:52+00:00Z</time>
      </trkpt>
      <trkpt lat="41.31017055" lon="-72.93916826">
        <time>2026-09-07T13:42:53+00:00Z</time>
      </trkpt>
      <trkpt lat="41.31016552" lon="-72.93914102">
        <time>2026-09-07T13:42:54+00:00Z</time>
      </trkpt>
      <trkpt lat="41.31015647" lon="-72.93910707">
        <time>2026-09-07T13:42:55+00:00Z</time>
      </trkpt>
      <trkpt lat="41.31015035" lon="-72.93907891">
        <time>2026-09-07T13:42:56+00:00Z</time>
      </trkpt>
      <trkpt lat="41.31014256" lon="-72.93904765">
        <time>2026-09-07T13:42:57+00:00Z</time>
      </trkpt>
      <trkpt lat="41.31013451" lon="-72.93901294">
        <time>2026-09-07T13:42:58+00:00Z</time>
      </trkpt>
      <trkpt lat="41.31012646" lon="-72.93898210">
        <time>2026-09-07T13:42:59+00:00Z</time>
      </trkpt>
      <trkpt lat="41.31011758" lon="-72.93894648">
        <time>2026-09-07T13:43:00+00:00Z</time>
      </trkpt>
      <trkpt lat="41.31011113" lon="-72.93892368">
        <time>2026-09-07T13:43:01+00:00Z</time>
      </trkpt>
      <trkpt lat="41.31010425" lon="-72.93889107">
        <time>2026-09-07T13:43:02+00:00Z</time>
      </trkpt>
      <trkpt lat="41.31010283" lon="-72.93886542">
        <time>2026-09-07T13:43:03+00:00Z</time>
      </trkpt>
      <trkpt lat="41.31009344" lon="-72.93883533">
        <time>2026-09-07T13:43:04+00:00Z</time>
      </trkpt>
      <trkpt lat="41.31008481" lon="-72.93880507">
        <time>2026-09-07T13:43:05+00:00Z</time>
      </trkpt>
      <trkpt lat="41.31007609" lon="-72.93877766">
        <time>2026-09-07T13:43:06+00:00Z</time>
      </trkpt>
      <trkpt lat="41.31006570" lon="-72.93874313">
        <time>2026-09-07T13:43:07+00:00Z</time>
      </trkpt>
      <trkpt lat="41.31005555" lon="-72.93872084">
        <time>2026-09-07T13:43:08+00:00Z</time>
      </trkpt>
      <trkpt lat="41.31004374" lon="-72.93868203">
        <time>2026-09-07T13:43:09+00:00Z</time>
      </trkpt>
      <trkpt lat="41.31003703" lon="-72.93865697">
        <time>2026-09-07T13:43:10+00:00Z</time>
      </trkpt>
      <trkpt lat="41.31002932" lon="-72.93862000">
        <time>2026-09-07T13:43:11+00:00Z</time>
      </trkpt>
      <trkpt lat="41.31002429" lon="-72.93859251">
        <time>2026-09-07T13:43:12+00:00Z</time>
      </trkpt>
      <trkpt lat="41.31001901" lon="-72.93855781">
        <time>2026-09-07T13:43:13+00:00Z</time>
      </trkpt>
      <trkpt lat="41.31001532" lon="-72.93852889">
        <time>2026-09-07T13:43:14+00:00Z</time>
      </trkpt>
      <trkpt lat="41.31000727" lon="-72.93850475">
        <time>2026-09-07T13:43:15+00:00Z</time>
      </trkpt>
      <trkpt lat="41.30999856" lon="-72.93846871">
        <time>2026-09-07T13:43:16+00:00Z</time>
      </trkpt>
      <trkpt lat="41.30998950" lon="-72.93843736">
        <time>2026-09-07T13:43:17+00:00Z</time>
      </trkpt>
      <trkpt lat="41.30997911" lon="-72.93840081">
        <time>2026-09-07T13:43:18+00:00Z</time>
      </trkpt>
      <trkpt lat="41.30997224" lon="-72.93837022">
        <time>2026-09-07T13:43:19+00:00Z</time>
      </trkpt>
      <trkpt lat="41.30996159" lon="-72.93833594">
        <time>2026-09-07T13:43:20+00:00Z</time>
      </trkpt>
      <trkpt lat="41.30995858" lon="-72.93830811">
        <time>2026-09-07T13:43:21+00:00Z</time>
      </trkpt>
      <trkpt lat="41.30995631" lon="-72.93826913">
        <time>2026-09-07T13:43:22+00:00Z</time>
      </trkpt>
      <trkpt lat="41.30995112" lon="-72.93823728">
        <time>2026-09-07T13:43:23+00:00Z</time>
      </trkpt>
      <trkpt lat="41.30994215" lon="-72.93820459">
        <time>2026-09-07T13:43:24+00:00Z</time>
      </trkpt>
      <trkpt lat="41.30993745" lon="-72.93817333">
        <time>2026-09-07T13:43:25+00:00Z</time>
      </trkpt>
      <trkpt lat="41.30993050" lon="-72.93814383">
        <time>2026-09-07T13:43:26+00:00Z</time>
      </trkpt>
      <trkpt lat="41.30992304" lon="-72.93810996">
        <time>2026-09-07T13:43:27+00:00Z</time>
      </trkpt>
      <trkpt lat="41.30991474" lon="-72.93808457">
        <time>2026-09-07T13:43:28+00:00Z</time>
      </trkpt>
      <trkpt lat="41.30990443" lon="-72.93805213">
        <time>2026-09-07T13:43:29+00:00Z</time>
      </trkpt>
      <trkpt lat="41.30989278" lon="-72.93802815">
        <time>2026-09-07T13:43:30+00:00Z</time>
      </trkpt>
      <trkpt lat="41.30988515" lon="-72.93799672">
        <time>2026-09-07T13:43:31+00:00Z</time>
      </trkpt>
      <trkpt lat="41.30987224" lon="-72.93797208">
        <time>2026-09-07T13:43:32+00:00Z</time>
      </trkpt>
      <trkpt lat="41.30986176" lon="-72.93793612">
        <time>2026-09-07T13:43:33+00:00Z</time>
      </trkpt>
      <trkpt lat="41.30985162" lon="-72.93791408">
        <time>2026-09-07T13:43:34+00:00Z</time>
      </trkpt>
      <trkpt lat="41.30984450" lon="-72.93787887">
        <time>2026-09-07T13:43:35+00:00Z</time>
      </trkpt>
      <trkpt lat="41.30983846" lon="-72.93785775">
        <time>2026-09-07T13:43:36+00:00Z</time>
      </trkpt>
      <trkpt lat="41.30983100" lon="-72.93781961">
        <time>2026-09-07T13:43:37+00:00Z</time>
      </trkpt>
      <trkpt lat="41.30982907" lon="-72.93779723">
        <time>2026-09-07T13:43:38+00:00Z</time>
      </trkpt>
      <trkpt lat="41.30982312" lon="-72.93775742">
        <time>2026-09-07T13:43:39+00:00Z</time>
      </trkpt>
      <trkpt lat="41.30981977" lon="-72.93773303">
        <time>2026-09-07T13:43:40+00:00Z</time>
      </trkpt>
      <trkpt lat="41.30981239" lon="-72.93769523">
        <time>2026-09-07T13:43:41+00:00Z</time>
      </trkpt>
      <trkpt lat="41.30980653" lon="-72.93766974">
        <time>2026-09-07T13:43:42+00:00Z</time>
      </trkpt>
      <trkpt lat="41.30980242" lon="-72.93763395">
        <time>2026-09-07T13:43:43+00:00Z</time>
      </trkpt>
      <trkpt lat="41.30979999" lon="-72.93760411">
        <time>2026-09-07T13:43:44+00:00Z</time>
      </trkpt>
      <trkpt lat="41.30979245" lon="-72.93757645">
        <time>2026-09-07T13:43:45+00:00Z</time>
      </trkpt>
      <trkpt lat="41.30978683" lon="-72.93754552">
        <time>2026-09-07T13:43:46+00:00Z</time>
      </trkpt>
      <trkpt lat="41.30977929" lon="-72.93752222">
        <time>2026-09-07T13:43:47+00:00Z</time>
      </trkpt>
      <trkpt lat="41.30976990" lon="-72.93749322">
        <time>2026-09-07T13:43:48+00:00Z</time>
      </trkpt>
      <trkpt lat="41.30976043" lon="-72.93746841">
        <time>2026-09-07T13:43:49+00:00Z</time>
      </trkpt>
      <trkpt lat="41.30975146" lon="-72.93743799">
        <time>2026-09-07T13:43:50+00:00Z</time>
      </trkpt>
      <trkpt lat="41.30974769" lon="-72.93740613">
        <time>2026-09-07T13:43:51+00:00Z</time>
      </trkpt>
      <trkpt lat="41.30974266" lon="-72.93737571">
        <time>2026-09-07T13:43:52+00:00Z</time>
      </trkpt>
      <trkpt lat="41.30973461" lon="-72.93734671">
        <time>2026-09-07T13:43:53+00:00Z</time>
      </trkpt>
      <trkpt lat="41.30972656" lon="-72.93731385">
        <time>2026-09-07T13:43:54+00:00Z</time>
      </trkpt>
      <trkpt lat="41.30971667" lon="-72.93728627">
        <time>2026-09-07T13:43:55+00:00Z</time>
      </trkpt>
      <trkpt lat="41.30970963" lon="-72.93724579">
        <time>2026-09-07T13:43:56+00:00Z</time>
      </trkpt>
      <trkpt lat="41.30970544" lon="-72.93722291">
        <time>2026-09-07T13:43:57+00:00Z</time>
      </trkpt>
      <trkpt lat="41.30969496" lon="-72.93718921">
        <time>2026-09-07T13:43:58+00:00Z</time>
      </trkpt>
      <trkpt lat="41.30969002" lon="-72.93717027">
        <time>2026-09-07T13:43:59+00:00Z</time>
      </trkpt>
      <trkpt lat="41.30968113" lon="-72.93713850">
        <time>2026-09-07T13:44:00+00:00Z</time>
      </trkpt>
      <trkpt lat="41.30967795" lon="-72.93710891">
        <time>2026-09-07T13:44:01+00:00Z</time>
      </trkpt>
      <trkpt lat="41.30967124" lon="-72.93707371">
        <time>2026-09-07T13:44:02+00:00Z</time>
      </trkpt>
      <trkpt lat="41.30966638" lon="-72.93704169">
        <time>2026-09-07T13:44:03+00:00Z</time>
      </trkpt>
      <trkpt lat="41.30966043" lon="-72.93700917">
        <time>2026-09-07T13:44:04+00:00Z</time>
      </trkpt>
      <trkpt lat="41.30965398" lon="-72.93697463">
        <time>2026-09-07T13:44:05+00:00Z</time>
      </trkpt>
      <trkpt lat="41.30965012" lon="-72.93694614">
        <time>2026-09-07T13:44:06+00:00Z</time>
      </trkpt>
      <trkpt lat="41.30964459" lon="-72.93690993">
        <time>2026-09-07T13:44:07+00:00Z</time>
      </trkpt>
      <trkpt lat="41.30963621" lon="-72.93688319">
        <time>2026-09-07T13:44:08+00:00Z</time>
      </trkpt>
      <trkpt lat="41.30962464" lon="-72.93685243">
        <time>2026-09-07T13:44:09+00:00Z</time>
      </trkpt>
      <trkpt lat="41.30961651" lon="-72.93682829">
        <time>2026-09-07T13:44:10+00:00Z</time>
      </trkpt>
      <trkpt lat="41.30960695" lon="-72.93679249">
        <time>2026-09-07T13:44:11+00:00Z</time>
      </trkpt>
      <trkpt lat="41.30960025" lon="-72.93676391">
        <time>2026-09-07T13:44:12+00:00Z</time>
      </trkpt>
      <trkpt lat="41.30959388" lon="-72.93672376">
        <time>2026-09-07T13:44:13+00:00Z</time>
      </trkpt>
      <trkpt lat="41.30958583" lon="-72.93669753">
        <time>2026-09-07T13:44:14+00:00Z</time>
      </trkpt>
      <trkpt lat="41.30957678" lon="-72.93666484">
        <time>2026-09-07T13:44:15+00:00Z</time>
      </trkpt>
      <trkpt lat="41.30957041" lon="-72.93664355">
        <time>2026-09-07T13:44:16+00:00Z</time>
      </trkpt>
      <trkpt lat="41.30956136" lon="-72.93661295">
        <time>2026-09-07T13:44:17+00:00Z</time>
      </trkpt>
      <trkpt lat="41.30956152" lon="-72.93658739">
        <time>2026-09-07T13:44:18+00:00Z</time>
      </trkpt>
      <trkpt lat="41.30955532" lon="-72.93655395">
        <time>2026-09-07T13:44:19+00:00Z</time>
      </trkpt>
      <trkpt lat="41.30955264" lon="-72.93653182">
        <time>2026-09-07T13:44:20+00:00Z</time>
      </trkpt>
      <trkpt lat="41.30954593" lon="-72.93649552">
        <time>2026-09-07T13:44:21+00:00Z</time>
      </trkpt>
      <trkpt lat="41.30954191" lon="-72.93647038">
        <time>2026-09-07T13:44:22+00:00Z</time>
      </trkpt>
      <trkpt lat="41.30953529" lon="-72.93643442">
        <time>2026-09-07T13:44:23+00:00Z</time>
      </trkpt>
      <trkpt lat="41.30953277" lon="-72.93641087">
        <time>2026-09-07T13:44:24+00:00Z</time>
      </trkpt>
      <trkpt lat="41.30952707" lon="-72.93637591">
        <time>2026-09-07T13:44:25+00:00Z</time>
      </trkpt>
      <trkpt lat="41.30952448" lon="-72.93635462">
        <time>2026-09-07T13:44:26+00:00Z</time>
      </trkpt>
      <trkpt lat="41.30951693" lon="-72.93632319">
        <time>2026-09-07T13:44:27+00:00Z</time>
      </trkpt>
      <trkpt lat="41.30951542" lon="-72.93629796">
        <time>2026-09-07T13:44:28+00:00Z</time>
      </trkpt>
      <trkpt lat="41.30951459" lon="-72.93627081">
        <time>2026-09-07T13:44:29+00:00Z</time>
      </trkpt>
      <trkpt lat="41.30951542" lon="-72.93624390">
        <time>2026-09-07T13:44:30+00:00Z</time>
      </trkpt>
      <trkpt lat="41.30950931" lon="-72.93620970">
        <time>2026-09-07T13:44:31+00:00Z</time>
      </trkpt>
      <trkpt lat="41.30950796" lon="-72.93617961">
        <time>2026-09-07T13:44:32+00:00Z</time>
      </trkpt>
      <trkpt lat="41.30950252" lon="-72.93614801">
        <time>2026-09-07T13:44:33+00:00Z</time>
      </trkpt>
      <trkpt lat="41.30949648" lon="-72.93611934">
        <time>2026-09-07T13:44:34+00:00Z</time>
      </trkpt>
      <trkpt lat="41.30948734" lon="-72.93608959">
        <time>2026-09-07T13:44:35+00:00Z</time>
      </trkpt>
      <trkpt lat="41.30947888" lon="-72.93606143">
        <time>2026-09-07T13:44:36+00:00Z</time>
      </trkpt>
      <trkpt lat="41.30947804" lon="-72.93603754">
        <time>2026-09-07T13:44:37+00:00Z</time>
      </trkpt>
      <trkpt lat="41.30947259" lon="-72.93600812">
        <time>2026-09-07T13:44:38+00:00Z</time>
      </trkpt>
      <trkpt lat="41.30947209" lon="-72.93597853">
        <time>2026-09-07T13:44:39+00:00Z</time>
      </trkpt>
      <trkpt lat="41.30946656" lon="-72.93594450">
        <time>2026-09-07T13:44:40+00:00Z</time>
      </trkpt>
      <trkpt lat="41.30946429" lon="-72.93591533">
        <time>2026-09-07T13:44:41+00:00Z</time>
      </trkpt>
      <trkpt lat="41.30945650" lon="-72.93588188">
        <time>2026-09-07T13:44:42+00:00Z</time>
      </trkpt>
      <trkpt lat="41.30944937" lon="-72.93585431">
        <time>2026-09-07T13:44:43+00:00Z</time>
      </trkpt>
      <trkpt lat="41.30943705" lon="-72.93582120">
        <time>2026-09-07T13:44:44+00:00Z</time>
      </trkpt>
      <trkpt lat="41.30943328" lon="-72.93579723">
        <time>2026-09-07T13:44:45+00:00Z</time>
      </trkpt>
      <trkpt lat="41.30942046" lon="-72.93575649">
        <time>2026-09-07T13:44:46+00:00Z</time>
      </trkpt>
      <trkpt lat="41.30941174" lon="-72.93573034">
        <time>2026-09-07T13:44:47+00:00Z</time>
      </trkpt>
      <trkpt lat="41.30940034" lon="-72.93570209">
        <time>2026-09-07T13:44:48+00:00Z</time>
      </trkpt>
      <trkpt lat="41.30939162" lon="-72.93567854">
        <time>2026-09-07T13:44:49+00:00Z</time>
      </trkpt>
      <trkpt lat="41.30937905" lon="-72.93564325">
        <time>2026-09-07T13:44:50+00:00Z</time>
      </trkpt>
      <trkpt lat="41.30937335" lon="-72.93562146">
        <time>2026-09-07T13:44:51+00:00Z</time>
      </trkpt>
      <trkpt lat="41.30936690" lon="-72.93558701">
        <time>2026-09-07T13:44:52+00:00Z</time>
      </trkpt>
      <trkpt lat="41.30936229" lon="-72.93555901">
        <time>2026-09-07T13:44:53+00:00Z</time>
      </trkpt>
      <trkpt lat="41.30935374" lon="-72.93552490">
        <time>2026-09-07T13:44:54+00:00Z</time>
      </trkpt>
      <trkpt lat="41.30934661" lon="-72.93549967">
        <time>2026-09-07T13:44:55+00:00Z</time>
      </trkpt>
      <trkpt lat="41.30933966" lon="-72.93546354">
        <time>2026-09-07T13:44:56+00:00Z</time>
      </trkpt>
      <trkpt lat="41.30933479" lon="-72.93543085">
        <time>2026-09-07T13:44:57+00:00Z</time>
      </trkpt>
      <trkpt lat="41.30932951" lon="-72.93539724">
        <time>2026-09-07T13:44:58+00:00Z</time>
      </trkpt>
      <trkpt lat="41.30932054" lon="-72.93536338">
        <time>2026-09-07T13:44:59+00:00Z</time>
      </trkpt>
      <trkpt lat="41.30931535" lon="-72.93533279">
        <time>2026-09-07T13:45:00+00:00Z</time>
      </trkpt>
      <trkpt lat="41.30931200" lon="-72.93529716">
        <time>2026-09-07T13:45:01+00:00Z</time>
      </trkpt>
      <trkpt lat="41.30930336" lon="-72.93527336">
        <time>2026-09-07T13:45:02+00:00Z</time>
      </trkpt>
      <trkpt lat="41.30929657" lon="-72.93524486">
        <time>2026-09-07T13:45:03+00:00Z</time>
      </trkpt>
      <trkpt lat="41.30928920" lon="-72.93521846">
        <time>2026-09-07T13:45:04+00:00Z</time>
      </trkpt>
      <trkpt lat="41.30928232" lon="-72.93519348">
        <time>2026-09-07T13:45:05+00:00Z</time>
      </trkpt>
      <trkpt lat="41.30927025" lon="-72.93516775">
        <time>2026-09-07T13:45:06+00:00Z</time>
      </trkpt>
      <trkpt lat="41.30926212" lon="-72.93513330">
        <time>2026-09-07T13:45:07+00:00Z</time>
      </trkpt>
      <trkpt lat="41.30925600" lon="-72.93510673">
        <time>2026-09-07T13:45:08+00:00Z</time>
      </trkpt>
      <trkpt lat="41.30925022" lon="-72.93507077">
        <time>2026-09-07T13:45:09+00:00Z</time>
      </trkpt>
      <trkpt lat="41.30924444" lon="-72.93504277">
        <time>2026-09-07T13:45:10+00:00Z</time>
      </trkpt>
      <trkpt lat="41.30923782" lon="-72.93500681">
        <time>2026-09-07T13:45:11+00:00Z</time>
      </trkpt>
      <trkpt lat="41.30923128" lon="-72.93498075">
        <time>2026-09-07T13:45:12+00:00Z</time>
      </trkpt>
      <trkpt lat="41.30922273" lon="-72.93494965">
        <time>2026-09-07T13:45:13+00:00Z</time>
      </trkpt>
      <trkpt lat="41.30921443" lon="-72.93492006">
        <time>2026-09-07T13:45:14+00:00Z</time>
      </trkpt>
      <trkpt lat="41.30920588" lon="-72.93489022">
        <time>2026-09-07T13:45:15+00:00Z</time>
      </trkpt>
      <trkpt lat="41.30919917" lon="-72.93485804">
        <time>2026-09-07T13:45:16+00:00Z</time>
      </trkpt>
      <trkpt lat="41.30919113" lon="-72.93483021">
        <time>2026-09-07T13:45:17+00:00Z</time>
      </trkpt>
      <trkpt lat="41.30918141" lon="-72.93480129">
        <time>2026-09-07T13:45:18+00:00Z</time>
      </trkpt>
      <trkpt lat="41.30917235" lon="-72.93477573">
        <time>2026-09-07T13:45:19+00:00Z</time>
      </trkpt>
      <trkpt lat="41.30915810" lon="-72.93474454">
        <time>2026-09-07T13:45:20+00:00Z</time>
      </trkpt>
      <trkpt lat="41.30914746" lon="-72.93472166">
        <time>2026-09-07T13:45:21+00:00Z</time>
      </trkpt>
      <trkpt lat="41.30913547" lon="-72.93468855">
        <time>2026-09-07T13:45:22+00:00Z</time>
      </trkpt>
      <trkpt lat="41.30912525" lon="-72.93466265">
        <time>2026-09-07T13:45:23+00:00Z</time>
      </trkpt>
      <trkpt lat="41.30911360" lon="-72.93463315">
        <time>2026-09-07T13:45:24+00:00Z</time>
      </trkpt>
      <trkpt lat="41.30910454" lon="-72.93460859">
        <time>2026-09-07T13:45:25+00:00Z</time>
      </trkpt>
      <trkpt lat="41.30909122" lon="-72.93457816">
        <time>2026-09-07T13:45:26+00:00Z</time>
      </trkpt>
      <trkpt lat="41.30908409" lon="-72.93455260">
        <time>2026-09-07T13:45:27+00:00Z</time>
      </trkpt>
      <trkpt lat="41.30907345" lon="-72.93452427">
        <time>2026-09-07T13:45:28+00:00Z</time>
      </trkpt>
      <trkpt lat="41.30906573" lon="-72.93449979">
        <time>2026-09-07T13:45:29+00:00Z</time>
      </trkpt>
      <trkpt lat="41.30905802" lon="-72.93446786">
        <time>2026-09-07T13:45:30+00:00Z</time>
      </trkpt>
      <trkpt lat="41.30905274" lon="-72.93444204">
        <time>2026-09-07T13:45:31+00:00Z</time>
      </trkpt>
      <trkpt lat="41.30905165" lon="-72.93440910">
        <time>2026-09-07T13:45:32+00:00Z</time>
      </trkpt>
      <trkpt lat="41.30904386" lon="-72.93438395">
        <time>2026-09-07T13:45:33+00:00Z</time>
      </trkpt>
      <trkpt lat="41.30903858" lon="-72.93435395">
        <time>2026-09-07T13:45:34+00:00Z</time>
      </trkpt>
      <trkpt lat="41.30903346" lon="-72.93432880">
        <time>2026-09-07T13:45:35+00:00Z</time>
      </trkpt>
      <trkpt lat="41.30902693" lon="-72.93429846">
        <time>2026-09-07T13:45:36+00:00Z</time>
      </trkpt>
      <trkpt lat="41.30902139" lon="-72.93427440">
        <time>2026-09-07T13:45:37+00:00Z</time>
      </trkpt>
      <trkpt lat="41.30901494" lon="-72.93424456">
        <time>2026-09-07T13:45:38+00:00Z</time>
      </trkpt>
      <trkpt lat="41.30901276" lon="-72.93421732">
        <time>2026-09-07T13:45:39+00:00Z</time>
      </trkpt>
      <trkpt lat="41.30900614" lon="-72.93418539">
        <time>2026-09-07T13:45:40+00:00Z</time>
      </trkpt>
      <trkpt lat="41.30899851" lon="-72.93415974">
        <time>2026-09-07T13:45:41+00:00Z</time>
      </trkpt>
      <trkpt lat="41.30898921" lon="-72.93412789">
        <time>2026-09-07T13:45:42+00:00Z</time>
      </trkpt>
      <trkpt lat="41.30898200" lon="-72.93410693">
        <time>2026-09-07T13:45:43+00:00Z</time>
      </trkpt>
      <trkpt lat="41.30897697" lon="-72.93408355">
        <time>2026-09-07T13:45:44+00:00Z</time>
      </trkpt>
      <trkpt lat="41.30896918" lon="-72.93405295">
        <time>2026-09-07T13:45:45+00:00Z</time>
      </trkpt>
      <trkpt lat="41.30896566" lon="-72.93401834">
        <time>2026-09-07T13:45:46+00:00Z</time>
      </trkpt>
      <trkpt lat="41.30896088" lon="-72.93399436">
        <time>2026-09-07T13:45:47+00:00Z</time>
      </trkpt>
      <trkpt lat="41.30895409" lon="-72.93397106">
        <time>2026-09-07T13:45:48+00:00Z</time>
      </trkpt>
      <trkpt lat="41.30894688" lon="-72.93394323">
        <time>2026-09-07T13:45:49+00:00Z</time>
      </trkpt>
      <trkpt lat="41.30893942" lon="-72.93391323">
        <time>2026-09-07T13:45:50+00:00Z</time>
      </trkpt>
      <trkpt lat="41.30893531" lon="-72.93388523">
        <time>2026-09-07T13:45:51+00:00Z</time>
      </trkpt>
      <trkpt lat="41.30892986" lon="-72.93385128">
        <time>2026-09-07T13:45:52+00:00Z</time>
      </trkpt>
      <trkpt lat="41.30892307" lon="-72.93381700">
        <time>2026-09-07T13:45:53+00:00Z</time>
      </trkpt>
      <trkpt lat="41.30891796" lon="-72.93378524">
        <time>2026-09-07T13:45:54+00:00Z</time>
      </trkpt>
      <trkpt lat="41.30890975" lon="-72.93375397">
        <time>2026-09-07T13:45:55+00:00Z</time>
      </trkpt>
      <trkpt lat="41.30890639" lon="-72.93372061">
        <time>2026-09-07T13:45:56+00:00Z</time>
      </trkpt>
      <trkpt lat="41.30890396" lon="-72.93369295">
        <time>2026-09-07T13:45:57+00:00Z</time>
      </trkpt>
      <trkpt lat="41.30889483" lon="-72.93366211">
        <time>2026-09-07T13:45:58+00:00Z</time>
      </trkpt>
      <trkpt lat="41.30888904" lon="-72.93363445">
        <time>2026-09-07T13:45:59+00:00Z</time>
      </trkpt>
      <trkpt lat="41.30888049" lon="-72.93360544">
        <time>2026-09-07T13:46:00+00:00Z</time>
      </trkpt>
      <trkpt lat="41.30887605" lon="-72.93357795">
        <time>2026-09-07T13:46:01+00:00Z</time>
      </trkpt>
      <trkpt lat="41.30886901" lon="-72.93354836">
        <time>2026-09-07T13:46:02+00:00Z</time>
      </trkpt>
      <trkpt lat="41.30886289" lon="-72.93351643">
        <time>2026-09-07T13:46:03+00:00Z</time>
      </trkpt>
      <trkpt lat="41.30885577" lon="-72.93349656">
        <time>2026-09-07T13:46:04+00:00Z</time>
      </trkpt>
      <trkpt lat="41.30884982" lon="-72.93346656">
        <time>2026-09-07T13:46:05+00:00Z</time>
      </trkpt>
      <trkpt lat="41.30884957" lon="-72.93344351">
        <time>2026-09-07T13:46:06+00:00Z</time>
      </trkpt>
      <trkpt lat="41.30884261" lon="-72.93341350">
        <time>2026-09-07T13:46:07+00:00Z</time>
      </trkpt>
      <trkpt lat="41.30884018" lon="-72.93339162">
        <time>2026-09-07T13:46:08+00:00Z</time>
      </trkpt>
      <trkpt lat="41.30883129" lon="-72.93336581">
        <time>2026-09-07T13:46:09+00:00Z</time>
      </trkpt>
      <trkpt lat="41.30882434" lon="-72.93334544">
        <time>2026-09-07T13:46:10+00:00Z</time>
      </trkpt>
      <trkpt lat="41.30881612" lon="-72.93331350">
        <time>2026-09-07T13:46:11+00:00Z</time>
      </trkpt>
      <trkpt lat="41.30881093" lon="-72.93328593">
        <time>2026-09-07T13:46:12+00:00Z</time>
      </trkpt>
      <trkpt lat="41.30880933" lon="-72.93325651">
        <time>2026-09-07T13:46:13+00:00Z</time>
      </trkpt>
      <trkpt lat="41.30880221" lon="-72.93323111">
        <time>2026-09-07T13:46:14+00:00Z</time>
      </trkpt>
      <trkpt lat="41.30879575" lon="-72.93319180">
        <time>2026-09-07T13:46:15+00:00Z</time>
      </trkpt>
      <trkpt lat="41.30879098" lon="-72.93316472">
        <time>2026-09-07T13:46:16+00:00Z</time>
      </trkpt>
      <trkpt lat="41.30878570" lon="-72.93312709">
        <time>2026-09-07T13:46:17+00:00Z</time>
      </trkpt>
      <trkpt lat="41.30878779" lon="-72.93309876">
        <time>2026-09-07T13:46:18+00:00Z</time>
      </trkpt>
      <trkpt lat="41.30878259" lon="-72.93306213">
        <time>2026-09-07T13:46:19+00:00Z</time>
      </trkpt>
      <trkpt lat="41.30878368" lon="-72.93304151">
        <time>2026-09-07T13:46:20+00:00Z</time>
      </trkpt>
      <trkpt lat="41.30877547" lon="-72.93300664">
        <time>2026-09-07T13:46:21+00:00Z</time>
      </trkpt>
      <trkpt lat="41.30877681" lon="-72.93298560">
        <time>2026-09-07T13:46:22+00:00Z</time>
      </trkpt>
      <trkpt lat="41.30877044" lon="-72.93295191">
        <time>2026-09-07T13:46:23+00:00Z</time>
      </trkpt>
      <trkpt lat="41.30876843" lon="-72.93293003">
        <time>2026-09-07T13:46:24+00:00Z</time>
      </trkpt>
      <trkpt lat="41.30875720" lon="-72.93288988">
        <time>2026-09-07T13:46:25+00:00Z</time>
      </trkpt>
      <trkpt lat="41.30874999" lon="-72.93286440">
        <time>2026-09-07T13:46:26+00:00Z</time>
      </trkpt>
      <trkpt lat="41.30873700" lon="-72.93283121">
        <time>2026-09-07T13:46:27+00:00Z</time>
      </trkpt>
      <trkpt lat="41.30873331" lon="-72.93281143">
        <time>2026-09-07T13:46:28+00:00Z</time>
      </trkpt>
      <trkpt lat="41.30872551" lon="-72.93277748">
        <time>2026-09-07T13:46:29+00:00Z</time>
      </trkpt>
      <trkpt lat="41.30872275" lon="-72.93275644">
        <time>2026-09-07T13:46:30+00:00Z</time>
      </trkpt>
      <trkpt lat="41.30872115" lon="-72.93272291">
        <time>2026-09-07T13:46:31+00:00Z</time>
      </trkpt>
      <trkpt lat="41.30871755" lon="-72.93269332">
        <time>2026-09-07T13:46:32+00:00Z</time>
      </trkpt>
      <trkpt lat="41.30871269" lon="-72.93266499">
        <time>2026-09-07T13:46:33+00:00Z</time>
      </trkpt>
      <trkpt lat="41.30870380" lon="-72.93263633">
        <time>2026-09-07T13:46:34+00:00Z</time>
      </trkpt>
      <trkpt lat="41.30869769" lon="-72.93260615">
        <time>2026-09-07T13:46:35+00:00Z</time>
      </trkpt>
      <trkpt lat="41.30869810" lon="-72.93257556">
        <time>2026-09-07T13:46:36+00:00Z</time>
      </trkpt>
      <trkpt lat="41.30869559" lon="-72.93254605">
        <time>2026-09-07T13:46:37+00:00Z</time>
      </trkpt>
      <trkpt lat="41.30869391" lon="-72.93251982">
        <time>2026-09-07T13:46:38+00:00Z</time>
      </trkpt>
      <trkpt lat="41.30869014" lon="-72.93248964">
        <time>2026-09-07T13:46:39+00:00Z</time>
      </trkpt>
      <trkpt lat="41.30868369" lon="-72.93245913">
        <time>2026-09-07T13:46:40+00:00Z</time>
      </trkpt>
      <trkpt lat="41.30867790" lon="-72.93242921">
        <time>2026-09-07T13:46:41+00:00Z</time>
      </trkpt>
      <trkpt lat="41.30867145" lon="-72.93239702">
        <time>2026-09-07T13:46:42+00:00Z</time>
      </trkpt>
      <trkpt lat="41.30865921" lon="-72.93236987">
        <time>2026-09-07T13:46:43+00:00Z</time>
      </trkpt>
      <trkpt lat="41.30864521" lon="-72.93233676">
        <time>2026-09-07T13:46:44+00:00Z</time>
      </trkpt>
      <trkpt lat="41.30863750" lon="-72.93231497">
        <time>2026-09-07T13:46:45+00:00Z</time>
      </trkpt>
      <trkpt lat="41.30862351" lon="-72.93228194">
        <time>2026-09-07T13:46:46+00:00Z</time>
      </trkpt>
      <trkpt lat="41.30861579" lon="-72.93225814">
        <time>2026-09-07T13:46:47+00:00Z</time>
      </trkpt>
      <trkpt lat="41.30860347" lon="-72.93222838">
        <time>2026-09-07T13:46:48+00:00Z</time>
      </trkpt>
      <trkpt lat="41.30859710" lon="-72.93220785">
        <time>2026-09-07T13:46:49+00:00Z</time>
      </trkpt>
      <trkpt lat="41.30858654" lon="-72.93217256">
        <time>2026-09-07T13:46:50+00:00Z</time>
      </trkpt>
      <trkpt lat="41.30857556" lon="-72.93214791">
        <time>2026-09-07T13:46:51+00:00Z</time>
      </trkpt>
      <trkpt lat="41.30856249" lon="-72.93211715">
        <time>2026-09-07T13:46:52+00:00Z</time>
      </trkpt>
      <trkpt lat="41.30854849" lon="-72.93209553">
        <time>2026-09-07T13:46:53+00:00Z</time>
      </trkpt>
      <trkpt lat="41.30853591" lon="-72.93206493">
        <time>2026-09-07T13:46:54+00:00Z</time>
      </trkpt>
      <trkpt lat="41.30852351" lon="-72.93204666">
        <time>2026-09-07T13:46:55+00:00Z</time>
      </trkpt>
      <trkpt lat="41.30851052" lon="-72.93201464">
        <time>2026-09-07T13:46:56+00:00Z</time>
      </trkpt>
      <trkpt lat="41.30850381" lon="-72.93199101">
        <time>2026-09-07T13:46:57+00:00Z</time>
      </trkpt>
      <trkpt lat="41.30849250" lon="-72.93195848">
        <time>2026-09-07T13:46:58+00:00Z</time>
      </trkpt>
      <trkpt lat="41.30848336" lon="-72.93193275">
        <time>2026-09-07T13:46:59+00:00Z</time>
      </trkpt>
      <trkpt lat="41.30847154" lon="-72.93189771">
        <time>2026-09-07T13:47:00+00:00Z</time>
      </trkpt>
      <trkpt lat="41.30846106" lon="-72.93187584">
        <time>2026-09-07T13:47:01+00:00Z</time>
      </trkpt>
      <trkpt lat="41.30845553" lon="-72.93184273">
        <time>2026-09-07T13:47:02+00:00Z</time>
      </trkpt>
      <trkpt lat="41.30844698" lon="-72.93181297">
        <time>2026-09-07T13:47:03+00:00Z</time>
      </trkpt>
      <trkpt lat="41.30844464" lon="-72.93177702">
        <time>2026-09-07T13:47:04+00:00Z</time>
      </trkpt>
      <trkpt lat="41.30844011" lon="-72.93174718">
        <time>2026-09-07T13:47:05+00:00Z</time>
      </trkpt>
      <trkpt lat="41.30843625" lon="-72.93171524">
        <time>2026-09-07T13:47:06+00:00Z</time>
      </trkpt>
      <trkpt lat="41.30843240" lon="-72.93168590">
        <time>2026-09-07T13:47:07+00:00Z</time>
      </trkpt>
      <trkpt lat="41.30843081" lon="-72.93165850">
        <time>2026-09-07T13:47:08+00:00Z</time>
      </trkpt>
      <trkpt lat="41.30842393" lon="-72.93162832">
        <time>2026-09-07T13:47:09+00:00Z</time>
      </trkpt>
      <trkpt lat="41.30841513" lon="-72.93159965">
        <time>2026-09-07T13:47:10+00:00Z</time>
      </trkpt>
      <trkpt lat="41.30841077" lon="-72.93156730">
        <time>2026-09-07T13:47:11+00:00Z</time>
      </trkpt>
      <trkpt lat="41.30840667" lon="-72.93153813">
        <time>2026-09-07T13:47:12+00:00Z</time>
      </trkpt>
      <trkpt lat="41.30839552" lon="-72.93150972">
        <time>2026-09-07T13:47:13+00:00Z</time>
      </trkpt>
      <trkpt lat="41.30838244" lon="-72.93148784">
        <time>2026-09-07T13:47:14+00:00Z</time>
      </trkpt>
      <trkpt lat="41.30836911" lon="-72.93146244">
        <time>2026-09-07T13:47:15+00:00Z</time>
      </trkpt>
      <trkpt lat="41.30836115" lon="-72.93144191">
        <time>2026-09-07T13:47:16+00:00Z</time>
      </trkpt>
      <trkpt lat="41.30835487" lon="-72.93141064">
        <time>2026-09-07T13:47:17+00:00Z</time>
      </trkpt>
      <trkpt lat="41.30834598" lon="-72.93138902">
        <time>2026-09-07T13:47:18+00:00Z</time>
      </trkpt>
      <trkpt lat="41.30833953" lon="-72.93135557">
        <time>2026-09-07T13:47:19+00:00Z</time>
      </trkpt>
      <trkpt lat="41.30833081" lon="-72.93133462">
        <time>2026-09-07T13:47:20+00:00Z</time>
      </trkpt>
      <trkpt lat="41.30832159" lon="-72.93130562">
        <time>2026-09-07T13:47:21+00:00Z</time>
      </trkpt>
      <trkpt lat="41.30831153" lon="-72.93127838">
        <time>2026-09-07T13:47:22+00:00Z</time>
      </trkpt>
      <trkpt lat="41.30830256" lon="-72.93125331">
        <time>2026-09-07T13:47:23+00:00Z</time>
      </trkpt>
      <trkpt lat="41.30829276" lon="-72.93122414">
        <time>2026-09-07T13:47:24+00:00Z</time>
      </trkpt>
      <trkpt lat="41.30828890" lon="-72.93118752">
        <time>2026-09-07T13:47:25+00:00Z</time>
      </trkpt>
      <trkpt lat="41.30828178" lon="-72.93116639">
        <time>2026-09-07T13:47:26+00:00Z</time>
      </trkpt>
      <trkpt lat="41.30827608" lon="-72.93113555">
        <time>2026-09-07T13:47:27+00:00Z</time>
      </trkpt>
      <trkpt lat="41.30827147" lon="-72.93111426">
        <time>2026-09-07T13:47:28+00:00Z</time>
      </trkpt>
      <trkpt lat="41.30826158" lon="-72.93108526">
        <time>2026-09-07T13:47:29+00:00Z</time>
      </trkpt>
      <trkpt lat="41.30825462" lon="-72.93106296">
        <time>2026-09-07T13:47:30+00:00Z</time>
      </trkpt>
      <trkpt lat="41.30824615" lon="-72.93103388">
        <time>2026-09-07T13:47:31+00:00Z</time>
      </trkpt>
      <trkpt lat="41.30823702" lon="-72.93101200">
        <time>2026-09-07T13:47:32+00:00Z</time>
      </trkpt>
      <trkpt lat="41.30822687" lon="-72.93097914">
        <time>2026-09-07T13:47:33+00:00Z</time>
      </trkpt>
      <trkpt lat="41.30821983" lon="-72.93095358">
        <time>2026-09-07T13:47:34+00:00Z</time>
      </trkpt>
      <trkpt lat="41.30820927" lon="-72.93092399">
        <time>2026-09-07T13:47:35+00:00Z</time>
      </trkpt>
      <trkpt lat="41.30819737" lon="-72.93090194">
        <time>2026-09-07T13:47:36+00:00Z</time>
      </trkpt>
      <trkpt lat="41.30818463" lon="-72.93087848">
        <time>2026-09-07T13:47:37+00:00Z</time>
      </trkpt>
      <trkpt lat="41.30817608" lon="-72.93085400">
        <time>2026-09-07T13:47:38+00:00Z</time>
      </trkpt>
      <trkpt lat="41.30816485" lon="-72.93082818">
        <time>2026-09-07T13:47:39+00:00Z</time>
      </trkpt>
      <trkpt lat="41.30815605" lon="-72.93080455">
        <time>2026-09-07T13:47:40+00:00Z</time>
      </trkpt>
      <trkpt lat="41.30814540" lon="-72.93078116">
        <time>2026-09-07T13:47:41+00:00Z</time>
      </trkpt>
      <trkpt lat="41.30813484" lon="-72.93075392">
        <time>2026-09-07T13:47:42+00:00Z</time>
      </trkpt>
      <trkpt lat="41.30812428" lon="-72.93073590">
        <time>2026-09-07T13:47:43+00:00Z</time>
      </trkpt>
      <trkpt lat="41.30810970" lon="-72.93070547">
        <time>2026-09-07T13:47:44+00:00Z</time>
      </trkpt>
      <trkpt lat="41.30809662" lon="-72.93068829">
        <time>2026-09-07T13:47:45+00:00Z</time>
      </trkpt>
      <trkpt lat="41.30808036" lon="-72.93065627">
        <time>2026-09-07T13:47:46+00:00Z</time>
      </trkpt>
      <trkpt lat="41.30806862" lon="-72.93063280">
        <time>2026-09-07T13:47:47+00:00Z</time>
      </trkpt>
      <trkpt lat="41.30804926" lon="-72.93059408">
        <time>2026-09-07T13:47:48+00:00Z</time>
      </trkpt>
      <trkpt lat="41.30803568" lon="-72.93056717">
        <time>2026-09-07T13:47:49+00:00Z</time>
      </trkpt>
      <trkpt lat="41.30802386" lon="-72.93053272">
        <time>2026-09-07T13:47:50+00:00Z</time>
      </trkpt>
      <trkpt lat="41.30801749" lon="-72.93050255">
        <time>2026-09-07T13:47:51+00:00Z</time>
      </trkpt>
      <trkpt lat="41.30800853" lon="-72.93046952">
        <time>2026-09-07T13:47:52+00:00Z</time>
      </trkpt>
      <trkpt lat="41.30800492" lon="-72.93043775">
        <time>2026-09-07T13:47:53+00:00Z</time>
      </trkpt>
      <trkpt lat="41.30799386" lon="-72.93040699">
        <time>2026-09-07T13:47:54+00:00Z</time>
      </trkpt>
      <trkpt lat="41.30798128" lon="-72.93037590">
        <time>2026-09-07T13:47:55+00:00Z</time>
      </trkpt>
      <trkpt lat="41.30797190" lon="-72.93035159">
        <time>2026-09-07T13:47:56+00:00Z</time>
      </trkpt>
      <trkpt lat="41.30795564" lon="-72.93031731">
        <time>2026-09-07T13:47:57+00:00Z</time>
      </trkpt>
      <trkpt lat="41.30794700" lon="-72.93029409">
        <time>2026-09-07T13:47:58+00:00Z</time>
      </trkpt>
      <trkpt lat="41.30793460" lon="-72.93025553">
        <time>2026-09-07T13:47:59+00:00Z</time>
      </trkpt>
      <trkpt lat="41.30792865" lon="-72.93023265">
        <time>2026-09-07T13:48:00+00:00Z</time>
      </trkpt>
      <trkpt lat="41.30791968" lon="-72.93019460">
        <time>2026-09-07T13:48:01+00:00Z</time>
      </trkpt>
      <trkpt lat="41.30791339" lon="-72.93016953">
        <time>2026-09-07T13:48:02+00:00Z</time>
      </trkpt>
      <trkpt lat="41.30790291" lon="-72.93013584">
        <time>2026-09-07T13:48:03+00:00Z</time>
      </trkpt>
      <trkpt lat="41.30790040" lon="-72.93010650">
        <time>2026-09-07T13:48:04+00:00Z</time>
      </trkpt>
      <trkpt lat="41.30788975" lon="-72.93007197">
        <time>2026-09-07T13:48:05+00:00Z</time>
      </trkpt>
      <trkpt lat="41.30788431" lon="-72.93004774">
        <time>2026-09-07T13:48:06+00:00Z</time>
      </trkpt>
      <trkpt lat="41.30787265" lon="-72.93001363">
        <time>2026-09-07T13:48:07+00:00Z</time>
      </trkpt>
      <trkpt lat="41.30786511" lon="-72.92998907">
        <time>2026-09-07T13:48:08+00:00Z</time>
      </trkpt>
      <trkpt lat="41.30785765" lon="-72.92996074">
        <time>2026-09-07T13:48:09+00:00Z</time>
      </trkpt>
      <trkpt lat="41.30785053" lon="-72.92993501">
        <time>2026-09-07T13:48:10+00:00Z</time>
      </trkpt>
      <trkpt lat="41.30784064" lon="-72.92990844">
        <time>2026-09-07T13:48:11+00:00Z</time>
      </trkpt>
      <trkpt lat="41.30782815" lon="-72.92988044">
        <time>2026-09-07T13:48:12+00:00Z</time>
      </trkpt>
      <trkpt lat="41.30781465" lon="-72.92985697">
        <time>2026-09-07T13:48:13+00:00Z</time>
      </trkpt>
      <trkpt lat="41.30780317" lon="-72.92982780">
        <time>2026-09-07T13:48:14+00:00Z</time>
      </trkpt>
      <trkpt lat="41.30779663" lon="-72.92980492">
        <time>2026-09-07T13:48:15+00:00Z</time>
      </trkpt>
      <trkpt lat="41.30778347" lon="-72.92977299">
        <time>2026-09-07T13:48:16+00:00Z</time>
      </trkpt>
      <trkpt lat="41.30777643" lon="-72.92975153">
        <time>2026-09-07T13:48:17+00:00Z</time>
      </trkpt>
      <trkpt lat="41.30776419" lon="-72.92971767">
        <time>2026-09-07T13:48:18+00:00Z</time>
      </trkpt>
      <trkpt lat="41.30775355" lon="-72.92969235">
        <time>2026-09-07T13:48:19+00:00Z</time>
      </trkpt>
      <trkpt lat="41.30774081" lon="-72.92966318">
        <time>2026-09-07T13:48:20+00:00Z</time>
      </trkpt>
      <trkpt lat="41.30773058" lon="-72.92963946">
        <time>2026-09-07T13:48:21+00:00Z</time>
      </trkpt>
      <trkpt lat="41.30771818" lon="-72.92961415">
        <time>2026-09-07T13:48:22+00:00Z</time>
      </trkpt>
      <trkpt lat="41.30770996" lon="-72.92958900">
        <time>2026-09-07T13:48:23+00:00Z</time>
      </trkpt>
      <trkpt lat="41.30769756" lon="-72.92956444">
        <time>2026-09-07T13:48:24+00:00Z</time>
      </trkpt>
      <trkpt lat="41.30768314" lon="-72.92953963">
        <time>2026-09-07T13:48:25+00:00Z</time>
      </trkpt>
      <trkpt lat="41.30767476" lon="-72.92951298">
        <time>2026-09-07T13:48:26+00:00Z</time>
      </trkpt>
      <trkpt lat="41.30766143" lon="-72.92948758">
        <time>2026-09-07T13:48:27+00:00Z</time>
      </trkpt>
      <trkpt lat="41.30765615" lon="-72.92946168">
        <time>2026-09-07T13:48:28+00:00Z</time>
      </trkpt>
      <trkpt lat="41.30764710" lon="-72.92943344">
        <time>2026-09-07T13:48:29+00:00Z</time>
      </trkpt>
      <trkpt lat="41.30763947" lon="-72.92940930">
        <time>2026-09-07T13:48:30+00:00Z</time>
      </trkpt>
      <trkpt lat="41.30762103" lon="-72.92938029">
        <time>2026-09-07T13:48:31+00:00Z</time>
      </trkpt>
      <trkpt lat="41.30761080" lon="-72.92935112">
        <time>2026-09-07T13:48:32+00:00Z</time>
      </trkpt>
      <trkpt lat="41.30759580" lon="-72.92931902">
        <time>2026-09-07T13:48:33+00:00Z</time>
      </trkpt>
      <trkpt lat="41.30758482" lon="-72.92929413">
        <time>2026-09-07T13:48:34+00:00Z</time>
      </trkpt>
      <trkpt lat="41.30757082" lon="-72.92926278">
        <time>2026-09-07T13:48:35+00:00Z</time>
      </trkpt>
      <trkpt lat="41.30755875" lon="-72.92923537">
        <time>2026-09-07T13:48:36+00:00Z</time>
      </trkpt>
      <trkpt lat="41.30754484" lon="-72.92920805">
        <time>2026-09-07T13:48:37+00:00Z</time>
      </trkpt>
      <trkpt lat="41.30752824" lon="-72.92918022">
        <time>2026-09-07T13:48:38+00:00Z</time>
      </trkpt>
      <trkpt lat="41.30751718" lon="-72.92915784">
        <time>2026-09-07T13:48:39+00:00Z</time>
      </trkpt>
      <trkpt lat="41.30750100" lon="-72.92912398">
        <time>2026-09-07T13:48:40+00:00Z</time>
      </trkpt>
      <trkpt lat="41.30749002" lon="-72.92909925">
        <time>2026-09-07T13:48:41+00:00Z</time>
      </trkpt>
      <trkpt lat="41.30747678" lon="-72.92906991">
        <time>2026-09-07T13:48:42+00:00Z</time>
      </trkpt>
      <trkpt lat="41.30746479" lon="-72.92904477">
        <time>2026-09-07T13:48:43+00:00Z</time>
      </trkpt>
      <trkpt lat="41.30745004" lon="-72.92901543">
        <time>2026-09-07T13:48:44+00:00Z</time>
      </trkpt>
      <trkpt lat="41.30744132" lon="-72.92899380">
        <time>2026-09-07T13:48:45+00:00Z</time>
      </trkpt>
      <trkpt lat="41.30742716" lon="-72.92896455">
        <time>2026-09-07T13:48:46+00:00Z</time>
      </trkpt>
      <trkpt lat="41.30741609" lon="-72.92893865">
        <time>2026-09-07T13:48:47+00:00Z</time>
      </trkpt>
      <trkpt lat="41.30740427" lon="-72.92890253">
        <time>2026-09-07T13:48:48+00:00Z</time>
      </trkpt>
      <trkpt lat="41.30739313" lon="-72.92887017">
        <time>2026-09-07T13:48:49+00:00Z</time>
      </trkpt>
      <trkpt lat="41.30738005" lon="-72.92884695">
        <time>2026-09-07T13:48:50+00:00Z</time>
      </trkpt>
      <trkpt lat="41.30736991" lon="-72.92882214">
        <time>2026-09-07T13:48:51+00:00Z</time>
      </trkpt>
      <trkpt lat="41.30736186" lon="-72.92879297">
        <time>2026-09-07T13:48:52+00:00Z</time>
      </trkpt>
      <trkpt lat="41.30735055" lon="-72.92876548">
        <time>2026-09-07T13:48:53+00:00Z</time>
      </trkpt>
      <trkpt lat="41.30734300" lon="-72.92873824">
        <time>2026-09-07T13:48:54+00:00Z</time>
      </trkpt>
      <trkpt lat="41.30733185" lon="-72.92870739">
        <time>2026-09-07T13:48:55+00:00Z</time>
      </trkpt>
      <trkpt lat="41.30732188" lon="-72.92868376">
        <time>2026-09-07T13:48:56+00:00Z</time>
      </trkpt>
      <trkpt lat="41.30731006" lon="-72.92865492">
        <time>2026-09-07T13:48:57+00:00Z</time>
      </trkpt>
      <trkpt lat="41.30730201" lon="-72.92862802">
        <time>2026-09-07T13:48:58+00:00Z</time>
      </trkpt>
      <trkpt lat="41.30728953" lon="-72.92860027">
        <time>2026-09-07T13:48:59+00:00Z</time>
      </trkpt>
      <trkpt lat="41.30727796" lon="-72.92857530">
        <time>2026-09-07T13:49:00+00:00Z</time>
      </trkpt>
      <trkpt lat="41.30726899" lon="-72.92854864">
        <time>2026-09-07T13:49:01+00:00Z</time>
      </trkpt>
      <trkpt lat="41.30725197" lon="-72.92851629">
        <time>2026-09-07T13:49:02+00:00Z</time>
      </trkpt>
      <trkpt lat="41.30724376" lon="-72.92848972">
        <time>2026-09-07T13:49:03+00:00Z</time>
      </trkpt>
      <trkpt lat="41.30723353" lon="-72.92845812">
        <time>2026-09-07T13:49:04+00:00Z</time>
      </trkpt>
      <trkpt lat="41.30722725" lon="-72.92843431">
        <time>2026-09-07T13:49:05+00:00Z</time>
      </trkpt>
      <trkpt lat="41.30720822" lon="-72.92840296">
        <time>2026-09-07T13:49:06+00:00Z</time>
      </trkpt>
      <trkpt lat="41.30719749" lon="-72.92837949">
        <time>2026-09-07T13:49:07+00:00Z</time>
      </trkpt>
      <trkpt lat="41.30718467" lon="-72.92835217">
        <time>2026-09-07T13:49:08+00:00Z</time>
      </trkpt>
      <trkpt lat="41.30717679" lon="-72.92832753">
        <time>2026-09-07T13:49:09+00:00Z</time>
      </trkpt>
      <trkpt lat="41.30716807" lon="-72.92829903">
        <time>2026-09-07T13:49:10+00:00Z</time>
      </trkpt>
      <trkpt lat="41.30715885" lon="-72.92826667">
        <time>2026-09-07T13:49:11+00:00Z</time>
      </trkpt>
      <trkpt lat="41.30714695" lon="-72.92824656">
        <time>2026-09-07T13:49:12+00:00Z</time>
      </trkpt>
      <trkpt lat="41.30713362" lon="-72.92821362">
        <time>2026-09-07T13:49:13+00:00Z</time>
      </trkpt>
      <trkpt lat="41.30712910" lon="-72.92819283">
        <time>2026-09-07T13:49:14+00:00Z</time>
      </trkpt>
      <trkpt lat="41.30711988" lon="-72.92816014">
        <time>2026-09-07T13:49:15+00:00Z</time>
      </trkpt>
      <trkpt lat="41.30711040" lon="-72.92813608">
        <time>2026-09-07T13:49:16+00:00Z</time>
      </trkpt>
      <trkpt lat="41.30709917" lon="-72.92810013">
        <time>2026-09-07T13:49:17+00:00Z</time>
      </trkpt>
      <trkpt lat="41.30709079" lon="-72.92807540">
        <time>2026-09-07T13:49:18+00:00Z</time>
      </trkpt>
      <trkpt lat="41.30707629" lon="-72.92804313">
        <time>2026-09-07T13:49:19+00:00Z</time>
      </trkpt>
      <trkpt lat="41.30706724" lon="-72.92801958">
        <time>2026-09-07T13:49:20+00:00Z</time>
      </trkpt>
      <trkpt lat="41.30705844" lon="-72.92798965">
        <time>2026-09-07T13:49:21+00:00Z</time>
      </trkpt>
      <trkpt lat="41.30704955" lon="-72.92796593">
        <time>2026-09-07T13:49:22+00:00Z</time>
      </trkpt>
      <trkpt lat="41.30703748" lon="-72.92793391">
        <time>2026-09-07T13:49:23+00:00Z</time>
      </trkpt>
      <trkpt lat="41.30702726" lon="-72.92790072">
        <time>2026-09-07T13:49:24+00:00Z</time>
      </trkpt>
      <trkpt lat="41.30701426" lon="-72.92786728">
        <time>2026-09-07T13:49:25+00:00Z</time>
      </trkpt>
      <trkpt lat="41.30700219" lon="-72.92783584">
        <time>2026-09-07T13:49:26+00:00Z</time>
      </trkpt>
      <trkpt lat="41.30699130" lon="-72.92780877">
        <time>2026-09-07T13:49:27+00:00Z</time>
      </trkpt>
      <trkpt lat="41.30697747" lon="-72.92777625">
        <time>2026-09-07T13:49:28+00:00Z</time>
      </trkpt>
      <trkpt lat="41.30697076" lon="-72.92775320">
        <time>2026-09-07T13:49:29+00:00Z</time>
      </trkpt>
      <trkpt lat="41.30696045" lon="-72.92772571">
        <time>2026-09-07T13:49:30+00:00Z</time>
      </trkpt>
      <trkpt lat="41.30694989" lon="-72.92769964">
        <time>2026-09-07T13:49:31+00:00Z</time>
      </trkpt>
      <trkpt lat="41.30693648" lon="-72.92767223">
        <time>2026-09-07T13:49:32+00:00Z</time>
      </trkpt>
      <trkpt lat="41.30692433" lon="-72.92765169">
        <time>2026-09-07T13:49:33+00:00Z</time>
      </trkpt>
      <trkpt lat="41.30690999" lon="-72.92762588">
        <time>2026-09-07T13:49:34+00:00Z</time>
      </trkpt>
      <trkpt lat="41.30690069" lon="-72.92760216">
        <time>2026-09-07T13:49:35+00:00Z</time>
      </trkpt>
      <trkpt lat="41.30688644" lon="-72.92758271">
        <time>2026-09-07T13:49:36+00:00Z</time>
      </trkpt>
      <trkpt lat="41.30687454" lon="-72.92755488">
        <time>2026-09-07T13:49:37+00:00Z</time>
      </trkpt>
      <trkpt lat="41.30686247" lon="-72.92752689">
        <time>2026-09-07T13:49:38+00:00Z</time>
      </trkpt>
      <trkpt lat="41.30685132" lon="-72.92750585">
        <time>2026-09-07T13:49:39+00:00Z</time>
      </trkpt>
      <trkpt lat="41.30683891" lon="-72.92748028">
        <time>2026-09-07T13:49:40+00:00Z</time>
      </trkpt>
      <trkpt lat="41.30682190" lon="-72.92745472">
        <time>2026-09-07T13:49:41+00:00Z</time>
      </trkpt>
      <trkpt lat="41.30681033" lon="-72.92742781">
        <time>2026-09-07T13:49:42+00:00Z</time>
      </trkpt>
      <trkpt lat="41.30680178" lon="-72.92740124">
        <time>2026-09-07T13:49:43+00:00Z</time>
      </trkpt>
      <trkpt lat="41.30679592" lon="-72.92737727">
        <time>2026-09-07T13:49:44+00:00Z</time>
      </trkpt>
      <trkpt lat="41.30678083" lon="-72.92734324">
        <time>2026-09-07T13:49:45+00:00Z</time>
      </trkpt>
      <trkpt lat="41.30677287" lon="-72.92732371">
        <time>2026-09-07T13:49:46+00:00Z</time>
      </trkpt>
      <trkpt lat="41.30675803" lon="-72.92729085">
        <time>2026-09-07T13:49:47+00:00Z</time>
      </trkpt>
      <trkpt lat="41.30674839" lon="-72.92726764">
        <time>2026-09-07T13:49:48+00:00Z</time>
      </trkpt>
      <trkpt lat="41.30673104" lon="-72.92723461">
        <time>2026-09-07T13:49:49+00:00Z</time>
      </trkpt>
      <trkpt lat="41.30672308" lon="-72.92720695">
        <time>2026-09-07T13:49:50+00:00Z</time>
      </trkpt>
      <trkpt lat="41.30670916" lon="-72.92717376">
        <time>2026-09-07T13:49:51+00:00Z</time>
      </trkpt>
      <trkpt lat="41.30669978" lon="-72.92714518">
        <time>2026-09-07T13:49:52+00:00Z</time>
      </trkpt>
      <trkpt lat="41.30668578" lon="-72.92712028">
        <time>2026-09-07T13:49:53+00:00Z</time>
      </trkpt>
      <trkpt lat="41.30667597" lon="-72.92709053">
        <time>2026-09-07T13:49:54+00:00Z</time>
      </trkpt>
      <trkpt lat="41.30666214" lon="-72.92707368">
        <time>2026-09-07T13:49:55+00:00Z</time>
      </trkpt>
      <trkpt lat="41.30664647" lon="-72.92704233">
        <time>2026-09-07T13:49:56+00:00Z</time>
      </trkpt>
      <trkpt lat="41.30663373" lon="-72.92701785">
        <time>2026-09-07T13:49:57+00:00Z</time>
      </trkpt>
      <trkpt lat="41.30662023" lon="-72.92698223">
        <time>2026-09-07T13:49:58+00:00Z</time>
      </trkpt>
      <trkpt lat="41.30661512" lon="-72.92695650">
        <time>2026-09-07T13:49:59+00:00Z</time>
      </trkpt>
      <trkpt lat="41.30660372" lon="-72.92692306">
        <time>2026-09-07T13:50:00+00:00Z</time>
      </trkpt>
      <trkpt lat="41.30659467" lon="-72.92689573">
        <time>2026-09-07T13:50:01+00:00Z</time>
      </trkpt>
      <trkpt lat="41.30658293" lon="-72.92686648">
        <time>2026-09-07T13:50:02+00:00Z</time>
      </trkpt>
      <trkpt lat="41.30657120" lon="-72.92683865">
        <time>2026-09-07T13:50:03+00:00Z</time>
      </trkpt>
      <trkpt lat="41.30655971" lon="-72.92681769">
        <time>2026-09-07T13:50:04+00:00Z</time>
      </trkpt>
      <trkpt lat="41.30654370" lon="-72.92678534">
        <time>2026-09-07T13:50:05+00:00Z</time>
      </trkpt>
      <trkpt lat="41.30653147" lon="-72.92676179">
        <time>2026-09-07T13:50:06+00:00Z</time>
      </trkpt>
      <trkpt lat="41.30651797" lon="-72.92673413">
        <time>2026-09-07T13:50:07+00:00Z</time>
      </trkpt>
      <trkpt lat="41.30651093" lon="-72.92671133">
        <time>2026-09-07T13:50:08+00:00Z</time>
      </trkpt>
      <trkpt lat="41.30649576" lon="-72.92668434">
        <time>2026-09-07T13:50:09+00:00Z</time>
      </trkpt>
      <trkpt lat="41.30648872" lon="-72.92666472">
        <time>2026-09-07T13:50:10+00:00Z</time>
      </trkpt>
      <trkpt lat="41.30647531" lon="-72.92664226">
        <time>2026-09-07T13:50:11+00:00Z</time>
      </trkpt>
      <trkpt lat="41.30646458" lon="-72.92661938">
        <time>2026-09-07T13:50:12+00:00Z</time>
      </trkpt>
      <trkpt lat="41.30645301" lon="-72.92659658">
        <time>2026-09-07T13:50:13+00:00Z</time>
      </trkpt>
      <trkpt lat="41.30644161" lon="-72.92656205">
        <time>2026-09-07T13:50:14+00:00Z</time>
      </trkpt>
      <trkpt lat="41.30642837" lon="-72.92654059">
        <time>2026-09-07T13:50:15+00:00Z</time>
      </trkpt>
      <trkpt lat="41.30641395" lon="-72.92650798">
        <time>2026-09-07T13:50:16+00:00Z</time>
      </trkpt>
      <trkpt lat="41.30640440" lon="-72.92648418">
        <time>2026-09-07T13:50:17+00:00Z</time>
      </trkpt>
      <trkpt lat="41.30639115" lon="-72.92645191">
        <time>2026-09-07T13:50:18+00:00Z</time>
      </trkpt>
      <trkpt lat="41.30638143" lon="-72.92643280">
        <time>2026-09-07T13:50:19+00:00Z</time>
      </trkpt>
      <trkpt lat="41.30636961" lon="-72.92640732">
        <time>2026-09-07T13:50:20+00:00Z</time>
      </trkpt>
      <trkpt lat="41.30635947" lon="-72.92638133">
        <time>2026-09-07T13:50:21+00:00Z</time>
      </trkpt>
      <trkpt lat="41.30634438" lon="-72.92635962">
        <time>2026-09-07T13:50:22+00:00Z</time>
      </trkpt>
      <trkpt lat="41.30633131" lon="-72.92633272">
        <time>2026-09-07T13:50:23+00:00Z</time>
      </trkpt>
      <trkpt lat="41.30631865" lon="-72.92631227">
        <time>2026-09-07T13:50:24+00:00Z</time>
      </trkpt>
      <trkpt lat="41.30630155" lon="-72.92629592">
        <time>2026-09-07T13:50:25+00:00Z</time>
      </trkpt>
      <trkpt lat="41.30628739" lon="-72.92627346">
        <time>2026-09-07T13:50:26+00:00Z</time>
      </trkpt>
      <trkpt lat="41.30627263" lon="-72.92623867">
        <time>2026-09-07T13:50:27+00:00Z</time>
      </trkpt>
      <trkpt lat="41.30625763" lon="-72.92620598">
        <time>2026-09-07T13:50:28+00:00Z</time>
      </trkpt>
      <trkpt lat="41.30624740" lon="-72.92617623">
        <time>2026-09-07T13:50:29+00:00Z</time>
      </trkpt>
      <trkpt lat="41.30623517" lon="-72.92614756">
        <time>2026-09-07T13:50:30+00:00Z</time>
      </trkpt>
      <trkpt lat="41.30622553" lon="-72.92611906">
        <time>2026-09-07T13:50:31+00:00Z</time>
      </trkpt>
      <trkpt lat="41.30621555" lon="-72.92609082">
        <time>2026-09-07T13:50:32+00:00Z</time>
      </trkpt>
      <trkpt lat="41.30620508" lon="-72.92606751">
        <time>2026-09-07T13:50:33+00:00Z</time>
      </trkpt>
      <trkpt lat="41.30618446" lon="-72.92603667">
        <time>2026-09-07T13:50:34+00:00Z</time>
      </trkpt>
      <trkpt lat="41.30617725" lon="-72.92601069">
        <time>2026-09-07T13:50:35+00:00Z</time>
      </trkpt>
      <trkpt lat="41.30616392" lon="-72.92597523">
        <time>2026-09-07T13:50:36+00:00Z</time>
      </trkpt>
      <trkpt lat="41.30615579" lon="-72.92595034">
        <time>2026-09-07T13:50:37+00:00Z</time>
      </trkpt>
      <trkpt lat="41.30614037" lon="-72.92591538">
        <time>2026-09-07T13:50:38+00:00Z</time>
      </trkpt>
      <trkpt lat="41.30613207" lon="-72.92588755">
        <time>2026-09-07T13:50:39+00:00Z</time>
      </trkpt>
      <trkpt lat="41.30612092" lon="-72.92585587">
        <time>2026-09-07T13:50:40+00:00Z</time>
      </trkpt>
      <trkpt lat="41.30611128" lon="-72.92582746">
        <time>2026-09-07T13:50:41+00:00Z</time>
      </trkpt>
      <trkpt lat="41.30610500" lon="-72.92579611">
        <time>2026-09-07T13:50:42+00:00Z</time>
      </trkpt>
      <trkpt lat="41.30609787" lon="-72.92576753">
        <time>2026-09-07T13:50:43+00:00Z</time>
      </trkpt>
      <trkpt lat="41.30608672" lon="-72.92574179">
        <time>2026-09-07T13:50:44+00:00Z</time>
      </trkpt>
      <trkpt lat="41.30607524" lon="-72.92571438">
        <time>2026-09-07T13:50:45+00:00Z</time>
      </trkpt>
      <trkpt lat="41.30605864" lon="-72.92568932">
        <time>2026-09-07T13:50:46+00:00Z</time>
      </trkpt>
      <trkpt lat="41.30604699" lon="-72.92566543">
        <time>2026-09-07T13:50:47+00:00Z</time>
      </trkpt>
      <trkpt lat="41.30603383" lon="-72.92564020">
        <time>2026-09-07T13:50:48+00:00Z</time>
      </trkpt>
      <trkpt lat="41.30602109" lon="-72.92561372">
        <time>2026-09-07T13:50:49+00:00Z</time>
      </trkpt>
      <trkpt lat="41.30601137" lon="-72.92558807">
        <time>2026-09-07T13:50:50+00:00Z</time>
      </trkpt>
      <trkpt lat="41.30600173" lon="-72.92556016">
        <time>2026-09-07T13:50:51+00:00Z</time>
      </trkpt>
      <trkpt lat="41.30599452" lon="-72.92553401">
        <time>2026-09-07T13:50:52+00:00Z</time>
      </trkpt>
      <trkpt lat="41.30597943" lon="-72.92551967">
        <time>2026-09-07T13:50:53+00:00Z</time>
      </trkpt>
      <trkpt lat="41.30596804" lon="-72.92550039">
        <time>2026-09-07T13:50:54+00:00Z</time>
      </trkpt>
      <trkpt lat="41.30595823" lon="-72.92547768">
        <time>2026-09-07T13:50:55+00:00Z</time>
      </trkpt>
      <trkpt lat="41.30594507" lon="-72.92545337">
        <time>2026-09-07T13:50:56+00:00Z</time>
      </trkpt>
      <trkpt lat="41.30593099" lon="-72.92544013">
        <time>2026-09-07T13:50:57+00:00Z</time>
      </trkpt>
      <trkpt lat="41.30591741" lon="-72.92540987">
        <time>2026-09-07T13:50:58+00:00Z</time>
      </trkpt>
      <trkpt lat="41.30590249" lon="-72.92539202">
        <time>2026-09-07T13:50:59+00:00Z</time>
      </trkpt>
      <trkpt lat="41.30588422" lon="-72.92535723">
        <time>2026-09-07T13:51:00+00:00Z</time>
      </trkpt>
      <trkpt lat="41.30586930" lon="-72.92533753">
        <time>2026-09-07T13:51:01+00:00Z</time>
      </trkpt>
      <trkpt lat="41.30585094" lon="-72.92531113">
        <time>2026-09-07T13:51:02+00:00Z</time>
      </trkpt>
      <trkpt lat="41.30584013" lon="-72.92528733">
        <time>2026-09-07T13:51:03+00:00Z</time>
      </trkpt>
      <trkpt lat="41.30582395" lon="-72.92526579">
        <time>2026-09-07T13:51:04+00:00Z</time>
      </trkpt>
      <trkpt lat="41.30580635" lon="-72.92524500">
        <time>2026-09-07T13:51:05+00:00Z</time>
      </trkpt>
      <trkpt lat="41.30579621" lon="-72.92522731">
        <time>2026-09-07T13:51:06+00:00Z</time>
      </trkpt>
      <trkpt lat="41.30577927" lon="-72.92519848">
        <time>2026-09-07T13:51:07+00:00Z</time>
      </trkpt>
      <trkpt lat="41.30577198" lon="-72.92518582">
        <time>2026-09-07T13:51:08+00:00Z</time>
      </trkpt>
      <trkpt lat="41.30575413" lon="-72.92516135">
        <time>2026-09-07T13:51:09+00:00Z</time>
      </trkpt>
      <trkpt lat="41.30574449" lon="-72.92514425">
        <time>2026-09-07T13:51:10+00:00Z</time>
      </trkpt>
      <trkpt lat="41.30573217" lon="-72.92512598">
        <time>2026-09-07T13:51:11+00:00Z</time>
      </trkpt>
      <trkpt lat="41.30571960" lon="-72.92509664">
        <time>2026-09-07T13:51:12+00:00Z</time>
      </trkpt>
      <trkpt lat="41.30570962" lon="-72.92506856">
        <time>2026-09-07T13:51:13+00:00Z</time>
      </trkpt>
      <trkpt lat="41.30569705" lon="-72.92503352">
        <time>2026-09-07T13:51:14+00:00Z</time>
      </trkpt>
      <trkpt lat="41.30568624" lon="-72.92500595">
        <time>2026-09-07T13:51:15+00:00Z</time>
      </trkpt>
      <trkpt lat="41.30567727" lon="-72.92497016">
        <time>2026-09-07T13:51:16+00:00Z</time>
      </trkpt>
      <trkpt lat="41.30567542" lon="-72.92494434">
        <time>2026-09-07T13:51:17+00:00Z</time>
      </trkpt>
      <trkpt lat="41.30566654" lon="-72.92490796">
        <time>2026-09-07T13:51:18+00:00Z</time>
      </trkpt>
      <trkpt lat="41.30566260" lon="-72.92487393">
        <time>2026-09-07T13:51:19+00:00Z</time>
      </trkpt>
      <trkpt lat="41.30565304" lon="-72.92483705">
        <time>2026-09-07T13:51:20+00:00Z</time>
      </trkpt>
      <trkpt lat="41.30563938" lon="-72.92480336">
        <time>2026-09-07T13:51:21+00:00Z</time>
      </trkpt>
      <trkpt lat="41.30563041" lon="-72.92477712">
        <time>2026-09-07T13:51:22+00:00Z</time>
      </trkpt>
      <trkpt lat="41.30561625" lon="-72.92474200">
        <time>2026-09-07T13:51:23+00:00Z</time>
      </trkpt>
      <trkpt lat="41.30560803" lon="-72.92472021">
        <time>2026-09-07T13:51:24+00:00Z</time>
      </trkpt>
      <trkpt lat="41.30559596" lon="-72.92468593">
        <time>2026-09-07T13:51:25+00:00Z</time>
      </trkpt>
      <trkpt lat="41.30558817" lon="-72.92466011">
        <time>2026-09-07T13:51:26+00:00Z</time>
      </trkpt>
      <trkpt lat="41.30558465" lon="-72.92462817">
        <time>2026-09-07T13:51:27+00:00Z</time>
      </trkpt>
      <trkpt lat="41.30557450" lon="-72.92461082">
        <time>2026-09-07T13:51:28+00:00Z</time>
      </trkpt>
      <trkpt lat="41.30556151" lon="-72.92458610">
        <time>2026-09-07T13:51:29+00:00Z</time>
      </trkpt>
      <trkpt lat="41.30555062" lon="-72.92456439">
        <time>2026-09-07T13:51:30+00:00Z</time>
      </trkpt>
      <trkpt lat="41.30553754" lon="-72.92453463">
        <time>2026-09-07T13:51:31+00:00Z</time>
      </trkpt>
      <trkpt lat="41.30552530" lon="-72.92450664">
        <time>2026-09-07T13:51:32+00:00Z</time>
      </trkpt>
      <trkpt lat="41.30551784" lon="-72.92448535">
        <time>2026-09-07T13:51:33+00:00Z</time>
      </trkpt>
      <trkpt lat="41.30550284" lon="-72.92445039">
        <time>2026-09-07T13:51:34+00:00Z</time>
      </trkpt>
      <trkpt lat="41.30549219" lon="-72.92442776">
        <time>2026-09-07T13:51:35+00:00Z</time>
      </trkpt>
      <trkpt lat="41.30547543" lon="-72.92439558">
        <time>2026-09-07T13:51:36+00:00Z</time>
      </trkpt>
      <trkpt lat="41.30546931" lon="-72.92437110">
        <time>2026-09-07T13:51:37+00:00Z</time>
      </trkpt>
      <trkpt lat="41.30545800" lon="-72.92433497">
        <time>2026-09-07T13:51:38+00:00Z</time>
      </trkpt>
      <trkpt lat="41.30545146" lon="-72.92430866">
        <time>2026-09-07T13:51:39+00:00Z</time>
      </trkpt>
      <trkpt lat="41.30543872" lon="-72.92427756">
        <time>2026-09-07T13:51:40+00:00Z</time>
      </trkpt>
      <trkpt lat="41.30543067" lon="-72.92425250">
        <time>2026-09-07T13:51:41+00:00Z</time>
      </trkpt>
      <trkpt lat="41.30542103" lon="-72.92422752">
        <time>2026-09-07T13:51:42+00:00Z</time>
      </trkpt>
      <trkpt lat="41.30540988" lon="-72.92420078">
        <time>2026-09-07T13:51:43+00:00Z</time>
      </trkpt>
      <trkpt lat="41.30540410" lon="-72.92417698">
        <time>2026-09-07T13:51:44+00:00Z</time>
      </trkpt>
      <trkpt lat="41.30539387" lon="-72.92415267">
        <time>2026-09-07T13:51:45+00:00Z</time>
      </trkpt>
      <trkpt lat="41.30538139" lon="-72.92413155">
        <time>2026-09-07T13:51:46+00:00Z</time>
      </trkpt>
      <trkpt lat="41.30536680" lon="-72.92410489">
        <time>2026-09-07T13:51:47+00:00Z</time>
      </trkpt>
      <trkpt lat="41.30535590" lon="-72.92408100">
        <time>2026-09-07T13:51:48+00:00Z</time>
      </trkpt>
      <trkpt lat="41.30534643" lon="-72.92405024">
        <time>2026-09-07T13:51:49+00:00Z</time>
      </trkpt>
      <trkpt lat="41.30534367" lon="-72.92403700">
        <time>2026-09-07T13:51:50+00:00Z</time>
      </trkpt>
      <trkpt lat="41.30533721" lon="-72.92401303">
        <time>2026-09-07T13:51:51+00:00Z</time>
      </trkpt>
      <trkpt lat="41.30532850" lon="-72.92397682">
        <time>2026-09-07T13:51:52+00:00Z</time>
      </trkpt>
      <trkpt lat="41.30532011" lon="-72.92394337">
        <time>2026-09-07T13:51:53+00:00Z</time>
      </trkpt>
      <trkpt lat="41.30531215" lon="-72.92391622">
        <time>2026-09-07T13:51:54+00:00Z</time>
      </trkpt>
      <trkpt lat="41.30531115" lon="-72.92387489">
        <time>2026-09-07T13:51:55+00:00Z</time>
      </trkpt>
      <trkpt lat="41.30530159" lon="-72.92384304">
        <time>2026-09-07T13:51:56+00:00Z</time>
      </trkpt>
      <trkpt lat="41.30529983" lon="-72.92381672">
        <time>2026-09-07T13:51:57+00:00Z</time>
      </trkpt>
      <trkpt lat="41.30528650" lon="-72.92379141">
        <time>2026-09-07T13:51:58+00:00Z</time>
      </trkpt>
      <trkpt lat="41.30527737" lon="-72.92377121">
        <time>2026-09-07T13:51:59+00:00Z</time>
      </trkpt>
      <trkpt lat="41.30527695" lon="-72.92374472">
        <time>2026-09-07T13:52:00+00:00Z</time>
      </trkpt>
      <trkpt lat="41.30527309" lon="-72.92372695">
        <time>2026-09-07T13:52:01+00:00Z</time>
      </trkpt>
      <trkpt lat="41.30526756" lon="-72.92369133">
        <time>2026-09-07T13:52:02+00:00Z</time>
      </trkpt>
      <trkpt lat="41.30526622" lon="-72.92366509">
        <time>2026-09-07T13:52:03+00:00Z</time>
      </trkpt>
      <trkpt lat="41.30525541" lon="-72.92363031">
        <time>2026-09-07T13:52:04+00:00Z</time>
      </trkpt>
      <trkpt lat="41.30524803" lon="-72.92360047">
        <time>2026-09-07T13:52:05+00:00Z</time>
      </trkpt>
      <trkpt lat="41.30523738" lon="-72.92357700">
        <time>2026-09-07T13:52:06+00:00Z</time>
      </trkpt>
      <trkpt lat="41.30522322" lon="-72.92353685">
        <time>2026-09-07T13:52:07+00:00Z</time>
      </trkpt>
      <trkpt lat="41.30521090" lon="-72.92351003">
        <time>2026-09-07T13:52:08+00:00Z</time>
      </trkpt>
      <trkpt lat="41.30519640" lon="-72.92347407">
        <time>2026-09-07T13:52:09+00:00Z</time>
      </trkpt>
      <trkpt lat="41.30518785" lon="-72.92345513">
        <time>2026-09-07T13:52:10+00:00Z</time>
      </trkpt>
      <trkpt lat="41.30517125" lon="-72.92342453">
        <time>2026-09-07T13:52:11+00:00Z</time>
      </trkpt>
      <trkpt lat="41.30515750" lon="-72.92339888">
        <time>2026-09-07T13:52:12+00:00Z</time>
      </trkpt>
      <trkpt lat="41.30514225" lon="-72.92336728">
        <time>2026-09-07T13:52:13+00:00Z</time>
      </trkpt>
      <trkpt lat="41.30512767" lon="-72.92334725">
        <time>2026-09-07T13:52:14+00:00Z</time>
      </trkpt>
      <trkpt lat="41.30511685" lon="-72.92332571">
        <time>2026-09-07T13:52:15+00:00Z</time>
      </trkpt>
      <trkpt lat="41.30510805" lon="-72.92330744">
        <time>2026-09-07T13:52:16+00:00Z</time>
      </trkpt>
      <trkpt lat="41.30509824" lon="-72.92328657">
        <time>2026-09-07T13:52:17+00:00Z</time>
      </trkpt>
      <trkpt lat="41.30508810" lon="-72.92326134">
        <time>2026-09-07T13:52:18+00:00Z</time>
      </trkpt>
      <trkpt lat="41.30508081" lon="-72.92324063">
        <time>2026-09-07T13:52:19+00:00Z</time>
      </trkpt>
      <trkpt lat="41.30506832" lon="-72.92321356">
        <time>2026-09-07T13:52:20+00:00Z</time>
      </trkpt>
      <trkpt lat="41.30505525" lon="-72.92319478">
        <time>2026-09-07T13:52:21+00:00Z</time>
      </trkpt>
      <trkpt lat="41.30504267" lon="-72.92316863">
        <time>2026-09-07T13:52:22+00:00Z</time>
      </trkpt>
      <trkpt lat="41.30503077" lon="-72.92315019">
        <time>2026-09-07T13:52:23+00:00Z</time>
      </trkpt>
      <trkpt lat="41.30501493" lon="-72.92312974">
        <time>2026-09-07T13:52:24+00:00Z</time>
      </trkpt>
      <trkpt lat="41.30499951" lon="-72.92310887">
        <time>2026-09-07T13:52:25+00:00Z</time>
      </trkpt>
      <trkpt lat="41.30498610" lon="-72.92308850">
        <time>2026-09-07T13:52:26+00:00Z</time>
      </trkpt>
      <trkpt lat="41.30497771" lon="-72.92307258">
        <time>2026-09-07T13:52:27+00:00Z</time>
      </trkpt>
      <trkpt lat="41.30496682" lon="-72.92306193">
        <time>2026-09-07T13:52:28+00:00Z</time>
      </trkpt>
      <trkpt lat="41.30495382" lon="-72.92305028">
        <time>2026-09-07T13:52:29+00:00Z</time>
      </trkpt>
      <trkpt lat="41.30493815" lon="-72.92303427">
        <time>2026-09-07T13:52:30+00:00Z</time>
      </trkpt>
      <trkpt lat="41.30492977" lon="-72.92301952">
        <time>2026-09-07T13:52:31+00:00Z</time>
      </trkpt>
      <trkpt lat="41.30492407" lon="-72.92300183">
        <time>2026-09-07T13:52:32+00:00Z</time>
      </trkpt>
      <trkpt lat="41.30491602" lon="-72.92298264">
        <time>2026-09-07T13:52:33+00:00Z</time>
      </trkpt>
      <trkpt lat="41.30490479" lon="-72.92295624">
        <time>2026-09-07T13:52:34+00:00Z</time>
      </trkpt>
      <trkpt lat="41.30489725" lon="-72.92293536">
        <time>2026-09-07T13:52:35+00:00Z</time>
      </trkpt>
      <trkpt lat="41.30488677" lon="-72.92291340">
        <time>2026-09-07T13:52:36+00:00Z</time>
      </trkpt>
      <trkpt lat="41.30487336" lon="-72.92288298">
        <time>2026-09-07T13:52:37+00:00Z</time>
      </trkpt>
      <trkpt lat="41.30486037" lon="-72.92285968">
        <time>2026-09-07T13:52:38+00:00Z</time>
      </trkpt>
      <trkpt lat="41.30484318" lon="-72.92282917">
        <time>2026-09-07T13:52:39+00:00Z</time>
      </trkpt>
      <trkpt lat="41.30483547" lon="-72.92280570">
        <time>2026-09-07T13:52:40+00:00Z</time>
      </trkpt>
      <trkpt lat="41.30482164" lon="-72.92277259">
        <time>2026-09-07T13:52:41+00:00Z</time>
      </trkpt>
      <trkpt lat="41.30481251" lon="-72.92274660">
        <time>2026-09-07T13:52:42+00:00Z</time>
      </trkpt>
      <trkpt lat="41.30479851" lon="-72.92271517">
        <time>2026-09-07T13:52:43+00:00Z</time>
      </trkpt>
      <trkpt lat="41.30478954" lon="-72.92269271">
        <time>2026-09-07T13:52:44+00:00Z</time>
      </trkpt>
      <trkpt lat="41.30477973" lon="-72.92267167">
        <time>2026-09-07T13:52:45+00:00Z</time>
      </trkpt>
      <trkpt lat="41.30476682" lon="-72.92264761">
        <time>2026-09-07T13:52:46+00:00Z</time>
      </trkpt>
      <trkpt lat="41.30475861" lon="-72.92262943">
        <time>2026-09-07T13:52:47+00:00Z</time>
      </trkpt>
      <trkpt lat="41.30474989" lon="-72.92260034">
        <time>2026-09-07T13:52:48+00:00Z</time>
      </trkpt>
      <trkpt lat="41.30474411" lon="-72.92258467">
        <time>2026-09-07T13:52:49+00:00Z</time>
      </trkpt>
      <trkpt lat="41.30473648" lon="-72.92255642">
        <time>2026-09-07T13:52:50+00:00Z</time>
      </trkpt>
      <trkpt lat="41.30472676" lon="-72.92253572">
        <time>2026-09-07T13:52:51+00:00Z</time>
      </trkpt>
      <trkpt lat="41.30471083" lon="-72.92250512">
        <time>2026-09-07T13:52:52+00:00Z</time>
      </trkpt>
      <trkpt lat="41.30470488" lon="-72.92248501">
        <time>2026-09-07T13:52:53+00:00Z</time>
      </trkpt>
      <trkpt lat="41.30468988" lon="-72.92245525">
        <time>2026-09-07T13:52:54+00:00Z</time>
      </trkpt>
      <trkpt lat="41.30468669" lon="-72.92243245">
        <time>2026-09-07T13:52:55+00:00Z</time>
      </trkpt>
      <trkpt lat="41.30467295" lon="-72.92240412">
        <time>2026-09-07T13:52:56+00:00Z</time>
      </trkpt>
      <trkpt lat="41.30466792" lon="-72.92238132">
        <time>2026-09-07T13:52:57+00:00Z</time>
      </trkpt>
      <trkpt lat="41.30465928" lon="-72.92235534">
        <time>2026-09-07T13:52:58+00:00Z</time>
      </trkpt>
      <trkpt lat="41.30465065" lon="-72.92233136">
        <time>2026-09-07T13:52:59+00:00Z</time>
      </trkpt>
      <trkpt lat="41.30464185" lon="-72.92230513">
        <time>2026-09-07T13:53:00+00:00Z</time>
      </trkpt>
      <trkpt lat="41.30463087" lon="-72.92228309">
        <time>2026-09-07T13:53:01+00:00Z</time>
      </trkpt>
      <trkpt lat="41.30462173" lon="-72.92226138">
        <time>2026-09-07T13:53:02+00:00Z</time>
      </trkpt>
      <trkpt lat="41.30460757" lon="-72.92223774">
        <time>2026-09-07T13:53:03+00:00Z</time>
      </trkpt>
      <trkpt lat="41.30460019" lon="-72.92221251">
        <time>2026-09-07T13:53:04+00:00Z</time>
      </trkpt>
      <trkpt lat="41.30458427" lon="-72.92218175">
        <time>2026-09-07T13:53:05+00:00Z</time>
      </trkpt>
      <trkpt lat="41.30457873" lon="-72.92216113">
        <time>2026-09-07T13:53:06+00:00Z</time>
      </trkpt>
      <trkpt lat="41.30456314" lon="-72.92212944">
        <time>2026-09-07T13:53:07+00:00Z</time>
      </trkpt>
      <trkpt lat="41.30455535" lon="-72.92210254">
        <time>2026-09-07T13:53:08+00:00Z</time>
      </trkpt>
      <trkpt lat="41.30454261" lon="-72.92208184">
        <time>2026-09-07T13:53:09+00:00Z</time>
      </trkpt>
      <trkpt lat="41.30453624" lon="-72.92206423">
        <time>2026-09-07T13:53:10+00:00Z</time>
      </trkpt>
      <trkpt lat="41.30452543" lon="-72.92203548">
        <time>2026-09-07T13:53:11+00:00Z</time>
      </trkpt>
      <trkpt lat="41.30451964" lon="-72.92201512">
        <time>2026-09-07T13:53:12+00:00Z</time>
      </trkpt>
      <trkpt lat="41.30451193" lon="-72.92198704">
        <time>2026-09-07T13:53:13+00:00Z</time>
      </trkpt>
      <trkpt lat="41.30450556" lon="-72.92196156">
        <time>2026-09-07T13:53:14+00:00Z</time>
      </trkpt>
      <trkpt lat="41.30449634" lon="-72.92193666">
        <time>2026-09-07T13:53:15+00:00Z</time>
      </trkpt>
      <trkpt lat="41.30448570" lon="-72.92190917">
        <time>2026-09-07T13:53:16+00:00Z</time>
      </trkpt>
      <trkpt lat="41.30447706" lon="-72.92188603">
        <time>2026-09-07T13:53:17+00:00Z</time>
      </trkpt>
      <trkpt lat="41.30446608" lon="-72.92186013">
        <time>2026-09-07T13:53:18+00:00Z</time>
      </trkpt>
      <trkpt lat="41.30445569" lon="-72.92183708">
        <time>2026-09-07T13:53:19+00:00Z</time>
      </trkpt>
      <trkpt lat="41.30443985" lon="-72.92180154">
        <time>2026-09-07T13:53:20+00:00Z</time>
      </trkpt>
      <trkpt lat="41.30442903" lon="-72.92177883">
        <time>2026-09-07T13:53:21+00:00Z</time>
      </trkpt>
      <trkpt lat="41.30441596" lon="-72.92174865">
        <time>2026-09-07T13:53:22+00:00Z</time>
      </trkpt>
      <trkpt lat="41.30440791" lon="-72.92172217">
        <time>2026-09-07T13:53:23+00:00Z</time>
      </trkpt>
      <trkpt lat="41.30439727" lon="-72.92169660">
        <time>2026-09-07T13:53:24+00:00Z</time>
      </trkpt>
      <trkpt lat="41.30438696" lon="-72.92166207">
        <time>2026-09-07T13:53:25+00:00Z</time>
      </trkpt>
      <trkpt lat="41.30438302" lon="-72.92163919">
        <time>2026-09-07T13:53:26+00:00Z</time>
      </trkpt>
      <trkpt lat="41.30437061" lon="-72.92160340">
        <time>2026-09-07T13:53:27+00:00Z</time>
      </trkpt>
      <trkpt lat="41.30436449" lon="-72.92158429">
        <time>2026-09-07T13:53:28+00:00Z</time>
      </trkpt>
      <trkpt lat="41.30435594" lon="-72.92155797">
        <time>2026-09-07T13:53:29+00:00Z</time>
      </trkpt>
      <trkpt lat="41.30435016" lon="-72.92153207">
        <time>2026-09-07T13:53:30+00:00Z</time>
      </trkpt>
      <trkpt lat="41.30434195" lon="-72.92151069">
        <time>2026-09-07T13:53:31+00:00Z</time>
      </trkpt>
      <trkpt lat="41.30433038" lon="-72.92147574">
        <time>2026-09-07T13:53:32+00:00Z</time>
      </trkpt>
      <trkpt lat="41.30431906" lon="-72.92145210">
        <time>2026-09-07T13:53:33+00:00Z</time>
      </trkpt>
      <trkpt lat="41.30430775" lon="-72.92141665">
        <time>2026-09-07T13:53:34+00:00Z</time>
      </trkpt>
      <trkpt lat="41.30430113" lon="-72.92139268">
        <time>2026-09-07T13:53:35+00:00Z</time>
      </trkpt>
      <trkpt lat="41.30429098" lon="-72.92136342">
        <time>2026-09-07T13:53:36+00:00Z</time>
      </trkpt>
      <trkpt lat="41.30428562" lon="-72.92133668">
        <time>2026-09-07T13:53:37+00:00Z</time>
      </trkpt>
      <trkpt lat="41.30427992" lon="-72.92130500">
        <time>2026-09-07T13:53:38+00:00Z</time>
      </trkpt>
      <trkpt lat="41.30427229" lon="-72.92127457">
        <time>2026-09-07T13:53:39+00:00Z</time>
      </trkpt>
      <trkpt lat="41.30426073" lon="-72.92124256">
        <time>2026-09-07T13:53:40+00:00Z</time>
      </trkpt>
      <trkpt lat="41.30425184" lon="-72.92121632">
        <time>2026-09-07T13:53:41+00:00Z</time>
      </trkpt>
      <trkpt lat="41.30424111" lon="-72.92119386">
        <time>2026-09-07T13:53:42+00:00Z</time>
      </trkpt>
      <trkpt lat="41.30423675" lon="-72.92116486">
        <time>2026-09-07T13:53:43+00:00Z</time>
      </trkpt>
      <trkpt lat="41.30423198" lon="-72.92114038">
        <time>2026-09-07T13:53:44+00:00Z</time>
      </trkpt>
      <trkpt lat="41.30422250" lon="-72.92111599">
        <time>2026-09-07T13:53:45+00:00Z</time>
      </trkpt>
      <trkpt lat="41.30421446" lon="-72.92109118">
        <time>2026-09-07T13:53:46+00:00Z</time>
      </trkpt>
      <trkpt lat="41.30420691" lon="-72.92106193">
        <time>2026-09-07T13:53:47+00:00Z</time>
      </trkpt>
      <trkpt lat="41.30420012" lon="-72.92103854">
        <time>2026-09-07T13:53:48+00:00Z</time>
      </trkpt>
      <trkpt lat="41.30418898" lon="-72.92102329">
        <time>2026-09-07T13:53:49+00:00Z</time>
      </trkpt>
      <trkpt lat="41.30418713" lon="-72.92100602">
        <time>2026-09-07T13:53:50+00:00Z</time>
      </trkpt>
      <trkpt lat="41.30418076" lon="-72.92098263">
        <time>2026-09-07T13:53:51+00:00Z</time>
      </trkpt>
      <trkpt lat="41.30417230" lon="-72.92095749">
        <time>2026-09-07T13:53:52+00:00Z</time>
      </trkpt>
      <trkpt lat="41.30416542" lon="-72.92093536">
        <time>2026-09-07T13:53:53+00:00Z</time>
      </trkpt>
      <trkpt lat="41.30415319" lon="-72.92090259">
        <time>2026-09-07T13:53:54+00:00Z</time>
      </trkpt>
      <trkpt lat="41.30414715" lon="-72.92088297">
        <time>2026-09-07T13:53:55+00:00Z</time>
      </trkpt>
      <trkpt lat="41.30413441" lon="-72.92084936">
        <time>2026-09-07T13:53:56+00:00Z</time>
      </trkpt>
      <trkpt lat="41.30413005" lon="-72.92083117">
        <time>2026-09-07T13:53:57+00:00Z</time>
      </trkpt>
      <trkpt lat="41.30412133" lon="-72.92080276">
        <time>2026-09-07T13:53:58+00:00Z</time>
      </trkpt>
      <trkpt lat="41.30411538" lon="-72.92077736">
        <time>2026-09-07T13:53:59+00:00Z</time>
      </trkpt>
      <trkpt lat="41.30410424" lon="-72.92074903">
        <time>2026-09-07T13:54:00+00:00Z</time>
      </trkpt>
      <trkpt lat="41.30409175" lon="-72.92072028">
        <time>2026-09-07T13:54:01+00:00Z</time>
      </trkpt>
      <trkpt lat="41.30408219" lon="-72.92069463">
        <time>2026-09-07T13:54:02+00:00Z</time>
      </trkpt>
      <trkpt lat="41.30406652" lon="-72.92065465">
        <time>2026-09-07T13:54:03+00:00Z</time>
      </trkpt>
      <trkpt lat="41.30405956" lon="-72.92063462">
        <time>2026-09-07T13:54:04+00:00Z</time>
      </trkpt>
      <trkpt lat="41.30404833" lon="-72.92059841">
        <time>2026-09-07T13:54:05+00:00Z</time>
      </trkpt>
      <trkpt lat="41.30403911" lon="-72.92056798">
        <time>2026-09-07T13:54:06+00:00Z</time>
      </trkpt>
      <trkpt lat="41.30402209" lon="-72.92052523">
        <time>2026-09-07T13:54:07+00:00Z</time>
      </trkpt>
      <trkpt lat="41.30400835" lon="-72.92048969">
        <time>2026-09-07T13:54:08+00:00Z</time>
      </trkpt>
      <trkpt lat="41.30399703" lon="-72.92045357">
        <time>2026-09-07T13:54:09+00:00Z</time>
      </trkpt>
      <trkpt lat="41.30398873" lon="-72.92042213">
        <time>2026-09-07T13:54:10+00:00Z</time>
      </trkpt>
      <trkpt lat="41.30398446" lon="-72.92039942">
        <time>2026-09-07T13:54:11+00:00Z</time>
      </trkpt>
      <trkpt lat="41.30397708" lon="-72.92036363">
        <time>2026-09-07T13:54:12+00:00Z</time>
      </trkpt>
      <trkpt lat="41.30397230" lon="-72.92033949">
        <time>2026-09-07T13:54:13+00:00Z</time>
      </trkpt>
      <trkpt lat="41.30396392" lon="-72.92030219">
        <time>2026-09-07T13:54:14+00:00Z</time>
      </trkpt>
      <trkpt lat="41.30395789" lon="-72.92028350">
        <time>2026-09-07T13:54:15+00:00Z</time>
      </trkpt>
      <trkpt lat="41.30394875" lon="-72.92024679">
        <time>2026-09-07T13:54:16+00:00Z</time>
      </trkpt>
      <trkpt lat="41.30394238" lon="-72.92022499">
        <time>2026-09-07T13:54:17+00:00Z</time>
      </trkpt>
      <trkpt lat="41.30393509" lon="-72.92019079">
        <time>2026-09-07T13:54:18+00:00Z</time>
      </trkpt>
      <trkpt lat="41.30393551" lon="-72.92016439">
        <time>2026-09-07T13:54:19+00:00Z</time>
      </trkpt>
      <trkpt lat="41.30393391" lon="-72.92013296">
        <time>2026-09-07T13:54:20+00:00Z</time>
      </trkpt>
      <trkpt lat="41.30393551" lon="-72.92010153">
        <time>2026-09-07T13:54:21+00:00Z</time>
      </trkpt>
      <trkpt lat="41.30393475" lon="-72.92007278">
        <time>2026-09-07T13:54:22+00:00Z</time>
      </trkpt>
      <trkpt lat="41.30393509" lon="-72.92004604">
        <time>2026-09-07T13:54:23+00:00Z</time>
      </trkpt>
      <trkpt lat="41.30393400" lon="-72.92001796">
        <time>2026-09-07T13:54:24+00:00Z</time>
      </trkpt>
      <trkpt lat="41.30393727" lon="-72.91998644">
        <time>2026-09-07T13:54:25+00:00Z</time>
      </trkpt>
      <trkpt lat="41.30393945" lon="-72.91995501">
        <time>2026-09-07T13:54:26+00:00Z</time>
      </trkpt>
      <trkpt lat="41.30394045" lon="-72.91992693">
        <time>2026-09-07T13:54:27+00:00Z</time>
      </trkpt>
      <trkpt lat="41.30393861" lon="-72.91989894">
        <time>2026-09-07T13:54:28+00:00Z</time>
      </trkpt>
      <trkpt lat="41.30393584" lon="-72.91986792">
        <time>2026-09-07T13:54:29+00:00Z</time>
      </trkpt>
      <trkpt lat="41.30393232" lon="-72.91984345">
        <time>2026-09-07T13:54:30+00:00Z</time>
      </trkpt>
      <trkpt lat="41.30393048" lon="-72.91981302">
        <time>2026-09-07T13:54:31+00:00Z</time>
      </trkpt>
      <trkpt lat="41.30392587" lon="-72.91978620">
        <time>2026-09-07T13:54:32+00:00Z</time>
      </trkpt>
      <trkpt lat="41.30392000" lon="-72.91975284">
        <time>2026-09-07T13:54:33+00:00Z</time>
      </trkpt>
      <trkpt lat="41.30391992" lon="-72.91972669">
        <time>2026-09-07T13:54:34+00:00Z</time>
      </trkpt>
      <trkpt lat="41.30391472" lon="-72.91969383">
        <time>2026-09-07T13:54:35+00:00Z</time>
      </trkpt>
      <trkpt lat="41.30391078" lon="-72.91966475">
        <time>2026-09-07T13:54:36+00:00Z</time>
      </trkpt>
      <trkpt lat="41.30390743" lon="-72.91963197">
        <time>2026-09-07T13:54:37+00:00Z</time>
      </trkpt>
      <trkpt lat="41.30390567" lon="-72.91960398">
        <time>2026-09-07T13:54:38+00:00Z</time>
      </trkpt>
      <trkpt lat="41.30390441" lon="-72.91956995">
        <time>2026-09-07T13:54:39+00:00Z</time>
      </trkpt>
      <trkpt lat="41.30390651" lon="-72.91953826">
        <time>2026-09-07T13:54:40+00:00Z</time>
      </trkpt>
      <trkpt lat="41.30390575" lon="-72.91950423">
        <time>2026-09-07T13:54:41+00:00Z</time>
      </trkpt>
      <trkpt lat="41.30390525" lon="-72.91947532">
        <time>2026-09-07T13:54:42+00:00Z</time>
      </trkpt>
      <trkpt lat="41.30390500" lon="-72.91944774">
        <time>2026-09-07T13:54:43+00:00Z</time>
      </trkpt>
      <trkpt lat="41.30390466" lon="-72.91941823">
        <time>2026-09-07T13:54:44+00:00Z</time>
      </trkpt>
      <trkpt lat="41.30390634" lon="-72.91939401">
        <time>2026-09-07T13:54:45+00:00Z</time>
      </trkpt>
      <trkpt lat="41.30390516" lon="-72.91935856">
        <time>2026-09-07T13:54:46+00:00Z</time>
      </trkpt>
      <trkpt lat="41.30390307" lon="-72.91932721">
        <time>2026-09-07T13:54:47+00:00Z</time>
      </trkpt>
      <trkpt lat="41.30389955" lon="-72.91929100">
        <time>2026-09-07T13:54:48+00:00Z</time>
      </trkpt>
      <trkpt lat="41.30389578" lon="-72.91926334">
        <time>2026-09-07T13:54:49+00:00Z</time>
      </trkpt>
      <trkpt lat="41.30389343" lon="-72.91922394">
        <time>2026-09-07T13:54:50+00:00Z</time>
      </trkpt>
      <trkpt lat="41.30389418" lon="-72.91919620">
        <time>2026-09-07T13:54:51+00:00Z</time>
      </trkpt>
      <trkpt lat="41.30389326" lon="-72.91916024">
        <time>2026-09-07T13:54:52+00:00Z</time>
      </trkpt>
      <trkpt lat="41.30389184" lon="-72.91913266">
        <time>2026-09-07T13:54:53+00:00Z</time>
      </trkpt>
      <trkpt lat="41.30389192" lon="-72.91909821">
        <time>2026-09-07T13:54:54+00:00Z</time>
      </trkpt>
      <trkpt lat="41.30389133" lon="-72.91907290">
        <time>2026-09-07T13:54:55+00:00Z</time>
      </trkpt>
      <trkpt lat="41.30388765" lon="-72.91903904">
        <time>2026-09-07T13:54:56+00:00Z</time>
      </trkpt>
      <trkpt lat="41.30388237" lon="-72.91901079">
        <time>2026-09-07T13:54:57+00:00Z</time>
      </trkpt>
      <trkpt lat="41.30388681" lon="-72.91897936">
        <time>2026-09-07T13:54:58+00:00Z</time>
      </trkpt>
      <trkpt lat="41.30388488" lon="-72.91894499">
        <time>2026-09-07T13:54:59+00:00Z</time>
      </trkpt>
      <trkpt lat="41.30388631" lon="-72.91891607">
        <time>2026-09-07T13:55:00+00:00Z</time>
      </trkpt>
      <trkpt lat="41.30388178" lon="-72.91887777">
        <time>2026-09-07T13:55:01+00:00Z</time>
      </trkpt>
      <trkpt lat="41.30388186" lon="-72.91885640">
        <time>2026-09-07T13:55:02+00:00Z</time>
      </trkpt>
      <trkpt lat="41.30387960" lon="-72.91882010">
        <time>2026-09-07T13:55:03+00:00Z</time>
      </trkpt>
      <trkpt lat="41.30387717" lon="-72.91879378">
        <time>2026-09-07T13:55:04+00:00Z</time>
      </trkpt>
      <trkpt lat="41.30387876" lon="-72.91876051">
        <time>2026-09-07T13:55:05+00:00Z</time>
      </trkpt>
      <trkpt lat="41.30387792" lon="-72.91873578">
        <time>2026-09-07T13:55:06+00:00Z</time>
      </trkpt>
      <trkpt lat="41.30387734" lon="-72.91870049">
        <time>2026-09-07T13:55:07+00:00Z</time>
      </trkpt>
      <trkpt lat="41.30387876" lon="-72.91867459">
        <time>2026-09-07T13:55:08+00:00Z</time>
      </trkpt>
      <trkpt lat="41.30387709" lon="-72.91864425">
        <time>2026-09-07T13:55:09+00:00Z</time>
      </trkpt>
      <trkpt lat="41.30388061" lon="-72.91862028">
        <time>2026-09-07T13:55:10+00:00Z</time>
      </trkpt>
      <trkpt lat="41.30388136" lon="-72.91859220">
        <time>2026-09-07T13:55:11+00:00Z</time>
      </trkpt>
      <trkpt lat="41.30388170" lon="-72.91855934">
        <time>2026-09-07T13:55:12+00:00Z</time>
      </trkpt>
      <trkpt lat="41.30387901" lon="-72.91853285">
        <time>2026-09-07T13:55:13+00:00Z</time>
      </trkpt>
      <trkpt lat="41.30387499" lon="-72.91849321">
        <time>2026-09-07T13:55:14+00:00Z</time>
      </trkpt>
      <trkpt lat="41.30387281" lon="-72.91846898">
        <time>2026-09-07T13:55:15+00:00Z</time>
      </trkpt>
      <trkpt lat="41.30386719" lon="-72.91842934">
        <time>2026-09-07T13:55:16+00:00Z</time>
      </trkpt>
      <trkpt lat="41.30386602" lon="-72.91840696">
        <time>2026-09-07T13:55:17+00:00Z</time>
      </trkpt>
      <trkpt lat="41.30386141" lon="-72.91836438">
        <time>2026-09-07T13:55:18+00:00Z</time>
      </trkpt>
      <trkpt lat="41.30386451" lon="-72.91834326">
        <time>2026-09-07T13:55:19+00:00Z</time>
      </trkpt>
      <trkpt lat="41.30385923" lon="-72.91831057">
        <time>2026-09-07T13:55:20+00:00Z</time>
      </trkpt>
      <trkpt lat="41.30385630" lon="-72.91828802">
        <time>2026-09-07T13:55:21+00:00Z</time>
      </trkpt>
      <trkpt lat="41.30385152" lon="-72.91825709">
        <time>2026-09-07T13:55:22+00:00Z</time>
      </trkpt>
      <trkpt lat="41.30385093" lon="-72.91823396">
        <time>2026-09-07T13:55:23+00:00Z</time>
      </trkpt>
      <trkpt lat="41.30384565" lon="-72.91820026">
        <time>2026-09-07T13:55:24+00:00Z</time>
      </trkpt>
      <trkpt lat="41.30384473" lon="-72.91817109">
        <time>2026-09-07T13:55:25+00:00Z</time>
      </trkpt>
      <trkpt lat="41.30384356" lon="-72.91813513">
        <time>2026-09-07T13:55:26+00:00Z</time>
      </trkpt>
      <trkpt lat="41.30384498" lon="-72.91809876">
        <time>2026-09-07T13:55:27+00:00Z</time>
      </trkpt>
      <trkpt lat="41.30384574" lon="-72.91806196">
        <time>2026-09-07T13:55:28+00:00Z</time>
      </trkpt>
      <trkpt lat="41.30384901" lon="-72.91803162">
        <time>2026-09-07T13:55:29+00:00Z</time>
      </trkpt>
      <trkpt lat="41.30384691" lon="-72.91800681">
        <time>2026-09-07T13:55:30+00:00Z</time>
      </trkpt>
      <trkpt lat="41.30384414" lon="-72.91797101">
        <time>2026-09-07T13:55:31+00:00Z</time>
      </trkpt>
      <trkpt lat="41.30384129" lon="-72.91794956">
        <time>2026-09-07T13:55:32+00:00Z</time>
      </trkpt>
      <trkpt lat="41.30383710" lon="-72.91791243">
        <time>2026-09-07T13:55:33+00:00Z</time>
      </trkpt>
      <trkpt lat="41.30383953" lon="-72.91788401">
        <time>2026-09-07T13:55:34+00:00Z</time>
      </trkpt>
      <trkpt lat="41.30383803" lon="-72.91784973">
        <time>2026-09-07T13:55:35+00:00Z</time>
      </trkpt>
      <trkpt lat="41.30382990" lon="-72.91782542">
        <time>2026-09-07T13:55:36+00:00Z</time>
      </trkpt>
      <trkpt lat="41.30382118" lon="-72.91778686">
        <time>2026-09-07T13:55:37+00:00Z</time>
      </trkpt>
      <trkpt lat="41.30381942" lon="-72.91776423">
        <time>2026-09-07T13:55:38+00:00Z</time>
      </trkpt>
      <trkpt lat="41.30381816" lon="-72.91773289">
        <time>2026-09-07T13:55:39+00:00Z</time>
      </trkpt>
      <trkpt lat="41.30381833" lon="-72.91770766">
        <time>2026-09-07T13:55:40+00:00Z</time>
      </trkpt>
      <trkpt lat="41.30381942" lon="-72.91767547">
        <time>2026-09-07T13:55:41+00:00Z</time>
      </trkpt>
      <trkpt lat="41.30381724" lon="-72.91765267">
        <time>2026-09-07T13:55:42+00:00Z</time>
      </trkpt>
      <trkpt lat="41.30381498" lon="-72.91761839">
        <time>2026-09-07T13:55:43+00:00Z</time>
      </trkpt>
      <trkpt lat="41.30381120" lon="-72.91758914">
        <time>2026-09-07T13:55:44+00:00Z</time>
      </trkpt>
      <trkpt lat="41.30381011" lon="-72.91754966">
        <time>2026-09-07T13:55:45+00:00Z</time>
      </trkpt>
      <trkpt lat="41.30380969" lon="-72.91752418">
        <time>2026-09-07T13:55:46+00:00Z</time>
      </trkpt>
      <trkpt lat="41.30380969" lon="-72.91748838">
        <time>2026-09-07T13:55:47+00:00Z</time>
      </trkpt>
      <trkpt lat="41.30380525" lon="-72.91745871">
        <time>2026-09-07T13:55:48+00:00Z</time>
      </trkpt>
      <trkpt lat="41.30380156" lon="-72.91742552">
        <time>2026-09-07T13:55:49+00:00Z</time>
      </trkpt>
      <trkpt lat="41.30379754" lon="-72.91739317">
        <time>2026-09-07T13:55:50+00:00Z</time>
      </trkpt>
      <trkpt lat="41.30379888" lon="-72.91735947">
        <time>2026-09-07T13:55:51+00:00Z</time>
      </trkpt>
      <trkpt lat="41.30379494" lon="-72.91732980">
        <time>2026-09-07T13:55:52+00:00Z</time>
      </trkpt>
      <trkpt lat="41.30379679" lon="-72.91729686">
        <time>2026-09-07T13:55:53+00:00Z</time>
      </trkpt>
      <trkpt lat="41.30379285" lon="-72.91726761">
        <time>2026-09-07T13:55:54+00:00Z</time>
      </trkpt>
      <trkpt lat="41.30379000" lon="-72.91723785">
        <time>2026-09-07T13:55:55+00:00Z</time>
      </trkpt>
      <trkpt lat="41.30379017" lon="-72.91720684">
        <time>2026-09-07T13:55:56+00:00Z</time>
      </trkpt>
      <trkpt lat="41.30378664" lon="-72.91717725">
        <time>2026-09-07T13:55:57+00:00Z</time>
      </trkpt>
      <trkpt lat="41.30378036" lon="-72.91714565">
        <time>2026-09-07T13:55:58+00:00Z</time>
      </trkpt>
      <trkpt lat="41.30377617" lon="-72.91711614">
        <time>2026-09-07T13:55:59+00:00Z</time>
      </trkpt>
      <trkpt lat="41.30377030" lon="-72.91708061">
        <time>2026-09-07T13:56:00+00:00Z</time>
      </trkpt>
      <trkpt lat="41.30376753" lon="-72.91706434">
        <time>2026-09-07T13:56:01+00:00Z</time>
      </trkpt>
      <trkpt lat="41.30376309" lon="-72.91702981">
        <time>2026-09-07T13:56:02+00:00Z</time>
      </trkpt>
      <trkpt lat="41.30376133" lon="-72.91700810">
        <time>2026-09-07T13:56:03+00:00Z</time>
      </trkpt>
      <trkpt lat="41.30375471" lon="-72.91696929">
        <time>2026-09-07T13:56:04+00:00Z</time>
      </trkpt>
      <trkpt lat="41.30375312" lon="-72.91694490">
        <time>2026-09-07T13:56:05+00:00Z</time>
      </trkpt>
      <trkpt lat="41.30375404" lon="-72.91690400">
        <time>2026-09-07T13:56:06+00:00Z</time>
      </trkpt>
      <trkpt lat="41.30375169" lon="-72.91688162">
        <time>2026-09-07T13:56:07+00:00Z</time>
      </trkpt>
      <trkpt lat="41.30375119" lon="-72.91684600">
        <time>2026-09-07T13:56:08+00:00Z</time>
      </trkpt>
      <trkpt lat="41.30374901" lon="-72.91682077">
        <time>2026-09-07T13:56:09+00:00Z</time>
      </trkpt>
      <trkpt lat="41.30374834" lon="-72.91678858">
        <time>2026-09-07T13:56:10+00:00Z</time>
      </trkpt>
      <trkpt lat="41.30374951" lon="-72.91676318">
        <time>2026-09-07T13:56:11+00:00Z</time>
      </trkpt>
      <trkpt lat="41.30374297" lon="-72.91673452">
        <time>2026-09-07T13:56:12+00:00Z</time>
      </trkpt>
      <trkpt lat="41.30374884" lon="-72.91671138">
        <time>2026-09-07T13:56:13+00:00Z</time>
      </trkpt>
      <trkpt lat="41.30374817" lon="-72.91668464">
        <time>2026-09-07T13:56:14+00:00Z</time>
      </trkpt>
      <trkpt lat="41.30375119" lon="-72.91665858">
        <time>2026-09-07T13:56:15+00:00Z</time>
      </trkpt>
      <trkpt lat="41.30375211" lon="-72.91663100">
        <time>2026-09-07T13:56:16+00:00Z</time>
      </trkpt>
      <trkpt lat="41.30375513" lon="-72.91660443">
        <time>2026-09-07T13:56:17+00:00Z</time>
      </trkpt>
      <trkpt lat="41.30375496" lon="-72.91657400">
        <time>2026-09-07T13:56:18+00:00Z</time>
      </trkpt>
      <trkpt lat="41.30375546" lon="-72.91654442">
        <time>2026-09-07T13:56:19+00:00Z</time>
      </trkpt>
      <trkpt lat="41.30375085" lon="-72.91651173">
        <time>2026-09-07T13:56:20+00:00Z</time>
      </trkpt>
      <trkpt lat="41.30374993" lon="-72.91648080">
        <time>2026-09-07T13:56:21+00:00Z</time>
      </trkpt>
      <trkpt lat="41.30374792" lon="-72.91644786">
        <time>2026-09-07T13:56:22+00:00Z</time>
      </trkpt>
      <trkpt lat="41.30374700" lon="-72.91641818">
        <time>2026-09-07T13:56:23+00:00Z</time>
      </trkpt>
      <trkpt lat="41.30374272" lon="-72.91638952">
        <time>2026-09-07T13:56:24+00:00Z</time>
      </trkpt>
      <trkpt lat="41.30374105" lon="-72.91635431">
        <time>2026-09-07T13:56:25+00:00Z</time>
      </trkpt>
      <trkpt lat="41.30373652" lon="-72.91632724">
        <time>2026-09-07T13:56:26+00:00Z</time>
      </trkpt>
      <trkpt lat="41.30373183" lon="-72.91628709">
        <time>2026-09-07T13:56:27+00:00Z</time>
      </trkpt>
      <trkpt lat="41.30372898" lon="-72.91626371">
        <time>2026-09-07T13:56:28+00:00Z</time>
      </trkpt>
      <trkpt lat="41.30371674" lon="-72.91622347">
        <time>2026-09-07T13:56:29+00:00Z</time>
      </trkpt>
      <trkpt lat="41.30371330" lon="-72.91620076">
        <time>2026-09-07T13:56:30+00:00Z</time>
      </trkpt>
      <trkpt lat="41.30371070" lon="-72.91616019">
        <time>2026-09-07T13:56:31+00:00Z</time>
      </trkpt>
      <trkpt lat="41.30371104" lon="-72.91613731">
        <time>2026-09-07T13:56:32+00:00Z</time>
      </trkpt>
      <trkpt lat="41.30371263" lon="-72.91609984">
        <time>2026-09-07T13:56:33+00:00Z</time>
      </trkpt>
      <trkpt lat="41.30371607" lon="-72.91607838">
        <time>2026-09-07T13:56:34+00:00Z</time>
      </trkpt>
      <trkpt lat="41.30371565" lon="-72.91604393">
        <time>2026-09-07T13:56:35+00:00Z</time>
      </trkpt>
      <trkpt lat="41.30371506" lon="-72.91602071">
        <time>2026-09-07T13:56:36+00:00Z</time>
      </trkpt>
      <trkpt lat="41.30371900" lon="-72.91599037">
        <time>2026-09-07T13:56:37+00:00Z</time>
      </trkpt>
      <trkpt lat="41.30372060" lon="-72.91596254">
        <time>2026-09-07T13:56:38+00:00Z</time>
      </trkpt>
      <trkpt lat="41.30372294" lon="-72.91593136">
        <time>2026-09-07T13:56:39+00:00Z</time>
      </trkpt>
      <trkpt lat="41.30372412" lon="-72.91589909">
        <time>2026-09-07T13:56:40+00:00Z</time>
      </trkpt>
      <trkpt lat="41.30372571" lon="-72.91587227">
        <time>2026-09-07T13:56:41+00:00Z</time>
      </trkpt>
      <trkpt lat="41.30372495" lon="-72.91583891">
        <time>2026-09-07T13:56:42+00:00Z</time>
      </trkpt>
      <trkpt lat="41.30372856" lon="-72.91581192">
        <time>2026-09-07T13:56:43+00:00Z</time>
      </trkpt>
      <trkpt lat="41.30372579" lon="-72.91577353">
        <time>2026-09-07T13:56:44+00:00Z</time>
      </trkpt>
      <trkpt lat="41.30372671" lon="-72.91574788">
        <time>2026-09-07T13:56:45+00:00Z</time>
      </trkpt>
      <trkpt lat="41.30372227" lon="-72.91571100">
        <time>2026-09-07T13:56:46+00:00Z</time>
      </trkpt>
      <trkpt lat="41.30371917" lon="-72.91568661">
        <time>2026-09-07T13:56:47+00:00Z</time>
      </trkpt>
      <trkpt lat="41.30371414" lon="-72.91564579">
        <time>2026-09-07T13:56:48+00:00Z</time>
      </trkpt>
      <trkpt lat="41.30370936" lon="-72.91561914">
        <time>2026-09-07T13:56:49+00:00Z</time>
      </trkpt>
      <trkpt lat="41.30370442" lon="-72.91558058">
        <time>2026-09-07T13:56:50+00:00Z</time>
      </trkpt>
      <trkpt lat="41.30370383" lon="-72.91555879">
        <time>2026-09-07T13:56:51+00:00Z</time>
      </trkpt>
      <trkpt lat="41.30369847" lon="-72.91552325">
        <time>2026-09-07T13:56:52+00:00Z</time>
      </trkpt>
      <trkpt lat="41.30369981" lon="-72.91550187">
        <time>2026-09-07T13:56:53+00:00Z</time>
      </trkpt>
      <trkpt lat="41.30369704" lon="-72.91546566">
        <time>2026-09-07T13:56:54+00:00Z</time>
      </trkpt>
      <trkpt lat="41.30369771" lon="-72.91544127">
        <time>2026-09-07T13:56:55+00:00Z</time>
      </trkpt>
      <trkpt lat="41.30370358" lon="-72.91540515">
        <time>2026-09-07T13:56:56+00:00Z</time>
      </trkpt>
      <trkpt lat="41.30370534" lon="-72.91538050">
        <time>2026-09-07T13:56:57+00:00Z</time>
      </trkpt>
      <trkpt lat="41.30370643" lon="-72.91534681">
        <time>2026-09-07T13:56:58+00:00Z</time>
      </trkpt>
      <trkpt lat="41.30370660" lon="-72.91532862">
        <time>2026-09-07T13:56:59+00:00Z</time>
      </trkpt>
      <trkpt lat="41.30370827" lon="-72.91529861">
        <time>2026-09-07T13:57:00+00:00Z</time>
      </trkpt>
      <trkpt lat="41.30371079" lon="-72.91527087">
        <time>2026-09-07T13:57:01+00:00Z</time>
      </trkpt>
      <trkpt lat="41.30371490" lon="-72.91524111">
        <time>2026-09-07T13:57:02+00:00Z</time>
      </trkpt>
      <trkpt lat="41.30371590" lon="-72.91521261">
        <time>2026-09-07T13:57:03+00:00Z</time>
      </trkpt>
      <trkpt lat="41.30371372" lon="-72.91518428">
        <time>2026-09-07T13:57:04+00:00Z</time>
      </trkpt>
      <trkpt lat="41.30371221" lon="-72.91515268">
        <time>2026-09-07T13:57:05+00:00Z</time>
      </trkpt>
      <trkpt lat="41.30371305" lon="-72.91512955">
        <time>2026-09-07T13:57:06+00:00Z</time>
      </trkpt>
      <trkpt lat="41.30371070" lon="-72.91509585">
        <time>2026-09-07T13:57:07+00:00Z</time>
      </trkpt>
      <trkpt lat="41.30370333" lon="-72.91507297">
        <time>2026-09-07T13:57:08+00:00Z</time>
      </trkpt>
      <trkpt lat="41.30370299" lon="-72.91503718">
        <time>2026-09-07T13:57:09+00:00Z</time>
      </trkpt>
      <trkpt lat="41.30370995" lon="-72.91501489">
        <time>2026-09-07T13:57:10+00:00Z</time>
      </trkpt>
      <trkpt lat="41.30370777" lon="-72.91497759">
        <time>2026-09-07T13:57:11+00:00Z</time>
      </trkpt>
      <trkpt lat="41.30370475" lon="-72.91495387">
        <time>2026-09-07T13:57:12+00:00Z</time>
      </trkpt>
      <trkpt lat="41.30370224" lon="-72.91491321">
        <time>2026-09-07T13:57:13+00:00Z</time>
      </trkpt>
      <trkpt lat="41.30369805" lon="-72.91488840">
        <time>2026-09-07T13:57:14+00:00Z</time>
      </trkpt>
      <trkpt lat="41.30369436" lon="-72.91484934">
        <time>2026-09-07T13:57:15+00:00Z</time>
      </trkpt>
      <trkpt lat="41.30369218" lon="-72.91482428">
        <time>2026-09-07T13:57:16+00:00Z</time>
      </trkpt>
      <trkpt lat="41.30368858" lon="-72.91478581">
        <time>2026-09-07T13:57:17+00:00Z</time>
      </trkpt>
      <trkpt lat="41.30368757" lon="-72.91476368">
        <time>2026-09-07T13:57:18+00:00Z</time>
      </trkpt>
      <trkpt lat="41.30368472" lon="-72.91473158">
        <time>2026-09-07T13:57:19+00:00Z</time>
      </trkpt>
      <trkpt lat="41.30368229" lon="-72.91470450">
        <time>2026-09-07T13:57:20+00:00Z</time>
      </trkpt>
      <trkpt lat="41.30368522" lon="-72.91467475">
        <time>2026-09-07T13:57:21+00:00Z</time>
      </trkpt>
      <trkpt lat="41.30368288" lon="-72.91464876">
        <time>2026-09-07T13:57:22+00:00Z</time>
      </trkpt>
      <trkpt lat="41.30368263" lon="-72.91461700">
        <time>2026-09-07T13:57:23+00:00Z</time>
      </trkpt>
      <trkpt lat="41.30368162" lon="-72.91458732">
        <time>2026-09-07T13:57:24+00:00Z</time>
      </trkpt>
      <trkpt lat="41.30368271" lon="-72.91456067">
        <time>2026-09-07T13:57:25+00:00Z</time>
      </trkpt>
      <trkpt lat="41.30368162" lon="-72.91452873">
        <time>2026-09-07T13:57:26+00:00Z</time>
      </trkpt>
      <trkpt lat="41.30367726" lon="-72.91449722">
        <time>2026-09-07T13:57:27+00:00Z</time>
      </trkpt>
      <trkpt lat="41.30368204" lon="-72.91446562">
        <time>2026-09-07T13:57:28+00:00Z</time>
      </trkpt>
      <trkpt lat="41.30370484" lon="-72.91442991">
        <time>2026-09-07T13:57:29+00:00Z</time>
      </trkpt>
      <trkpt lat="41.30370090" lon="-72.91438306">
        <time>2026-09-07T13:57:30+00:00Z</time>
      </trkpt>
      <trkpt lat="41.30369931" lon="-72.91436001">
        <time>2026-09-07T13:57:31+00:00Z</time>
      </trkpt>
      <trkpt lat="41.30369461" lon="-72.91432799">
        <time>2026-09-07T13:57:32+00:00Z</time>
      </trkpt>
      <trkpt lat="41.30368615" lon="-72.91430050">
        <time>2026-09-07T13:57:33+00:00Z</time>
      </trkpt>
      <trkpt lat="41.30368053" lon="-72.91427837">
        <time>2026-09-07T13:57:34+00:00Z</time>
      </trkpt>
      <trkpt lat="41.30367642" lon="-72.91424911">
        <time>2026-09-07T13:57:35+00:00Z</time>
      </trkpt>
      <trkpt lat="41.30367357" lon="-72.91422221">
        <time>2026-09-07T13:57:36+00:00Z</time>
      </trkpt>
      <trkpt lat="41.30366963" lon="-72.91419664">
        <time>2026-09-07T13:57:37+00:00Z</time>
      </trkpt>
      <trkpt lat="41.30366402" lon="-72.91417577">
        <time>2026-09-07T13:57:38+00:00Z</time>
      </trkpt>
      <trkpt lat="41.30366117" lon="-72.91415054">
        <time>2026-09-07T13:57:39+00:00Z</time>
      </trkpt>
      <trkpt lat="41.30365329" lon="-72.91413286">
        <time>2026-09-07T13:57:40+00:00Z</time>
      </trkpt>
      <trkpt lat="41.30364801" lon="-72.91412230">
        <time>2026-09-07T13:57:41+00:00Z</time>
      </trkpt>
      <trkpt lat="41.30364046" lon="-72.91409346">
        <time>2026-09-07T13:57:42+00:00Z</time>
      </trkpt>
      <trkpt lat="41.30364290" lon="-72.91407100">
        <time>2026-09-07T13:57:43+00:00Z</time>
      </trkpt>
      <trkpt lat="41.30363954" lon="-72.91403915">
        <time>2026-09-07T13:57:44+00:00Z</time>
      </trkpt>
      <trkpt lat="41.30363988" lon="-72.91402188">
        <time>2026-09-07T13:57:45+00:00Z</time>
      </trkpt>
      <trkpt lat="41.30365027" lon="-72.91398223">
        <time>2026-09-07T13:57:46+00:00Z</time>
      </trkpt>
      <trkpt lat="41.30365455" lon="-72.91395902">
        <time>2026-09-07T13:57:47+00:00Z</time>
      </trkpt>
      <trkpt lat="41.30365027" lon="-72.91392935">
        <time>2026-09-07T13:57:48+00:00Z</time>
      </trkpt>
      <trkpt lat="41.30364717" lon="-72.91390613">
        <time>2026-09-07T13:57:49+00:00Z</time>
      </trkpt>
      <trkpt lat="41.30364122" lon="-72.91387101">
        <time>2026-09-07T13:57:50+00:00Z</time>
      </trkpt>
      <trkpt lat="41.30364256" lon="-72.91384972">
        <time>2026-09-07T13:57:51+00:00Z</time>
      </trkpt>
      <trkpt lat="41.30364046" lon="-72.91381225">
        <time>2026-09-07T13:57:52+00:00Z</time>
      </trkpt>
      <trkpt lat="41.30362085" lon="-72.91378434">
        <time>2026-09-07T13:57:53+00:00Z</time>
      </trkpt>
      <trkpt lat="41.30362898" lon="-72.91376431">
        <time>2026-09-07T13:57:54+00:00Z</time>
      </trkpt>
      <trkpt lat="41.30362714" lon="-72.91374343">
        <time>2026-09-07T13:57:55+00:00Z</time>
      </trkpt>
      <trkpt lat="41.30362546" lon="-72.91371594">
        <time>2026-09-07T13:57:56+00:00Z</time>
      </trkpt>
      <trkpt lat="41.30362077" lon="-72.91368778">
        <time>2026-09-07T13:57:57+00:00Z</time>
      </trkpt>
      <trkpt lat="41.30361750" lon="-72.91366439">
        <time>2026-09-07T13:57:58+00:00Z</time>
      </trkpt>
      <trkpt lat="41.30361389" lon="-72.91364403">
        <time>2026-09-07T13:57:59+00:00Z</time>
      </trkpt>
      <trkpt lat="41.30361004" lon="-72.91362114">
        <time>2026-09-07T13:58:00+00:00Z</time>
      </trkpt>
      <trkpt lat="41.30360669" lon="-72.91359549">
        <time>2026-09-07T13:58:01+00:00Z</time>
      </trkpt>
      <trkpt lat="41.30360350" lon="-72.91356348">
        <time>2026-09-07T13:58:02+00:00Z</time>
      </trkpt>
      <trkpt lat="41.30359939" lon="-72.91353045">
        <time>2026-09-07T13:58:03+00:00Z</time>
      </trkpt>
      <trkpt lat="41.30359378" lon="-72.91349323">
        <time>2026-09-07T13:58:04+00:00Z</time>
      </trkpt>
      <trkpt lat="41.30358623" lon="-72.91345040">
        <time>2026-09-07T13:58:05+00:00Z</time>
      </trkpt>
      <trkpt lat="41.30358422" lon="-72.91340363">
        <time>2026-09-07T13:58:06+00:00Z</time>
      </trkpt>
      <trkpt lat="41.30359436" lon="-72.91336097">
        <time>2026-09-07T13:58:07+00:00Z</time>
      </trkpt>
      <trkpt lat="41.30359906" lon="-72.91331420">
        <time>2026-09-07T13:58:08+00:00Z</time>
      </trkpt>
      <trkpt lat="41.30360291" lon="-72.91326994">
        <time>2026-09-07T13:58:09+00:00Z</time>
      </trkpt>
      <trkpt lat="41.30360777" lon="-72.91323817">
        <time>2026-09-07T13:58:10+00:00Z</time>
      </trkpt>
      <trkpt lat="41.30361046" lon="-72.91321051">
        <time>2026-09-07T13:58:11+00:00Z</time>
      </trkpt>
      <trkpt lat="41.30361104" lon="-72.91318277">
        <time>2026-09-07T13:58:12+00:00Z</time>
      </trkpt>
      <trkpt lat="41.30361264" lon="-72.91316031">
        <time>2026-09-07T13:58:13+00:00Z</time>
      </trkpt>
      <trkpt lat="41.30361381" lon="-72.91313063">
        <time>2026-09-07T13:58:14+00:00Z</time>
      </trkpt>
      <trkpt lat="41.30361415" lon="-72.91310507">
        <time>2026-09-07T13:58:15+00:00Z</time>
      </trkpt>
      <trkpt lat="41.30361347" lon="-72.91307732">
        <time>2026-09-07T13:58:16+00:00Z</time>
      </trkpt>
      <trkpt lat="41.30361364" lon="-72.91305226">
        <time>2026-09-07T13:58:17+00:00Z</time>
      </trkpt>
      <trkpt lat="41.30361423" lon="-72.91302200">
        <time>2026-09-07T13:58:18+00:00Z</time>
      </trkpt>
      <trkpt lat="41.30361515" lon="-72.91299024">
        <time>2026-09-07T13:58:19+00:00Z</time>
      </trkpt>
      <trkpt lat="41.30361540" lon="-72.91296015">
        <time>2026-09-07T13:58:20+00:00Z</time>
      </trkpt>
      <trkpt lat="41.30361632" lon="-72.91293014">
        <time>2026-09-07T13:58:21+00:00Z</time>
      </trkpt>
      <trkpt lat="41.30361121" lon="-72.91290147">
        <time>2026-09-07T13:58:22+00:00Z</time>
      </trkpt>
      <trkpt lat="41.30361289" lon="-72.91287054">
        <time>2026-09-07T13:58:23+00:00Z</time>
      </trkpt>
      <trkpt lat="41.30361297" lon="-72.91284163">
        <time>2026-09-07T13:58:24+00:00Z</time>
      </trkpt>
      <trkpt lat="41.30361339" lon="-72.91281212">
        <time>2026-09-07T13:58:25+00:00Z</time>
      </trkpt>
      <trkpt lat="41.30361373" lon="-72.91278362">
        <time>2026-09-07T13:58:26+00:00Z</time>
      </trkpt>
      <trkpt lat="41.30361314" lon="-72.91274984">
        <time>2026-09-07T13:58:27+00:00Z</time>
      </trkpt>
      <trkpt lat="41.30361482" lon="-72.91272478">
        <time>2026-09-07T13:58:28+00:00Z</time>
      </trkpt>
      <trkpt lat="41.30361523" lon="-72.91269737">
        <time>2026-09-07T13:58:29+00:00Z</time>
      </trkpt>
      <trkpt lat="41.30361490" lon="-72.91267164">
        <time>2026-09-07T13:58:30+00:00Z</time>
      </trkpt>
      <trkpt lat="41.30361557" lon="-72.91264038">
        <time>2026-09-07T13:58:31+00:00Z</time>
      </trkpt>
      <trkpt lat="41.30361171" lon="-72.91261724">
        <time>2026-09-07T13:58:32+00:00Z</time>
      </trkpt>
      <trkpt lat="41.30360719" lon="-72.91258128">
        <time>2026-09-07T13:58:33+00:00Z</time>
      </trkpt>
      <trkpt lat="41.30360576" lon="-72.91255773">
        <time>2026-09-07T13:58:34+00:00Z</time>
      </trkpt>
      <trkpt lat="41.30360501" lon="-72.91252387">
        <time>2026-09-07T13:58:35+00:00Z</time>
      </trkpt>
      <trkpt lat="41.30360627" lon="-72.91249897">
        <time>2026-09-07T13:58:36+00:00Z</time>
      </trkpt>
      <trkpt lat="41.30360551" lon="-72.91246729">
        <time>2026-09-07T13:58:37+00:00Z</time>
      </trkpt>
      <trkpt lat="41.30360392" lon="-72.91244097">
        <time>2026-09-07T13:58:38+00:00Z</time>
      </trkpt>
      <trkpt lat="41.30360568" lon="-72.91241130">
        <time>2026-09-07T13:58:39+00:00Z</time>
      </trkpt>
      <trkpt lat="41.30360568" lon="-72.91239353">
        <time>2026-09-07T13:58:40+00:00Z</time>
      </trkpt>
      <trkpt lat="41.30360828" lon="-72.91236042">
        <time>2026-09-07T13:58:41+00:00Z</time>
      </trkpt>
      <trkpt lat="41.30361197" lon="-72.91233997">
        <time>2026-09-07T13:58:42+00:00Z</time>
      </trkpt>
      <trkpt lat="41.30361289" lon="-72.91230376">
        <time>2026-09-07T13:58:43+00:00Z</time>
      </trkpt>
      <trkpt lat="41.30361079" lon="-72.91228138">
        <time>2026-09-07T13:58:44+00:00Z</time>
      </trkpt>
      <trkpt lat="41.30360878" lon="-72.91224961">
        <time>2026-09-07T13:58:45+00:00Z</time>
      </trkpt>
      <trkpt lat="41.30360878" lon="-72.91223008">
        <time>2026-09-07T13:58:46+00:00Z</time>
      </trkpt>
      <trkpt lat="41.30360593" lon="-72.91218884">
        <time>2026-09-07T13:58:47+00:00Z</time>
      </trkpt>
      <trkpt lat="41.30360685" lon="-72.91216579">
        <time>2026-09-07T13:58:48+00:00Z</time>
      </trkpt>
      <trkpt lat="41.30360467" lon="-72.91212665">
        <time>2026-09-07T13:58:49+00:00Z</time>
      </trkpt>
      <trkpt lat="41.30360384" lon="-72.91209874">
        <time>2026-09-07T13:58:50+00:00Z</time>
      </trkpt>
      <trkpt lat="41.30360333" lon="-72.91206144">
        <time>2026-09-07T13:58:51+00:00Z</time>
      </trkpt>
      <trkpt lat="41.30360601" lon="-72.91203730">
        <time>2026-09-07T13:58:52+00:00Z</time>
      </trkpt>
      <trkpt lat="41.30360459" lon="-72.91200167">
        <time>2026-09-07T13:58:53+00:00Z</time>
      </trkpt>
      <trkpt lat="41.30361004" lon="-72.91197955">
        <time>2026-09-07T13:58:54+00:00Z</time>
      </trkpt>
      <trkpt lat="41.30360987" lon="-72.91194300">
        <time>2026-09-07T13:58:55+00:00Z</time>
      </trkpt>
      <trkpt lat="41.30360719" lon="-72.91191484">
        <time>2026-09-07T13:58:56+00:00Z</time>
      </trkpt>
      <trkpt lat="41.30360518" lon="-72.91187888">
        <time>2026-09-07T13:58:57+00:00Z</time>
      </trkpt>
      <trkpt lat="41.30360367" lon="-72.91185357">
        <time>2026-09-07T13:58:58+00:00Z</time>
      </trkpt>
      <trkpt lat="41.30360132" lon="-72.91181878">
        <time>2026-09-07T13:58:59+00:00Z</time>
      </trkpt>
      <trkpt lat="41.30360241" lon="-72.91179221">
        <time>2026-09-07T13:59:00+00:00Z</time>
      </trkpt>
      <trkpt lat="41.30360191" lon="-72.91175541">
        <time>2026-09-07T13:59:01+00:00Z</time>
      </trkpt>
      <trkpt lat="41.30360174" lon="-72.91173035">
        <time>2026-09-07T13:59:02+00:00Z</time>
      </trkpt>
      <trkpt lat="41.30360300" lon="-72.91170361">
        <time>2026-09-07T13:59:03+00:00Z</time>
      </trkpt>
      <trkpt lat="41.30360266" lon="-72.91167252">
        <time>2026-09-07T13:59:04+00:00Z</time>
      </trkpt>
      <trkpt lat="41.30360316" lon="-72.91164813">
        <time>2026-09-07T13:59:05+00:00Z</time>
      </trkpt>
      <trkpt lat="41.30360157" lon="-72.91161477">
        <time>2026-09-07T13:59:06+00:00Z</time>
      </trkpt>
      <trkpt lat="41.30360065" lon="-72.91159054">
        <time>2026-09-07T13:59:07+00:00Z</time>
      </trkpt>
      <trkpt lat="41.30359570" lon="-72.91155282">
        <time>2026-09-07T13:59:08+00:00Z</time>
      </trkpt>
      <trkpt lat="41.30359755" lon="-72.91152801">
        <time>2026-09-07T13:59:09+00:00Z</time>
      </trkpt>
      <trkpt lat="41.30359830" lon="-72.91149172">
        <time>2026-09-07T13:59:10+00:00Z</time>
      </trkpt>
      <trkpt lat="41.30359889" lon="-72.91146800">
        <time>2026-09-07T13:59:11+00:00Z</time>
      </trkpt>
      <trkpt lat="41.30359738" lon="-72.91142651">
        <time>2026-09-07T13:59:12+00:00Z</time>
      </trkpt>
      <trkpt lat="41.30360132" lon="-72.91140354">
        <time>2026-09-07T13:59:13+00:00Z</time>
      </trkpt>
      <trkpt lat="41.30359981" lon="-72.91136893">
        <time>2026-09-07T13:59:14+00:00Z</time>
      </trkpt>
      <trkpt lat="41.30359897" lon="-72.91134210">
        <time>2026-09-07T13:59:15+00:00Z</time>
      </trkpt>
      <trkpt lat="41.30359964" lon="-72.91130916">
        <time>2026-09-07T13:59:16+00:00Z</time>
      </trkpt>
      <trkpt lat="41.30359956" lon="-72.91128569">
        <time>2026-09-07T13:59:17+00:00Z</time>
      </trkpt>
      <trkpt lat="41.30360241" lon="-72.91125267">
        <time>2026-09-07T13:59:18+00:00Z</time>
      </trkpt>
      <trkpt lat="41.30360551" lon="-72.91122895">
        <time>2026-09-07T13:59:19+00:00Z</time>
      </trkpt>
      <trkpt lat="41.30360166" lon="-72.91119634">
        <time>2026-09-07T13:59:20+00:00Z</time>
      </trkpt>
      <trkpt lat="41.30360073" lon="-72.91116944">
        <time>2026-09-07T13:59:21+00:00Z</time>
      </trkpt>
      <trkpt lat="41.30359964" lon="-72.91113130">
        <time>2026-09-07T13:59:22+00:00Z</time>
      </trkpt>
      <trkpt lat="41.30359529" lon="-72.91110062">
        <time>2026-09-07T13:59:23+00:00Z</time>
      </trkpt>
      <trkpt lat="41.30359353" lon="-72.91106693">
        <time>2026-09-07T13:59:24+00:00Z</time>
      </trkpt>
      <trkpt lat="41.30359294" lon="-72.91103642">
        <time>2026-09-07T13:59:25+00:00Z</time>
      </trkpt>
      <trkpt lat="41.30359068" lon="-72.91100431">
        <time>2026-09-07T13:59:26+00:00Z</time>
      </trkpt>
      <trkpt lat="41.30358774" lon="-72.91097179">
        <time>2026-09-07T13:59:27+00:00Z</time>
      </trkpt>
      <trkpt lat="41.30358640" lon="-72.91093960">
        <time>2026-09-07T13:59:28+00:00Z</time>
      </trkpt>
      <trkpt lat="41.30358338" lon="-72.91090080">
        <time>2026-09-07T13:59:29+00:00Z</time>
      </trkpt>
      <trkpt lat="41.30358179" lon="-72.91087179">
        <time>2026-09-07T13:59:30+00:00Z</time>
      </trkpt>
      <trkpt lat="41.30358087" lon="-72.91083290">
        <time>2026-09-07T13:59:31+00:00Z</time>
      </trkpt>
      <trkpt lat="41.30358263" lon="-72.91080776">
        <time>2026-09-07T13:59:32+00:00Z</time>
      </trkpt>
      <trkpt lat="41.30357827" lon="-72.91076819">
        <time>2026-09-07T13:59:33+00:00Z</time>
      </trkpt>
      <trkpt lat="41.30357802" lon="-72.91074431">
        <time>2026-09-07T13:59:34+00:00Z</time>
      </trkpt>
      <trkpt lat="41.30357576" lon="-72.91070784">
        <time>2026-09-07T13:59:35+00:00Z</time>
      </trkpt>
      <trkpt lat="41.30357534" lon="-72.91068278">
        <time>2026-09-07T13:59:36+00:00Z</time>
      </trkpt>
      <trkpt lat="41.30356905" lon="-72.91064540">
        <time>2026-09-07T13:59:37+00:00Z</time>
      </trkpt>
      <trkpt lat="41.30356662" lon="-72.91061757">
        <time>2026-09-07T13:59:38+00:00Z</time>
      </trkpt>
      <trkpt lat="41.30356545" lon="-72.91058832">
        <time>2026-09-07T13:59:39+00:00Z</time>
      </trkpt>
      <trkpt lat="41.30356662" lon="-72.91055756">
        <time>2026-09-07T13:59:40+00:00Z</time>
      </trkpt>
      <trkpt lat="41.30356980" lon="-72.91053124">
        <time>2026-09-07T13:59:41+00:00Z</time>
      </trkpt>
      <trkpt lat="41.30357827" lon="-72.91050517">
        <time>2026-09-07T13:59:42+00:00Z</time>
      </trkpt>
      <trkpt lat="41.30359009" lon="-72.91048564">
        <time>2026-09-07T13:59:43+00:00Z</time>
      </trkpt>
      <trkpt lat="41.30360719" lon="-72.91046276">
        <time>2026-09-07T13:59:44+00:00Z</time>
      </trkpt>
      <trkpt lat="41.30362169" lon="-72.91044482">
        <time>2026-09-07T13:59:45+00:00Z</time>
      </trkpt>
      <trkpt lat="41.30364281" lon="-72.91042998">
        <time>2026-09-07T13:59:46+00:00Z</time>
      </trkpt>
      <trkpt lat="41.30366301" lon="-72.91042135">
        <time>2026-09-07T13:59:47+00:00Z</time>
      </trkpt>
      <trkpt lat="41.30368832" lon="-72.91041004">
        <time>2026-09-07T13:59:48+00:00Z</time>
      </trkpt>
      <trkpt lat="41.30370962" lon="-72.91040082">
        <time>2026-09-07T13:59:49+00:00Z</time>
      </trkpt>
      <trkpt lat="41.30373954" lon="-72.91039612">
        <time>2026-09-07T13:59:50+00:00Z</time>
      </trkpt>
      <trkpt lat="41.30376041" lon="-72.91039805">
        <time>2026-09-07T13:59:51+00:00Z</time>
      </trkpt>
      <trkpt lat="41.30378715" lon="-72.91039403">
        <time>2026-09-07T13:59:52+00:00Z</time>
      </trkpt>
      <trkpt lat="41.30380768" lon="-72.91039436">
        <time>2026-09-07T13:59:53+00:00Z</time>
      </trkpt>
      <trkpt lat="41.30383702" lon="-72.91039118">
        <time>2026-09-07T13:59:54+00:00Z</time>
      </trkpt>
      <trkpt lat="41.30386015" lon="-72.91039302">
        <time>2026-09-07T13:59:55+00:00Z</time>
      </trkpt>
      <trkpt lat="41.30388773" lon="-72.91039176">
        <time>2026-09-07T13:59:56+00:00Z</time>
      </trkpt>
      <trkpt lat="41.30390810" lon="-72.91039428">
        <time>2026-09-07T13:59:57+00:00Z</time>
      </trkpt>
      <trkpt lat="41.30393408" lon="-72.91039126">
        <time>2026-09-07T13:59:58+00:00Z</time>
      </trkpt>
      <trkpt lat="41.30395655" lon="-72.91039059">
        <time>2026-09-07T13:59:59+00:00Z</time>
      </trkpt>
      <trkpt lat="41.30398588" lon="-72.91038338">
        <time>2026-09-07T14:00:00+00:00Z</time>
      </trkpt>
      <trkpt lat="41.30400642" lon="-72.91038313">
        <time>2026-09-07T14:00:01+00:00Z</time>
      </trkpt>
      <trkpt lat="41.30402771" lon="-72.91038246">
        <time>2026-09-07T14:00:02+00:00Z</time>
      </trkpt>
      <trkpt lat="41.30404707" lon="-72.91038405">
        <time>2026-09-07T14:00:03+00:00Z</time>
      </trkpt>
      <trkpt lat="41.30406719" lon="-72.91038045">
        <time>2026-09-07T14:00:04+00:00Z</time>
      </trkpt>
      <trkpt lat="41.30408797" lon="-72.91037634">
        <time>2026-09-07T14:00:05+00:00Z</time>
      </trkpt>
      <trkpt lat="41.30411203" lon="-72.91036938">
        <time>2026-09-07T14:00:06+00:00Z</time>
      </trkpt>
      <trkpt lat="41.30413399" lon="-72.91036813">
        <time>2026-09-07T14:00:07+00:00Z</time>
      </trkpt>
      <trkpt lat="41.30415662" lon="-72.91036285">
        <time>2026-09-07T14:00:08+00:00Z</time>
      </trkpt>
      <trkpt lat="41.30418126" lon="-72.91035891">
        <time>2026-09-07T14:00:09+00:00Z</time>
      </trkpt>
      <trkpt lat="41.30420130" lon="-72.91035773">
        <time>2026-09-07T14:00:10+00:00Z</time>
      </trkpt>
      <trkpt lat="41.30422485" lon="-72.91035471">
        <time>2026-09-07T14:00:11+00:00Z</time>
      </trkpt>
      <trkpt lat="41.30424614" lon="-72.91035689">
        <time>2026-09-07T14:00:12+00:00Z</time>
      </trkpt>
      <trkpt lat="41.30426844" lon="-72.91035430">
        <time>2026-09-07T14:00:13+00:00Z</time>
      </trkpt>
      <trkpt lat="41.30428864" lon="-72.91035731">
        <time>2026-09-07T14:00:14+00:00Z</time>
      </trkpt>
      <trkpt lat="41.30431630" lon="-72.91035564">
        <time>2026-09-07T14:00:15+00:00Z</time>
      </trkpt>
      <trkpt lat="41.30433625" lon="-72.91035857">
        <time>2026-09-07T14:00:16+00:00Z</time>
      </trkpt>
      <trkpt lat="41.30436382" lon="-72.91035270">
        <time>2026-09-07T14:00:17+00:00Z</time>
      </trkpt>
      <trkpt lat="41.30438151" lon="-72.91035044">
        <time>2026-09-07T14:00:18+00:00Z</time>
      </trkpt>
      <trkpt lat="41.30440724" lon="-72.91034223">
        <time>2026-09-07T14:00:19+00:00Z</time>
      </trkpt>
      <trkpt lat="41.30442744" lon="-72.91034130">
        <time>2026-09-07T14:00:20+00:00Z</time>
      </trkpt>
      <trkpt lat="41.30445326" lon="-72.91033250">
        <time>2026-09-07T14:00:21+00:00Z</time>
      </trkpt>
      <trkpt lat="41.30446851" lon="-72.91033016">
        <time>2026-09-07T14:00:22+00:00Z</time>
      </trkpt>
      <trkpt lat="41.30449248" lon="-72.91032789">
        <time>2026-09-07T14:00:23+00:00Z</time>
      </trkpt>
      <trkpt lat="41.30450975" lon="-72.91032555">
        <time>2026-09-07T14:00:24+00:00Z</time>
      </trkpt>
      <trkpt lat="41.30453339" lon="-72.91032194">
        <time>2026-09-07T14:00:25+00:00Z</time>
      </trkpt>
      <trkpt lat="41.30455443" lon="-72.91032144">
        <time>2026-09-07T14:00:26+00:00Z</time>
      </trkpt>
      <trkpt lat="41.30457781" lon="-72.91031498">
        <time>2026-09-07T14:00:27+00:00Z</time>
      </trkpt>
      <trkpt lat="41.30460036" lon="-72.91031063">
        <time>2026-09-07T14:00:28+00:00Z</time>
      </trkpt>
      <trkpt lat="41.30462324" lon="-72.91030493">
        <time>2026-09-07T14:00:29+00:00Z</time>
      </trkpt>
      <trkpt lat="41.30465006" lon="-72.91029604">
        <time>2026-09-07T14:00:30+00:00Z</time>
      </trkpt>
      <trkpt lat="41.30467119" lon="-72.91029445">
        <time>2026-09-07T14:00:31+00:00Z</time>
      </trkpt>
      <trkpt lat="41.30469633" lon="-72.91028657">
        <time>2026-09-07T14:00:32+00:00Z</time>
      </trkpt>
      <trkpt lat="41.30471536" lon="-72.91028934">
        <time>2026-09-07T14:00:33+00:00Z</time>
      </trkpt>
      <trkpt lat="41.30474227" lon="-72.91028162">
        <time>2026-09-07T14:00:34+00:00Z</time>
      </trkpt>
      <trkpt lat="41.30476079" lon="-72.91028313">
        <time>2026-09-07T14:00:35+00:00Z</time>
      </trkpt>
      <trkpt lat="41.30479155" lon="-72.91027014">
        <time>2026-09-07T14:00:36+00:00Z</time>
      </trkpt>
      <trkpt lat="41.30481360" lon="-72.91026939">
        <time>2026-09-07T14:00:37+00:00Z</time>
      </trkpt>
      <trkpt lat="41.30483824" lon="-72.91026251">
        <time>2026-09-07T14:00:38+00:00Z</time>
      </trkpt>
      <trkpt lat="41.30485911" lon="-72.91025774">
        <time>2026-09-07T14:00:39+00:00Z</time>
      </trkpt>
      <trkpt lat="41.30488166" lon="-72.91025396">
        <time>2026-09-07T14:00:40+00:00Z</time>
      </trkpt>
      <trkpt lat="41.30489985" lon="-72.91024944">
        <time>2026-09-07T14:00:41+00:00Z</time>
      </trkpt>
      <trkpt lat="41.30491946" lon="-72.91024826">
        <time>2026-09-07T14:00:42+00:00Z</time>
      </trkpt>
      <trkpt lat="41.30493907" lon="-72.91024340">
        <time>2026-09-07T14:00:43+00:00Z</time>
      </trkpt>
      <trkpt lat="41.30496011" lon="-72.91024148">
        <time>2026-09-07T14:00:44+00:00Z</time>
      </trkpt>
      <trkpt lat="41.30498207" lon="-72.91023334">
        <time>2026-09-07T14:00:45+00:00Z</time>
      </trkpt>
      <trkpt lat="41.30500395" lon="-72.91023376">
        <time>2026-09-07T14:00:46+00:00Z</time>
      </trkpt>
      <trkpt lat="41.30503127" lon="-72.91022563">
        <time>2026-09-07T14:00:47+00:00Z</time>
      </trkpt>
      <trkpt lat="41.30505022" lon="-72.91023133">
        <time>2026-09-07T14:00:48+00:00Z</time>
      </trkpt>
      <trkpt lat="41.30507662" lon="-72.91022605">
        <time>2026-09-07T14:00:49+00:00Z</time>
      </trkpt>
      <trkpt lat="41.30509087" lon="-72.91022630">
        <time>2026-09-07T14:00:50+00:00Z</time>
      </trkpt>
      <trkpt lat="41.30511585" lon="-72.91022630">
        <time>2026-09-07T14:00:51+00:00Z</time>
      </trkpt>
      <trkpt lat="41.30513814" lon="-72.91022949">
        <time>2026-09-07T14:00:52+00:00Z</time>
      </trkpt>
      <trkpt lat="41.30515968" lon="-72.91022396">
        <time>2026-09-07T14:00:53+00:00Z</time>
      </trkpt>
      <trkpt lat="41.30518139" lon="-72.91021926">
        <time>2026-09-07T14:00:54+00:00Z</time>
      </trkpt>
      <trkpt lat="41.30519900" lon="-72.91022086">
        <time>2026-09-07T14:00:55+00:00Z</time>
      </trkpt>
      <trkpt lat="41.30522355" lon="-72.91021189">
        <time>2026-09-07T14:00:56+00:00Z</time>
      </trkpt>
      <trkpt lat="41.30523864" lon="-72.91020962">
        <time>2026-09-07T14:00:57+00:00Z</time>
      </trkpt>
      <trkpt lat="41.30526471" lon="-72.91020510">
        <time>2026-09-07T14:00:58+00:00Z</time>
      </trkpt>
      <trkpt lat="41.30527904" lon="-72.91020543">
        <time>2026-09-07T14:00:59+00:00Z</time>
      </trkpt>
      <trkpt lat="41.30530721" lon="-72.91020191">
        <time>2026-09-07T14:01:00+00:00Z</time>
      </trkpt>
      <trkpt lat="41.30532288" lon="-72.91020451">
        <time>2026-09-07T14:01:01+00:00Z</time>
      </trkpt>
      <trkpt lat="41.30534794" lon="-72.91020493">
        <time>2026-09-07T14:01:02+00:00Z</time>
      </trkpt>
      <trkpt lat="41.30536605" lon="-72.91020761">
        <time>2026-09-07T14:01:03+00:00Z</time>
      </trkpt>
      <trkpt lat="41.30538776" lon="-72.91020116">
        <time>2026-09-07T14:01:04+00:00Z</time>
      </trkpt>
      <trkpt lat="41.30540770" lon="-72.91019931">
        <time>2026-09-07T14:01:05+00:00Z</time>
      </trkpt>
      <trkpt lat="41.30543117" lon="-72.91019537">
        <time>2026-09-07T14:01:06+00:00Z</time>
      </trkpt>
      <trkpt lat="41.30545397" lon="-72.91019487">
        <time>2026-09-07T14:01:07+00:00Z</time>
      </trkpt>
      <trkpt lat="41.30547292" lon="-72.91019395">
        <time>2026-09-07T14:01:08+00:00Z</time>
      </trkpt>
      <trkpt lat="41.30549664" lon="-72.91019060">
        <time>2026-09-07T14:01:09+00:00Z</time>
      </trkpt>
      <trkpt lat="41.30551508" lon="-72.91018934">
        <time>2026-09-07T14:01:10+00:00Z</time>
      </trkpt>
      <trkpt lat="41.30554064" lon="-72.91018222">
        <time>2026-09-07T14:01:11+00:00Z</time>
      </trkpt>
      <trkpt lat="41.30555866" lon="-72.91018188">
        <time>2026-09-07T14:01:12+00:00Z</time>
      </trkpt>
      <trkpt lat="41.30558523" lon="-72.91017115">
        <time>2026-09-07T14:01:13+00:00Z</time>
      </trkpt>
      <trkpt lat="41.30560510" lon="-72.91017199">
        <time>2026-09-07T14:01:14+00:00Z</time>
      </trkpt>
      <trkpt lat="41.30563293" lon="-72.91017082">
        <time>2026-09-07T14:01:15+00:00Z</time>
      </trkpt>
      <trkpt lat="41.30564818" lon="-72.91017492">
        <time>2026-09-07T14:01:16+00:00Z</time>
      </trkpt>
      <trkpt lat="41.30567417" lon="-72.91016931">
        <time>2026-09-07T14:01:17+00:00Z</time>
      </trkpt>
      <trkpt lat="41.30568976" lon="-72.91017023">
        <time>2026-09-07T14:01:18+00:00Z</time>
      </trkpt>
      <trkpt lat="41.30571239" lon="-72.91016646">
        <time>2026-09-07T14:01:19+00:00Z</time>
      </trkpt>
      <trkpt lat="41.30573141" lon="-72.91016654">
        <time>2026-09-07T14:01:20+00:00Z</time>
      </trkpt>
      <trkpt lat="41.30575237" lon="-72.91016235">
        <time>2026-09-07T14:01:21+00:00Z</time>
      </trkpt>
      <trkpt lat="41.30577098" lon="-72.91016109">
        <time>2026-09-07T14:01:22+00:00Z</time>
      </trkpt>
      <trkpt lat="41.30579218" lon="-72.91015975">
        <time>2026-09-07T14:01:23+00:00Z</time>
      </trkpt>
      <trkpt lat="41.30581666" lon="-72.91015791">
        <time>2026-09-07T14:01:24+00:00Z</time>
      </trkpt>
      <trkpt lat="41.30583812" lon="-72.91015673">
        <time>2026-09-07T14:01:25+00:00Z</time>
      </trkpt>
      <trkpt lat="41.30586360" lon="-72.91015254">
        <time>2026-09-07T14:01:26+00:00Z</time>
      </trkpt>
      <trkpt lat="41.30588681" lon="-72.91015238">
        <time>2026-09-07T14:01:27+00:00Z</time>
      </trkpt>
      <trkpt lat="41.30591095" lon="-72.91014902">
        <time>2026-09-07T14:01:28+00:00Z</time>
      </trkpt>
      <trkpt lat="41.30593191" lon="-72.91014659">
        <time>2026-09-07T14:01:29+00:00Z</time>
      </trkpt>
      <trkpt lat="41.30596058" lon="-72.91014332">
        <time>2026-09-07T14:01:30+00:00Z</time>
      </trkpt>
      <trkpt lat="41.30598052" lon="-72.91014123">
        <time>2026-09-07T14:01:31+00:00Z</time>
      </trkpt>
      <trkpt lat="41.30600374" lon="-72.91013603">
        <time>2026-09-07T14:01:32+00:00Z</time>
      </trkpt>
      <trkpt lat="41.30602252" lon="-72.91013536">
        <time>2026-09-07T14:01:33+00:00Z</time>
      </trkpt>
      <trkpt lat="41.30604783" lon="-72.91012824">
        <time>2026-09-07T14:01:34+00:00Z</time>
      </trkpt>
      <trkpt lat="41.30606501" lon="-72.91013117">
        <time>2026-09-07T14:01:35+00:00Z</time>
      </trkpt>
      <trkpt lat="41.30609192" lon="-72.91012530">
        <time>2026-09-07T14:01:36+00:00Z</time>
      </trkpt>
      <trkpt lat="41.30610935" lon="-72.91012170">
        <time>2026-09-07T14:01:37+00:00Z</time>
      </trkpt>
      <trkpt lat="41.30613224" lon="-72.91012086">
        <time>2026-09-07T14:01:38+00:00Z</time>
      </trkpt>
      <trkpt lat="41.30615126" lon="-72.91012195">
        <time>2026-09-07T14:01:39+00:00Z</time>
      </trkpt>
      <trkpt lat="41.30617255" lon="-72.91011617">
        <time>2026-09-07T14:01:40+00:00Z</time>
      </trkpt>
      <trkpt lat="41.30619762" lon="-72.91011265">
        <time>2026-09-07T14:01:41+00:00Z</time>
      </trkpt>
      <trkpt lat="41.30621631" lon="-72.91011374">
        <time>2026-09-07T14:01:42+00:00Z</time>
      </trkpt>
      <trkpt lat="41.30624154" lon="-72.91010988">
        <time>2026-09-07T14:01:43+00:00Z</time>
      </trkpt>
      <trkpt lat="41.30625998" lon="-72.91011298">
        <time>2026-09-07T14:01:44+00:00Z</time>
      </trkpt>
      <trkpt lat="41.30628814" lon="-72.91011726">
        <time>2026-09-07T14:01:45+00:00Z</time>
      </trkpt>
      <trkpt lat="41.30630482" lon="-72.91012656">
        <time>2026-09-07T14:01:46+00:00Z</time>
      </trkpt>
      <trkpt lat="41.30633097" lon="-72.91012128">
        <time>2026-09-07T14:01:47+00:00Z</time>
      </trkpt>
      <trkpt lat="41.30635059" lon="-72.91011918">
        <time>2026-09-07T14:01:48+00:00Z</time>
      </trkpt>
      <trkpt lat="41.30637489" lon="-72.91011658">
        <time>2026-09-07T14:01:49+00:00Z</time>
      </trkpt>
      <trkpt lat="41.30639358" lon="-72.91011918">
        <time>2026-09-07T14:01:50+00:00Z</time>
      </trkpt>
      <trkpt lat="41.30641647" lon="-72.91011558">
        <time>2026-09-07T14:01:51+00:00Z</time>
      </trkpt>
      <trkpt lat="41.30643734" lon="-72.91011382">
        <time>2026-09-07T14:01:52+00:00Z</time>
      </trkpt>
      <trkpt lat="41.30645846" lon="-72.91011130">
        <time>2026-09-07T14:01:53+00:00Z</time>
      </trkpt>
      <trkpt lat="41.30648059" lon="-72.91010812">
        <time>2026-09-07T14:01:54+00:00Z</time>
      </trkpt>
      <trkpt lat="41.30650037" lon="-72.91010745">
        <time>2026-09-07T14:01:55+00:00Z</time>
      </trkpt>
      <trkpt lat="41.30652258" lon="-72.91010762">
        <time>2026-09-07T14:01:56+00:00Z</time>
      </trkpt>
      <trkpt lat="41.30654178" lon="-72.91010879">
        <time>2026-09-07T14:01:57+00:00Z</time>
      </trkpt>
      <trkpt lat="41.30656810" lon="-72.91010661">
        <time>2026-09-07T14:01:58+00:00Z</time>
      </trkpt>
      <trkpt lat="41.30658587" lon="-72.91010611">
        <time>2026-09-07T14:01:59+00:00Z</time>
      </trkpt>
      <trkpt lat="41.30661051" lon="-72.91010292">
        <time>2026-09-07T14:02:00+00:00Z</time>
      </trkpt>
      <trkpt lat="41.30663322" lon="-72.91009773">
        <time>2026-09-07T14:02:01+00:00Z</time>
      </trkpt>
      <trkpt lat="41.30666231" lon="-72.91009437">
        <time>2026-09-07T14:02:02+00:00Z</time>
      </trkpt>
      <trkpt lat="41.30668217" lon="-72.91009664">
        <time>2026-09-07T14:02:03+00:00Z</time>
      </trkpt>
      <trkpt lat="41.30671017" lon="-72.91009261">
        <time>2026-09-07T14:02:04+00:00Z</time>
      </trkpt>
      <trkpt lat="41.30673054" lon="-72.91009027">
        <time>2026-09-07T14:02:05+00:00Z</time>
      </trkpt>
      <trkpt lat="41.30675677" lon="-72.91008582">
        <time>2026-09-07T14:02:06+00:00Z</time>
      </trkpt>
      <trkpt lat="41.30677345" lon="-72.91008750">
        <time>2026-09-07T14:02:07+00:00Z</time>
      </trkpt>
      <trkpt lat="41.30680212" lon="-72.91007660">
        <time>2026-09-07T14:02:08+00:00Z</time>
      </trkpt>
      <trkpt lat="41.30681746" lon="-72.91007333">
        <time>2026-09-07T14:02:09+00:00Z</time>
      </trkpt>
      <trkpt lat="41.30684252" lon="-72.91006772">
        <time>2026-09-07T14:02:10+00:00Z</time>
      </trkpt>
      <trkpt lat="41.30686171" lon="-72.91006177">
        <time>2026-09-07T14:02:11+00:00Z</time>
      </trkpt>
      <trkpt lat="41.30688300" lon="-72.91006319">
        <time>2026-09-07T14:02:12+00:00Z</time>
      </trkpt>
      <trkpt lat="41.30690161" lon="-72.91006026">
        <time>2026-09-07T14:02:13+00:00Z</time>
      </trkpt>
      <trkpt lat="41.30692466" lon="-72.91005808">
        <time>2026-09-07T14:02:14+00:00Z</time>
      </trkpt>
      <trkpt lat="41.30694210" lon="-72.91005749">
        <time>2026-09-07T14:02:15+00:00Z</time>
      </trkpt>
      <trkpt lat="41.30696791" lon="-72.91004769">
        <time>2026-09-07T14:02:16+00:00Z</time>
      </trkpt>
      <trkpt lat="41.30698736" lon="-72.91004266">
        <time>2026-09-07T14:02:17+00:00Z</time>
      </trkpt>
      <trkpt lat="41.30700974" lon="-72.91002153">
        <time>2026-09-07T14:02:18+00:00Z</time>
      </trkpt>
      <trkpt lat="41.30701829" lon="-72.91001357">
        <time>2026-09-07T14:02:19+00:00Z</time>
      </trkpt>
      <trkpt lat="41.30703941" lon="-72.91000678">
        <time>2026-09-07T14:02:20+00:00Z</time>
      </trkpt>
      <trkpt lat="41.30705450" lon="-72.91001181">
        <time>2026-09-07T14:02:21+00:00Z</time>
      </trkpt>
      <trkpt lat="41.30707520" lon="-72.91000695">
        <time>2026-09-07T14:02:22+00:00Z</time>
      </trkpt>
      <trkpt lat="41.30709766" lon="-72.91000837">
        <time>2026-09-07T14:02:23+00:00Z</time>
      </trkpt>
      <trkpt lat="41.30711736" lon="-72.91000905">
        <time>2026-09-07T14:02:24+00:00Z</time>
      </trkpt>
      <trkpt lat="41.30714150" lon="-72.91001131">
        <time>2026-09-07T14:02:25+00:00Z</time>
      </trkpt>
      <trkpt lat="41.30715935" lon="-72.91001424">
        <time>2026-09-07T14:02:26+00:00Z</time>
      </trkpt>
      <trkpt lat="41.30718643" lon="-72.91001374">
        <time>2026-09-07T14:02:27+00:00Z</time>
      </trkpt>
      <trkpt lat="41.30720655" lon="-72.91001651">
        <time>2026-09-07T14:02:28+00:00Z</time>
      </trkpt>
      <trkpt lat="41.30723571" lon="-72.91001567">
        <time>2026-09-07T14:02:29+00:00Z</time>
      </trkpt>
      <trkpt lat="41.30725265" lon="-72.91001575">
        <time>2026-09-07T14:02:30+00:00Z</time>
      </trkpt>
      <trkpt lat="41.30727813" lon="-72.91001474">
        <time>2026-09-07T14:02:31+00:00Z</time>
      </trkpt>
      <trkpt lat="41.30729330" lon="-72.91001894">
        <time>2026-09-07T14:02:32+00:00Z</time>
      </trkpt>
      <trkpt lat="41.30731853" lon="-72.91001156">
        <time>2026-09-07T14:02:33+00:00Z</time>
      </trkpt>
      <trkpt lat="41.30733672" lon="-72.91000854">
        <time>2026-09-07T14:02:34+00:00Z</time>
      </trkpt>
      <trkpt lat="41.30736446" lon="-72.91000117">
        <time>2026-09-07T14:02:35+00:00Z</time>
      </trkpt>
      <trkpt lat="41.30737946" lon="-72.91000385">
        <time>2026-09-07T14:02:36+00:00Z</time>
      </trkpt>
      <trkpt lat="41.30740746" lon="-72.91000184">
        <time>2026-09-07T14:02:37+00:00Z</time>
      </trkpt>
      <trkpt lat="41.30742330" lon="-72.91000586">
        <time>2026-09-07T14:02:38+00:00Z</time>
      </trkpt>
      <trkpt lat="41.30745389" lon="-72.90999840">
        <time>2026-09-07T14:02:39+00:00Z</time>
      </trkpt>
      <trkpt lat="41.30747309" lon="-72.91000016">
        <time>2026-09-07T14:02:40+00:00Z</time>
      </trkpt>
      <trkpt lat="41.30749891" lon="-72.90999111">
        <time>2026-09-07T14:02:41+00:00Z</time>
      </trkpt>
      <trkpt lat="41.30751416" lon="-72.90998834">
        <time>2026-09-07T14:02:42+00:00Z</time>
      </trkpt>
      <trkpt lat="41.30753646" lon="-72.90998164">
        <time>2026-09-07T14:02:43+00:00Z</time>
      </trkpt>
      <trkpt lat="41.30755582" lon="-72.90998021">
        <time>2026-09-07T14:02:44+00:00Z</time>
      </trkpt>
      <trkpt lat="41.30757954" lon="-72.90996957">
        <time>2026-09-07T14:02:45+00:00Z</time>
      </trkpt>
      <trkpt lat="41.30760016" lon="-72.90996722">
        <time>2026-09-07T14:02:46+00:00Z</time>
      </trkpt>
      <trkpt lat="41.30762413" lon="-72.90996739">
        <time>2026-09-07T14:02:47+00:00Z</time>
      </trkpt>
      <trkpt lat="41.30764534" lon="-72.90996789">
        <time>2026-09-07T14:02:48+00:00Z</time>
      </trkpt>
      <trkpt lat="41.30766763" lon="-72.90996135">
        <time>2026-09-07T14:02:49+00:00Z</time>
      </trkpt>
      <trkpt lat="41.30769169" lon="-72.90995481">
        <time>2026-09-07T14:02:50+00:00Z</time>
      </trkpt>
      <trkpt lat="41.30771155" lon="-72.90995205">
        <time>2026-09-07T14:02:51+00:00Z</time>
      </trkpt>
      <trkpt lat="41.30773695" lon="-72.90994476">
        <time>2026-09-07T14:02:52+00:00Z</time>
      </trkpt>
      <trkpt lat="41.30775833" lon="-72.90994626">
        <time>2026-09-07T14:02:53+00:00Z</time>
      </trkpt>
      <trkpt lat="41.30778121" lon="-72.90994358">
        <time>2026-09-07T14:02:54+00:00Z</time>
      </trkpt>
      <trkpt lat="41.30780049" lon="-72.90994534">
        <time>2026-09-07T14:02:55+00:00Z</time>
      </trkpt>
      <trkpt lat="41.30782312" lon="-72.90994308">
        <time>2026-09-07T14:02:56+00:00Z</time>
      </trkpt>
      <trkpt lat="41.30784265" lon="-72.90994157">
        <time>2026-09-07T14:02:57+00:00Z</time>
      </trkpt>
      <trkpt lat="41.30786863" lon="-72.90994207">
        <time>2026-09-07T14:02:58+00:00Z</time>
      </trkpt>
      <trkpt lat="41.30788623" lon="-72.90994383">
        <time>2026-09-07T14:02:59+00:00Z</time>
      </trkpt>
      <trkpt lat="41.30791624" lon="-72.90993595">
        <time>2026-09-07T14:03:00+00:00Z</time>
      </trkpt>
      <trkpt lat="41.30793300" lon="-72.90993746">
        <time>2026-09-07T14:03:01+00:00Z</time>
      </trkpt>
      <trkpt lat="41.30796117" lon="-72.90993369">
        <time>2026-09-07T14:03:02+00:00Z</time>
      </trkpt>
      <trkpt lat="41.30797936" lon="-72.90993805">
        <time>2026-09-07T14:03:03+00:00Z</time>
      </trkpt>
      <trkpt lat="41.30799922" lon="-72.90993721">
        <time>2026-09-07T14:03:04+00:00Z</time>
      </trkpt>
      <trkpt lat="41.30801967" lon="-72.90993595">
        <time>2026-09-07T14:03:05+00:00Z</time>
      </trkpt>
      <trkpt lat="41.30804457" lon="-72.90992715">
        <time>2026-09-07T14:03:06+00:00Z</time>
      </trkpt>
      <trkpt lat="41.30806292" lon="-72.90992212">
        <time>2026-09-07T14:03:07+00:00Z</time>
      </trkpt>
      <trkpt lat="41.30808639" lon="-72.90991207">
        <time>2026-09-07T14:03:08+00:00Z</time>
      </trkpt>
      <trkpt lat="41.30810433" lon="-72.90991131">
        <time>2026-09-07T14:03:09+00:00Z</time>
      </trkpt>
      <trkpt lat="41.30812604" lon="-72.90990360">
        <time>2026-09-07T14:03:10+00:00Z</time>
      </trkpt>
      <trkpt lat="41.30814431" lon="-72.90990259">
        <time>2026-09-07T14:03:11+00:00Z</time>
      </trkpt>
      <trkpt lat="41.30816585" lon="-72.90989807">
        <time>2026-09-07T14:03:12+00:00Z</time>
      </trkpt>
      <trkpt lat="41.30818572" lon="-72.90989061">
        <time>2026-09-07T14:03:13+00:00Z</time>
      </trkpt>
      <trkpt lat="41.30820609" lon="-72.90988759">
        <time>2026-09-07T14:03:14+00:00Z</time>
      </trkpt>
      <trkpt lat="41.30823081" lon="-72.90988231">
        <time>2026-09-07T14:03:15+00:00Z</time>
      </trkpt>
      <trkpt lat="41.30825562" lon="-72.90987887">
        <time>2026-09-07T14:03:16+00:00Z</time>
      </trkpt>
      <trkpt lat="41.30827826" lon="-72.90987217">
        <time>2026-09-07T14:03:17+00:00Z</time>
      </trkpt>
      <trkpt lat="41.30829778" lon="-72.90986982">
        <time>2026-09-07T14:03:18+00:00Z</time>
      </trkpt>
      <trkpt lat="41.30832234" lon="-72.90986664">
        <time>2026-09-07T14:03:19+00:00Z</time>
      </trkpt>
      <trkpt lat="41.30834439" lon="-72.90986597">
        <time>2026-09-07T14:03:20+00:00Z</time>
      </trkpt>
      <trkpt lat="41.30836895" lon="-72.90986286">
        <time>2026-09-07T14:03:21+00:00Z</time>
      </trkpt>
      <trkpt lat="41.30839108" lon="-72.90986722">
        <time>2026-09-07T14:03:22+00:00Z</time>
      </trkpt>
      <trkpt lat="41.30841086" lon="-72.90986613">
        <time>2026-09-07T14:03:23+00:00Z</time>
      </trkpt>
      <trkpt lat="41.30843349" lon="-72.90986488">
        <time>2026-09-07T14:03:24+00:00Z</time>
      </trkpt>
      <trkpt lat="41.30845486" lon="-72.90986043">
        <time>2026-09-07T14:03:25+00:00Z</time>
      </trkpt>
      <trkpt lat="41.30847531" lon="-72.90985499">
        <time>2026-09-07T14:03:26+00:00Z</time>
      </trkpt>
      <trkpt lat="41.30849375" lon="-72.90985063">
        <time>2026-09-07T14:03:27+00:00Z</time>
      </trkpt>
      <trkpt lat="41.30851471" lon="-72.90984577">
        <time>2026-09-07T14:03:28+00:00Z</time>
      </trkpt>
      <trkpt lat="41.30853868" lon="-72.90985105">
        <time>2026-09-07T14:03:29+00:00Z</time>
      </trkpt>
      <trkpt lat="41.30855519" lon="-72.90985004">
        <time>2026-09-07T14:03:30+00:00Z</time>
      </trkpt>
      <trkpt lat="41.30857833" lon="-72.90985155">
        <time>2026-09-07T14:03:31+00:00Z</time>
      </trkpt>
      <trkpt lat="41.30859886" lon="-72.90984945">
        <time>2026-09-07T14:03:32+00:00Z</time>
      </trkpt>
      <trkpt lat="41.30862384" lon="-72.90984627">
        <time>2026-09-07T14:03:33+00:00Z</time>
      </trkpt>
      <trkpt lat="41.30864496" lon="-72.90984535">
        <time>2026-09-07T14:03:34+00:00Z</time>
      </trkpt>
      <trkpt lat="41.30866776" lon="-72.90984258">
        <time>2026-09-07T14:03:35+00:00Z</time>
      </trkpt>
      <trkpt lat="41.30868671" lon="-72.90984174">
        <time>2026-09-07T14:03:36+00:00Z</time>
      </trkpt>
      <trkpt lat="41.30871470" lon="-72.90983789">
        <time>2026-09-07T14:03:37+00:00Z</time>
      </trkpt>
      <trkpt lat="41.30873356" lon="-72.90983261">
        <time>2026-09-07T14:03:38+00:00Z</time>
      </trkpt>
      <trkpt lat="41.30876097" lon="-72.90982196">
        <time>2026-09-07T14:03:39+00:00Z</time>
      </trkpt>
      <trkpt lat="41.30877865" lon="-72.90981534">
        <time>2026-09-07T14:03:40+00:00Z</time>
      </trkpt>
      <trkpt lat="41.30880514" lon="-72.90980369">
        <time>2026-09-07T14:03:41+00:00Z</time>
      </trkpt>
      <trkpt lat="41.30881914" lon="-72.90979338">
        <time>2026-09-07T14:03:42+00:00Z</time>
      </trkpt>
      <trkpt lat="41.30884152" lon="-72.90976748">
        <time>2026-09-07T14:03:43+00:00Z</time>
      </trkpt>
      <trkpt lat="41.30885568" lon="-72.90975264">
        <time>2026-09-07T14:03:44+00:00Z</time>
      </trkpt>
      <trkpt lat="41.30886884" lon="-72.90972523">
        <time>2026-09-07T14:03:45+00:00Z</time>
      </trkpt>
      <trkpt lat="41.30887899" lon="-72.90970151">
        <time>2026-09-07T14:03:46+00:00Z</time>
      </trkpt>
      <trkpt lat="41.30888687" lon="-72.90967402">
        <time>2026-09-07T14:03:47+00:00Z</time>
      </trkpt>
      <trkpt lat="41.30889541" lon="-72.90964368">
        <time>2026-09-07T14:03:48+00:00Z</time>
      </trkpt>
      <trkpt lat="41.30890120" lon="-72.90961484">
        <time>2026-09-07T14:03:49+00:00Z</time>
      </trkpt>
      <trkpt lat="41.30890631" lon="-72.90958341">
        <time>2026-09-07T14:03:50+00:00Z</time>
      </trkpt>
      <trkpt lat="41.30890950" lon="-72.90955701">
        <time>2026-09-07T14:03:51+00:00Z</time>
      </trkpt>
      <trkpt lat="41.30891377" lon="-72.90952407">
        <time>2026-09-07T14:03:52+00:00Z</time>
      </trkpt>
      <trkpt lat="41.30891696" lon="-72.90950253">
        <time>2026-09-07T14:03:53+00:00Z</time>
      </trkpt>
      <trkpt lat="41.30891830" lon="-72.90946824">
        <time>2026-09-07T14:03:54+00:00Z</time>
      </trkpt>
      <trkpt lat="41.30891595" lon="-72.90944595">
        <time>2026-09-07T14:03:55+00:00Z</time>
      </trkpt>
      <trkpt lat="41.30891738" lon="-72.90941167">
        <time>2026-09-07T14:03:56+00:00Z</time>
      </trkpt>
      <trkpt lat="41.30891763" lon="-72.90939440">
        <time>2026-09-07T14:03:57+00:00Z</time>
      </trkpt>
      <trkpt lat="41.30891947" lon="-72.90935509">
        <time>2026-09-07T14:03:58+00:00Z</time>
      </trkpt>
      <trkpt lat="41.30892224" lon="-72.90933564">
        <time>2026-09-07T14:03:59+00:00Z</time>
      </trkpt>
      <trkpt lat="41.30892232" lon="-72.90929415">
        <time>2026-09-07T14:04:00+00:00Z</time>
      </trkpt>
      <trkpt lat="41.30892115" lon="-72.90927219">
        <time>2026-09-07T14:04:01+00:00Z</time>
      </trkpt>
      <trkpt lat="41.30891494" lon="-72.90923422">
        <time>2026-09-07T14:04:02+00:00Z</time>
      </trkpt>
      <trkpt lat="41.30891318" lon="-72.90921553">
        <time>2026-09-07T14:04:03+00:00Z</time>
      </trkpt>
      <trkpt lat="41.30891042" lon="-72.90917739">
        <time>2026-09-07T14:04:04+00:00Z</time>
      </trkpt>
      <trkpt lat="41.30891260" lon="-72.90915753">
        <time>2026-09-07T14:04:05+00:00Z</time>
      </trkpt>
      <trkpt lat="41.30891511" lon="-72.90912090">
        <time>2026-09-07T14:04:06+00:00Z</time>
      </trkpt>
      <trkpt lat="41.30891696" lon="-72.90909550">
        <time>2026-09-07T14:04:07+00:00Z</time>
      </trkpt>
      <trkpt lat="41.30891939" lon="-72.90906332">
        <time>2026-09-07T14:04:08+00:00Z</time>
      </trkpt>
      <trkpt lat="41.30892056" lon="-72.90903876">
        <time>2026-09-07T14:04:09+00:00Z</time>
      </trkpt>
      <trkpt lat="41.30892199" lon="-72.90900724">
        <time>2026-09-07T14:04:10+00:00Z</time>
      </trkpt>
      <trkpt lat="41.30892592" lon="-72.90898478">
        <time>2026-09-07T14:04:11+00:00Z</time>
      </trkpt>
      <trkpt lat="41.30892500" lon="-72.90895376">
        <time>2026-09-07T14:04:12+00:00Z</time>
      </trkpt>
      <trkpt lat="41.30892718" lon="-72.90892527">
        <time>2026-09-07T14:04:13+00:00Z</time>
      </trkpt>
      <trkpt lat="41.30892190" lon="-72.90889568">
        <time>2026-09-07T14:04:14+00:00Z</time>
      </trkpt>
      <trkpt lat="41.30892023" lon="-72.90886860">
        <time>2026-09-07T14:04:15+00:00Z</time>
      </trkpt>
      <trkpt lat="41.30891939" lon="-72.90884295">
        <time>2026-09-07T14:04:16+00:00Z</time>
      </trkpt>
      <trkpt lat="41.30892056" lon="-72.90881144">
        <time>2026-09-07T14:04:17+00:00Z</time>
      </trkpt>
      <trkpt lat="41.30891662" lon="-72.90878722">
        <time>2026-09-07T14:04:18+00:00Z</time>
      </trkpt>
      <trkpt lat="41.30891494" lon="-72.90875637">
        <time>2026-09-07T14:04:19+00:00Z</time>
      </trkpt>
      <trkpt lat="41.30891209" lon="-72.90873097">
        <time>2026-09-07T14:04:20+00:00Z</time>
      </trkpt>
      <trkpt lat="41.30891067" lon="-72.90869862">
        <time>2026-09-07T14:04:21+00:00Z</time>
      </trkpt>
      <trkpt lat="41.30890941" lon="-72.90867255">
        <time>2026-09-07T14:04:22+00:00Z</time>
      </trkpt>
      <trkpt lat="41.30890723" lon="-72.90863995">
        <time>2026-09-07T14:04:23+00:00Z</time>
      </trkpt>
      <trkpt lat="41.30890497" lon="-72.90861363">
        <time>2026-09-07T14:04:24+00:00Z</time>
      </trkpt>
      <trkpt lat="41.30890195" lon="-72.90858110">
        <time>2026-09-07T14:04:25+00:00Z</time>
      </trkpt>
      <trkpt lat="41.30889692" lon="-72.90855663">
        <time>2026-09-07T14:04:26+00:00Z</time>
      </trkpt>
      <trkpt lat="41.30889307" lon="-72.90852293">
        <time>2026-09-07T14:04:27+00:00Z</time>
      </trkpt>
      <trkpt lat="41.30889055" lon="-72.90849854">
        <time>2026-09-07T14:04:28+00:00Z</time>
      </trkpt>
      <trkpt lat="41.30888578" lon="-72.90846795">
        <time>2026-09-07T14:04:29+00:00Z</time>
      </trkpt>
      <trkpt lat="41.30888242" lon="-72.90844725">
        <time>2026-09-07T14:04:30+00:00Z</time>
      </trkpt>
      <trkpt lat="41.30887806" lon="-72.90841280">
        <time>2026-09-07T14:04:31+00:00Z</time>
      </trkpt>
      <trkpt lat="41.30887412" lon="-72.90838597">
        <time>2026-09-07T14:04:32+00:00Z</time>
      </trkpt>
      <trkpt lat="41.30886951" lon="-72.90835085">
        <time>2026-09-07T14:04:33+00:00Z</time>
      </trkpt>
      <trkpt lat="41.30886516" lon="-72.90832780">
        <time>2026-09-07T14:04:34+00:00Z</time>
      </trkpt>
      <trkpt lat="41.30886222" lon="-72.90829184">
        <time>2026-09-07T14:04:35+00:00Z</time>
      </trkpt>
      <trkpt lat="41.30886231" lon="-72.90826921">
        <time>2026-09-07T14:04:36+00:00Z</time>
      </trkpt>
      <trkpt lat="41.30885610" lon="-72.90822705">
        <time>2026-09-07T14:04:37+00:00Z</time>
      </trkpt>
      <trkpt lat="41.30885258" lon="-72.90820752">
        <time>2026-09-07T14:04:38+00:00Z</time>
      </trkpt>
      <trkpt lat="41.30884429" lon="-72.90816335">
        <time>2026-09-07T14:04:39+00:00Z</time>
      </trkpt>
      <trkpt lat="41.30883934" lon="-72.90814231">
        <time>2026-09-07T14:04:40+00:00Z</time>
      </trkpt>
      <trkpt lat="41.30883020" lon="-72.90810501">
        <time>2026-09-07T14:04:41+00:00Z</time>
      </trkpt>
      <trkpt lat="41.30882970" lon="-72.90808548">
        <time>2026-09-07T14:04:42+00:00Z</time>
      </trkpt>
      <trkpt lat="41.30882492" lon="-72.90804776">
        <time>2026-09-07T14:04:43+00:00Z</time>
      </trkpt>
      <trkpt lat="41.30882844" lon="-72.90802312">
        <time>2026-09-07T14:04:44+00:00Z</time>
      </trkpt>
      <trkpt lat="41.30882534" lon="-72.90799387">
        <time>2026-09-07T14:04:45+00:00Z</time>
      </trkpt>
      <trkpt lat="41.30882266" lon="-72.90797283">
        <time>2026-09-07T14:04:46+00:00Z</time>
      </trkpt>
      <trkpt lat="41.30881679" lon="-72.90794165">
        <time>2026-09-07T14:04:47+00:00Z</time>
      </trkpt>
      <trkpt lat="41.30881788" lon="-72.90792153">
        <time>2026-09-07T14:04:48+00:00Z</time>
      </trkpt>
      <trkpt lat="41.30881327" lon="-72.90788256">
        <time>2026-09-07T14:04:49+00:00Z</time>
      </trkpt>
      <trkpt lat="41.30881310" lon="-72.90785976">
        <time>2026-09-07T14:04:50+00:00Z</time>
      </trkpt>
      <trkpt lat="41.30881051" lon="-72.90782531">
        <time>2026-09-07T14:04:51+00:00Z</time>
      </trkpt>
      <trkpt lat="41.30880891" lon="-72.90780259">
        <time>2026-09-07T14:04:52+00:00Z</time>
      </trkpt>
      <trkpt lat="41.30880514" lon="-72.90776672">
        <time>2026-09-07T14:04:53+00:00Z</time>
      </trkpt>
      <trkpt lat="41.30880330" lon="-72.90774300">
        <time>2026-09-07T14:04:54+00:00Z</time>
      </trkpt>
      <trkpt lat="41.30879927" lon="-72.90771140">
        <time>2026-09-07T14:04:55+00:00Z</time>
      </trkpt>
      <trkpt lat="41.30879751" lon="-72.90768684">
        <time>2026-09-07T14:04:56+00:00Z</time>
      </trkpt>
      <trkpt lat="41.30879433" lon="-72.90765516">
        <time>2026-09-07T14:04:57+00:00Z</time>
      </trkpt>
      <trkpt lat="41.30879433" lon="-72.90762657">
        <time>2026-09-07T14:04:58+00:00Z</time>
      </trkpt>
      <trkpt lat="41.30878846" lon="-72.90759296">
        <time>2026-09-07T14:04:59+00:00Z</time>
      </trkpt>
      <trkpt lat="41.30878829" lon="-72.90756430">
        <time>2026-09-07T14:05:00+00:00Z</time>
      </trkpt>
      <trkpt lat="41.30877933" lon="-72.90753203">
        <time>2026-09-07T14:05:01+00:00Z</time>
      </trkpt>
      <trkpt lat="41.30877731" lon="-72.90750252">
        <time>2026-09-07T14:05:02+00:00Z</time>
      </trkpt>
      <trkpt lat="41.30877388" lon="-72.90746916">
        <time>2026-09-07T14:05:03+00:00Z</time>
      </trkpt>
      <trkpt lat="41.30877279" lon="-72.90744888">
        <time>2026-09-07T14:05:04+00:00Z</time>
      </trkpt>
      <trkpt lat="41.30876667" lon="-72.90741652">
        <time>2026-09-07T14:05:05+00:00Z</time>
      </trkpt>
      <trkpt lat="41.30876457" lon="-72.90739574">
        <time>2026-09-07T14:05:06+00:00Z</time>
      </trkpt>
      <trkpt lat="41.30875736" lon="-72.90736263">
        <time>2026-09-07T14:05:07+00:00Z</time>
      </trkpt>
      <trkpt lat="41.30875661" lon="-72.90734142">
        <time>2026-09-07T14:05:08+00:00Z</time>
      </trkpt>
      <trkpt lat="41.30875150" lon="-72.90730437">
        <time>2026-09-07T14:05:09+00:00Z</time>
      </trkpt>
      <trkpt lat="41.30874840" lon="-72.90728224">
        <time>2026-09-07T14:05:10+00:00Z</time>
      </trkpt>
      <trkpt lat="41.30874412" lon="-72.90724712">
        <time>2026-09-07T14:05:11+00:00Z</time>
      </trkpt>
      <trkpt lat="41.30874068" lon="-72.90722701">
        <time>2026-09-07T14:05:12+00:00Z</time>
      </trkpt>
      <trkpt lat="41.30873339" lon="-72.90719834">
        <time>2026-09-07T14:05:13+00:00Z</time>
      </trkpt>
      <trkpt lat="41.30872920" lon="-72.90717848">
        <time>2026-09-07T14:05:14+00:00Z</time>
      </trkpt>
      <trkpt lat="41.30872459" lon="-72.90714361">
        <time>2026-09-07T14:05:15+00:00Z</time>
      </trkpt>
      <trkpt lat="41.30872258" lon="-72.90712307">
        <time>2026-09-07T14:05:16+00:00Z</time>
      </trkpt>
      <trkpt lat="41.30871680" lon="-72.90708971">
        <time>2026-09-07T14:05:17+00:00Z</time>
      </trkpt>
      <trkpt lat="41.30871261" lon="-72.90706842">
        <time>2026-09-07T14:05:18+00:00Z</time>
      </trkpt>
      <trkpt lat="41.30870825" lon="-72.90703506">
        <time>2026-09-07T14:05:19+00:00Z</time>
      </trkpt>
      <trkpt lat="41.30870163" lon="-72.90701536">
        <time>2026-09-07T14:05:20+00:00Z</time>
      </trkpt>
      <trkpt lat="41.30869534" lon="-72.90698376">
        <time>2026-09-07T14:05:21+00:00Z</time>
      </trkpt>
      <trkpt lat="41.30869081" lon="-72.90695904">
        <time>2026-09-07T14:05:22+00:00Z</time>
      </trkpt>
      <trkpt lat="41.30868327" lon="-72.90692375">
        <time>2026-09-07T14:05:23+00:00Z</time>
      </trkpt>
      <trkpt lat="41.30868084" lon="-72.90689676">
        <time>2026-09-07T14:05:24+00:00Z</time>
      </trkpt>
      <trkpt lat="41.30867623" lon="-72.90686265">
        <time>2026-09-07T14:05:25+00:00Z</time>
      </trkpt>
      <trkpt lat="41.30867187" lon="-72.90683909">
        <time>2026-09-07T14:05:26+00:00Z</time>
      </trkpt>
      <trkpt lat="41.30866374" lon="-72.90680473">
        <time>2026-09-07T14:05:27+00:00Z</time>
      </trkpt>
      <trkpt lat="41.30866324" lon="-72.90678143">
        <time>2026-09-07T14:05:28+00:00Z</time>
      </trkpt>
      <trkpt lat="41.30865712" lon="-72.90674916">
        <time>2026-09-07T14:05:29+00:00Z</time>
      </trkpt>
      <trkpt lat="41.30865410" lon="-72.90672636">
        <time>2026-09-07T14:05:30+00:00Z</time>
      </trkpt>
      <trkpt lat="41.30864664" lon="-72.90669610">
        <time>2026-09-07T14:05:31+00:00Z</time>
      </trkpt>
      <trkpt lat="41.30863968" lon="-72.90667506">
        <time>2026-09-07T14:05:32+00:00Z</time>
      </trkpt>
      <trkpt lat="41.30863281" lon="-72.90664220">
        <time>2026-09-07T14:05:33+00:00Z</time>
      </trkpt>
      <trkpt lat="41.30863172" lon="-72.90661924">
        <time>2026-09-07T14:05:34+00:00Z</time>
      </trkpt>
      <trkpt lat="41.30862753" lon="-72.90658604">
        <time>2026-09-07T14:05:35+00:00Z</time>
      </trkpt>
      <trkpt lat="41.30862493" lon="-72.90656299">
        <time>2026-09-07T14:05:36+00:00Z</time>
      </trkpt>
      <trkpt lat="41.30861789" lon="-72.90653299">
        <time>2026-09-07T14:05:37+00:00Z</time>
      </trkpt>
      <trkpt lat="41.30861504" lon="-72.90651178">
        <time>2026-09-07T14:05:38+00:00Z</time>
      </trkpt>
      <trkpt lat="41.30860800" lon="-72.90647976">
        <time>2026-09-07T14:05:39+00:00Z</time>
      </trkpt>
      <trkpt lat="41.30860557" lon="-72.90645411">
        <time>2026-09-07T14:05:40+00:00Z</time>
      </trkpt>
      <trkpt lat="41.30860029" lon="-72.90642067">
        <time>2026-09-07T14:05:41+00:00Z</time>
      </trkpt>
      <trkpt lat="41.30859978" lon="-72.90639410">
        <time>2026-09-07T14:05:42+00:00Z</time>
      </trkpt>
      <trkpt lat="41.30859249" lon="-72.90636359">
        <time>2026-09-07T14:05:43+00:00Z</time>
      </trkpt>
      <trkpt lat="41.30859006" lon="-72.90633693">
        <time>2026-09-07T14:05:44+00:00Z</time>
      </trkpt>
      <trkpt lat="41.30858403" lon="-72.90630785">
        <time>2026-09-07T14:05:45+00:00Z</time>
      </trkpt>
      <trkpt lat="41.30858336" lon="-72.90628287">
        <time>2026-09-07T14:05:46+00:00Z</time>
      </trkpt>
      <trkpt lat="41.30857665" lon="-72.90625739">
        <time>2026-09-07T14:05:47+00:00Z</time>
      </trkpt>
      <trkpt lat="41.30857422" lon="-72.90623115">
        <time>2026-09-07T14:05:48+00:00Z</time>
      </trkpt>
      <trkpt lat="41.30856785" lon="-72.90620408">
        <time>2026-09-07T14:05:49+00:00Z</time>
      </trkpt>
      <trkpt lat="41.30856316" lon="-72.90617122">
        <time>2026-09-07T14:05:50+00:00Z</time>
      </trkpt>
      <trkpt lat="41.30855653" lon="-72.90614323">
        <time>2026-09-07T14:05:51+00:00Z</time>
      </trkpt>
      <trkpt lat="41.30855192" lon="-72.90611314">
        <time>2026-09-07T14:05:52+00:00Z</time>
      </trkpt>
      <trkpt lat="41.30854539" lon="-72.90608766">
        <time>2026-09-07T14:05:53+00:00Z</time>
      </trkpt>
      <trkpt lat="41.30854212" lon="-72.90605413">
        <time>2026-09-07T14:05:54+00:00Z</time>
      </trkpt>
      <trkpt lat="41.30853700" lon="-72.90602697">
        <time>2026-09-07T14:05:55+00:00Z</time>
      </trkpt>
      <trkpt lat="41.30853214" lon="-72.90599286">
        <time>2026-09-07T14:05:56+00:00Z</time>
      </trkpt>
      <trkpt lat="41.30852795" lon="-72.90597090">
        <time>2026-09-07T14:05:57+00:00Z</time>
      </trkpt>
      <trkpt lat="41.30852259" lon="-72.90593963">
        <time>2026-09-07T14:05:58+00:00Z</time>
      </trkpt>
      <trkpt lat="41.30851571" lon="-72.90592127">
        <time>2026-09-07T14:05:59+00:00Z</time>
      </trkpt>
      <trkpt lat="41.30850784" lon="-72.90588322">
        <time>2026-09-07T14:06:00+00:00Z</time>
      </trkpt>
      <trkpt lat="41.30850859" lon="-72.90586168">
        <time>2026-09-07T14:06:01+00:00Z</time>
      </trkpt>
      <trkpt lat="41.30850239" lon="-72.90582296">
        <time>2026-09-07T14:06:02+00:00Z</time>
      </trkpt>
      <trkpt lat="41.30849660" lon="-72.90580058">
        <time>2026-09-07T14:06:03+00:00Z</time>
      </trkpt>
      <trkpt lat="41.30848998" lon="-72.90576437">
        <time>2026-09-07T14:06:04+00:00Z</time>
      </trkpt>
      <trkpt lat="41.30848789" lon="-72.90574274">
        <time>2026-09-07T14:06:05+00:00Z</time>
      </trkpt>
      <trkpt lat="41.30848470" lon="-72.90570653">
        <time>2026-09-07T14:06:06+00:00Z</time>
      </trkpt>
      <trkpt lat="41.30848303" lon="-72.90568482">
        <time>2026-09-07T14:06:07+00:00Z</time>
      </trkpt>
      <trkpt lat="41.30848177" lon="-72.90564476">
        <time>2026-09-07T14:06:08+00:00Z</time>
      </trkpt>
      <trkpt lat="41.30848194" lon="-72.90561902">
        <time>2026-09-07T14:06:09+00:00Z</time>
      </trkpt>
      <trkpt lat="41.30847515" lon="-72.90559765">
        <time>2026-09-07T14:06:10+00:00Z</time>
      </trkpt>
      <trkpt lat="41.30846894" lon="-72.90557410">
        <time>2026-09-07T14:06:11+00:00Z</time>
      </trkpt>
      <trkpt lat="41.30846475" lon="-72.90554996">
        <time>2026-09-07T14:06:12+00:00Z</time>
      </trkpt>
      <trkpt lat="41.30846098" lon="-72.90552665">
        <time>2026-09-07T14:06:13+00:00Z</time>
      </trkpt>
      <trkpt lat="41.30845654" lon="-72.90550109">
        <time>2026-09-07T14:06:14+00:00Z</time>
      </trkpt>
      <trkpt lat="41.30845310" lon="-72.90547988">
        <time>2026-09-07T14:06:15+00:00Z</time>
      </trkpt>
      <trkpt lat="41.30844967" lon="-72.90546203">
        <time>2026-09-07T14:06:16+00:00Z</time>
      </trkpt>
      <trkpt lat="41.30844665" lon="-72.90544828">
        <time>2026-09-07T14:06:17+00:00Z</time>
      </trkpt>
      <trkpt lat="41.30844363" lon="-72.90543269">
        <time>2026-09-07T14:06:18+00:00Z</time>
      </trkpt>
      <trkpt lat="41.30844036" lon="-72.90541534">
        <time>2026-09-07T14:06:19+00:00Z</time>
      </trkpt>
      <trkpt lat="41.30843701" lon="-72.90540109">
        <time>2026-09-07T14:06:20+00:00Z</time>
      </trkpt>
      <trkpt lat="41.30843475" lon="-72.90538291">
        <time>2026-09-07T14:06:21+00:00Z</time>
      </trkpt>
      <trkpt lat="41.30843332" lon="-72.90536631">
        <time>2026-09-07T14:06:22+00:00Z</time>
      </trkpt>
      <trkpt lat="41.30843156" lon="-72.90534887">
        <time>2026-09-07T14:06:23+00:00Z</time>
      </trkpt>
      <trkpt lat="41.30842963" lon="-72.90533102">
        <time>2026-09-07T14:06:24+00:00Z</time>
      </trkpt>
      <trkpt lat="41.30842888" lon="-72.90531241">
        <time>2026-09-07T14:06:25+00:00Z</time>
      </trkpt>
      <trkpt lat="41.30842661" lon="-72.90529330">
        <time>2026-09-07T14:06:26+00:00Z</time>
      </trkpt>
      <trkpt lat="41.30842502" lon="-72.90527805">
        <time>2026-09-07T14:06:27+00:00Z</time>
      </trkpt>
      <trkpt lat="41.30842477" lon="-72.90526195">
        <time>2026-09-07T14:06:28+00:00Z</time>
      </trkpt>
      <trkpt lat="41.30842703" lon="-72.90524888">
        <time>2026-09-07T14:06:29+00:00Z</time>
      </trkpt>
      <trkpt lat="41.30842678" lon="-72.90523438">
        <time>2026-09-07T14:06:30+00:00Z</time>
      </trkpt>
      <trkpt lat="41.30842653" lon="-72.90521996">
        <time>2026-09-07T14:06:31+00:00Z</time>
      </trkpt>
      <trkpt lat="41.30842485" lon="-72.90519725">
        <time>2026-09-07T14:06:32+00:00Z</time>
      </trkpt>
      <trkpt lat="41.30842251" lon="-72.90517772">
        <time>2026-09-07T14:06:33+00:00Z</time>
      </trkpt>
      <trkpt lat="41.30842058" lon="-72.90515576">
        <time>2026-09-07T14:06:34+00:00Z</time>
      </trkpt>
      <trkpt lat="41.30841890" lon="-72.90513597">
        <time>2026-09-07T14:06:35+00:00Z</time>
      </trkpt>
      <trkpt lat="41.30841807" lon="-72.90511435">
        <time>2026-09-07T14:06:36+00:00Z</time>
      </trkpt>
      <trkpt lat="41.30841614" lon="-72.90509147">
        <time>2026-09-07T14:06:37+00:00Z</time>
      </trkpt>
      <trkpt lat="41.30841237" lon="-72.90506892">
        <time>2026-09-07T14:06:38+00:00Z</time>
      </trkpt>
      <trkpt lat="41.30840826" lon="-72.90504210">
        <time>2026-09-07T14:06:39+00:00Z</time>
      </trkpt>
      <trkpt lat="41.30840482" lon="-72.90501880">
        <time>2026-09-07T14:06:40+00:00Z</time>
      </trkpt>
      <trkpt lat="41.30840071" lon="-72.90498351">
        <time>2026-09-07T14:06:41+00:00Z</time>
      </trkpt>
      <trkpt lat="41.30840549" lon="-72.90496465">
        <time>2026-09-07T14:06:42+00:00Z</time>
      </trkpt>
      <trkpt lat="41.30840440" lon="-72.90493045">
        <time>2026-09-07T14:06:43+00:00Z</time>
      </trkpt>
      <trkpt lat="41.30840382" lon="-72.90490891">
        <time>2026-09-07T14:06:44+00:00Z</time>
      </trkpt>
      <trkpt lat="41.30840415" lon="-72.90487882">
        <time>2026-09-07T14:06:45+00:00Z</time>
      </trkpt>
      <trkpt lat="41.30840608" lon="-72.90485049">
        <time>2026-09-07T14:06:46+00:00Z</time>
      </trkpt>
      <trkpt lat="41.30840709" lon="-72.90482383">
        <time>2026-09-07T14:06:47+00:00Z</time>
      </trkpt>
      <trkpt lat="41.30840591" lon="-72.90479550">
        <time>2026-09-07T14:06:48+00:00Z</time>
      </trkpt>
      <trkpt lat="41.30840499" lon="-72.90477170">
        <time>2026-09-07T14:06:49+00:00Z</time>
      </trkpt>
      <trkpt lat="41.30840348" lon="-72.90473582">
        <time>2026-09-07T14:06:50+00:00Z</time>
      </trkpt>
      <trkpt lat="41.30840675" lon="-72.90471395">
        <time>2026-09-07T14:06:51+00:00Z</time>
      </trkpt>
      <trkpt lat="41.30840667" lon="-72.90467908">
        <time>2026-09-07T14:06:52+00:00Z</time>
      </trkpt>
      <trkpt lat="41.30840935" lon="-72.90465527">
        <time>2026-09-07T14:06:53+00:00Z</time>
      </trkpt>
      <trkpt lat="41.30841203" lon="-72.90461990">
        <time>2026-09-07T14:06:54+00:00Z</time>
      </trkpt>
      <trkpt lat="41.30841488" lon="-72.90459786">
        <time>2026-09-07T14:06:55+00:00Z</time>
      </trkpt>
      <trkpt lat="41.30841815" lon="-72.90456634">
        <time>2026-09-07T14:06:56+00:00Z</time>
      </trkpt>
      <trkpt lat="41.30842360" lon="-72.90454203">
        <time>2026-09-07T14:06:57+00:00Z</time>
      </trkpt>
      <trkpt lat="41.30842377" lon="-72.90451848">
        <time>2026-09-07T14:06:58+00:00Z</time>
      </trkpt>
      <trkpt lat="41.30842494" lon="-72.90449082">
        <time>2026-09-07T14:06:59+00:00Z</time>
      </trkpt>
      <trkpt lat="41.30841974" lon="-72.90446928">
        <time>2026-09-07T14:07:00+00:00Z</time>
      </trkpt>
      <trkpt lat="41.30841488" lon="-72.90443810">
        <time>2026-09-07T14:07:01+00:00Z</time>
      </trkpt>
      <trkpt lat="41.30841128" lon="-72.90441622">
        <time>2026-09-07T14:07:02+00:00Z</time>
      </trkpt>
      <trkpt lat="41.30841270" lon="-72.90437842">
        <time>2026-09-07T14:07:03+00:00Z</time>
      </trkpt>
      <trkpt lat="41.30841253" lon="-72.90435679">
        <time>2026-09-07T14:07:04+00:00Z</time>
      </trkpt>
      <trkpt lat="41.30841463" lon="-72.90432561">
        <time>2026-09-07T14:07:05+00:00Z</time>
      </trkpt>
      <trkpt lat="41.30841790" lon="-72.90430374">
        <time>2026-09-07T14:07:06+00:00Z</time>
      </trkpt>
      <trkpt lat="41.30842159" lon="-72.90427842">
        <time>2026-09-07T14:07:07+00:00Z</time>
      </trkpt>
      <trkpt lat="41.30842536" lon="-72.90425495">
        <time>2026-09-07T14:07:08+00:00Z</time>
      </trkpt>
      <trkpt lat="41.30842980" lon="-72.90423006">
        <time>2026-09-07T14:07:09+00:00Z</time>
      </trkpt>
      <trkpt lat="41.30843273" lon="-72.90420097">
        <time>2026-09-07T14:07:10+00:00Z</time>
      </trkpt>
      <trkpt lat="41.30843156" lon="-72.90417884">
        <time>2026-09-07T14:07:11+00:00Z</time>
      </trkpt>
      <trkpt lat="41.30843173" lon="-72.90414381">
        <time>2026-09-07T14:07:12+00:00Z</time>
      </trkpt>
      <trkpt lat="41.30843391" lon="-72.90412126">
        <time>2026-09-07T14:07:13+00:00Z</time>
      </trkpt>
      <trkpt lat="41.30843516" lon="-72.90409259">
        <time>2026-09-07T14:07:14+00:00Z</time>
      </trkpt>
      <trkpt lat="41.30843399" lon="-72.90406619">
        <time>2026-09-07T14:07:15+00:00Z</time>
      </trkpt>
      <trkpt lat="41.30843458" lon="-72.90404021">
        <time>2026-09-07T14:07:16+00:00Z</time>
      </trkpt>
      <trkpt lat="41.30843500" lon="-72.90401674">
        <time>2026-09-07T14:07:17+00:00Z</time>
      </trkpt>
      <trkpt lat="41.30843609" lon="-72.90398874">
        <time>2026-09-07T14:07:18+00:00Z</time>
      </trkpt>
      <trkpt lat="41.30843625" lon="-72.90396754">
        <time>2026-09-07T14:07:19+00:00Z</time>
      </trkpt>
      <trkpt lat="41.30843676" lon="-72.90394013">
        <time>2026-09-07T14:07:20+00:00Z</time>
      </trkpt>
      <trkpt lat="41.30843860" lon="-72.90391616">
        <time>2026-09-07T14:07:21+00:00Z</time>
      </trkpt>
      <trkpt lat="41.30843592" lon="-72.90388925">
        <time>2026-09-07T14:07:22+00:00Z</time>
      </trkpt>
      <trkpt lat="41.30843894" lon="-72.90386830">
        <time>2026-09-07T14:07:23+00:00Z</time>
      </trkpt>
      <trkpt lat="41.30843919" lon="-72.90384508">
        <time>2026-09-07T14:07:24+00:00Z</time>
      </trkpt>
      <trkpt lat="41.30844145" lon="-72.90381951">
        <time>2026-09-07T14:07:25+00:00Z</time>
      </trkpt>
      <trkpt lat="41.30844187" lon="-72.90379252">
        <time>2026-09-07T14:07:26+00:00Z</time>
      </trkpt>
      <trkpt lat="41.30844673" lon="-72.90377107">
        <time>2026-09-07T14:07:27+00:00Z</time>
      </trkpt>
      <trkpt lat="41.30844866" lon="-72.90374718">
        <time>2026-09-07T14:07:28+00:00Z</time>
      </trkpt>
      <trkpt lat="41.30845335" lon="-72.90371943">
        <time>2026-09-07T14:07:29+00:00Z</time>
      </trkpt>
      <trkpt lat="41.30845377" lon="-72.90369378">
        <time>2026-09-07T14:07:30+00:00Z</time>
      </trkpt>
      <trkpt lat="41.30845344" lon="-72.90366705">
        <time>2026-09-07T14:07:31+00:00Z</time>
      </trkpt>
      <trkpt lat="41.30845335" lon="-72.90364475">
        <time>2026-09-07T14:07:32+00:00Z</time>
      </trkpt>
      <trkpt lat="41.30845503" lon="-72.90361784">
        <time>2026-09-07T14:07:33+00:00Z</time>
      </trkpt>
      <trkpt lat="41.30845712" lon="-72.90359203">
        <time>2026-09-07T14:07:34+00:00Z</time>
      </trkpt>
      <trkpt lat="41.30845704" lon="-72.90356219">
        <time>2026-09-07T14:07:35+00:00Z</time>
      </trkpt>
      <trkpt lat="41.30845754" lon="-72.90353897">
        <time>2026-09-07T14:07:36+00:00Z</time>
      </trkpt>
      <trkpt lat="41.30845763" lon="-72.90350427">
        <time>2026-09-07T14:07:37+00:00Z</time>
      </trkpt>
      <trkpt lat="41.30846014" lon="-72.90347627">
        <time>2026-09-07T14:07:38+00:00Z</time>
      </trkpt>
      <trkpt lat="41.30846442" lon="-72.90344593">
        <time>2026-09-07T14:07:39+00:00Z</time>
      </trkpt>
      <trkpt lat="41.30846702" lon="-72.90342238">
        <time>2026-09-07T14:07:40+00:00Z</time>
      </trkpt>
      <trkpt lat="41.30846852" lon="-72.90339053">
        <time>2026-09-07T14:07:41+00:00Z</time>
      </trkpt>
      <trkpt lat="41.30847473" lon="-72.90336848">
        <time>2026-09-07T14:07:42+00:00Z</time>
      </trkpt>
      <trkpt lat="41.30847615" lon="-72.90333353">
        <time>2026-09-07T14:07:43+00:00Z</time>
      </trkpt>
      <trkpt lat="41.30847816" lon="-72.90330553">
        <time>2026-09-07T14:07:44+00:00Z</time>
      </trkpt>
      <trkpt lat="41.30848319" lon="-72.90327444">
        <time>2026-09-07T14:07:45+00:00Z</time>
      </trkpt>
      <trkpt lat="41.30848562" lon="-72.90324368">
        <time>2026-09-07T14:07:46+00:00Z</time>
      </trkpt>
      <trkpt lat="41.30848998" lon="-72.90321576">
        <time>2026-09-07T14:07:47+00:00Z</time>
      </trkpt>
      <trkpt lat="41.30849208" lon="-72.90318877">
        <time>2026-09-07T14:07:48+00:00Z</time>
      </trkpt>
      <trkpt lat="41.30849392" lon="-72.90316329">
        <time>2026-09-07T14:07:49+00:00Z</time>
      </trkpt>
      <trkpt lat="41.30849686" lon="-72.90313111">
        <time>2026-09-07T14:07:50+00:00Z</time>
      </trkpt>
      <trkpt lat="41.30849618" lon="-72.90310521">
        <time>2026-09-07T14:07:51+00:00Z</time>
      </trkpt>
      <trkpt lat="41.30849468" lon="-72.90306740">
        <time>2026-09-07T14:07:52+00:00Z</time>
      </trkpt>
      <trkpt lat="41.30849308" lon="-72.90304159">
        <time>2026-09-07T14:07:53+00:00Z</time>
      </trkpt>
      <trkpt lat="41.30849275" lon="-72.90300337">
        <time>2026-09-07T14:07:54+00:00Z</time>
      </trkpt>
      <trkpt lat="41.30848973" lon="-72.90298266">
        <time>2026-09-07T14:07:55+00:00Z</time>
      </trkpt>
      <trkpt lat="41.30848604" lon="-72.90294779">
        <time>2026-09-07T14:07:56+00:00Z</time>
      </trkpt>
      <trkpt lat="41.30848738" lon="-72.90292550">
        <time>2026-09-07T14:07:57+00:00Z</time>
      </trkpt>
      <trkpt lat="41.30848646" lon="-72.90288921">
        <time>2026-09-07T14:07:58+00:00Z</time>
      </trkpt>
      <trkpt lat="41.30848696" lon="-72.90286565">
        <time>2026-09-07T14:07:59+00:00Z</time>
      </trkpt>
      <trkpt lat="41.30848889" lon="-72.90283053">
        <time>2026-09-07T14:08:00+00:00Z</time>
      </trkpt>
      <trkpt lat="41.30849191" lon="-72.90280522">
        <time>2026-09-07T14:08:01+00:00Z</time>
      </trkpt>
      <trkpt lat="41.30849275" lon="-72.90277345">
        <time>2026-09-07T14:08:02+00:00Z</time>
      </trkpt>
      <trkpt lat="41.30849493" lon="-72.90274705">
        <time>2026-09-07T14:08:03+00:00Z</time>
      </trkpt>
      <trkpt lat="41.30849878" lon="-72.90271587">
        <time>2026-09-07T14:08:04+00:00Z</time>
      </trkpt>
      <trkpt lat="41.30850331" lon="-72.90268804">
        <time>2026-09-07T14:08:05+00:00Z</time>
      </trkpt>
      <trkpt lat="41.30850339" lon="-72.90265962">
        <time>2026-09-07T14:08:06+00:00Z</time>
      </trkpt>
      <trkpt lat="41.30850457" lon="-72.90263146">
        <time>2026-09-07T14:08:07+00:00Z</time>
      </trkpt>
      <trkpt lat="41.30850566" lon="-72.90260506">
        <time>2026-09-07T14:08:08+00:00Z</time>
      </trkpt>
      <trkpt lat="41.30850205" lon="-72.90257187">
        <time>2026-09-07T14:08:09+00:00Z</time>
      </trkpt>
      <trkpt lat="41.30850591" lon="-72.90255007">
        <time>2026-09-07T14:08:10+00:00Z</time>
      </trkpt>
      <trkpt lat="41.30850440" lon="-72.90251688">
        <time>2026-09-07T14:08:11+00:00Z</time>
      </trkpt>
      <trkpt lat="41.30851354" lon="-72.90249366">
        <time>2026-09-07T14:08:12+00:00Z</time>
      </trkpt>
      <trkpt lat="41.30851605" lon="-72.90245804">
        <time>2026-09-07T14:08:13+00:00Z</time>
      </trkpt>
      <trkpt lat="41.30852133" lon="-72.90243398">
        <time>2026-09-07T14:08:14+00:00Z</time>
      </trkpt>
      <trkpt lat="41.30852695" lon="-72.90239819">
        <time>2026-09-07T14:08:15+00:00Z</time>
      </trkpt>
      <trkpt lat="41.30852804" lon="-72.90237615">
        <time>2026-09-07T14:08:16+00:00Z</time>
      </trkpt>
      <trkpt lat="41.30852720" lon="-72.90234706">
        <time>2026-09-07T14:08:17+00:00Z</time>
      </trkpt>
      <trkpt lat="41.30852820" lon="-72.90232334">
        <time>2026-09-07T14:08:18+00:00Z</time>
      </trkpt>
      <trkpt lat="41.30853047" lon="-72.90229359">
        <time>2026-09-07T14:08:19+00:00Z</time>
      </trkpt>
      <trkpt lat="41.30853432" lon="-72.90226358">
        <time>2026-09-07T14:08:20+00:00Z</time>
      </trkpt>
      <trkpt lat="41.30853952" lon="-72.90223483">
        <time>2026-09-07T14:08:21+00:00Z</time>
      </trkpt>
      <trkpt lat="41.30854346" lon="-72.90219761">
        <time>2026-09-07T14:08:22+00:00Z</time>
      </trkpt>
      <trkpt lat="41.30854438" lon="-72.90216853">
        <time>2026-09-07T14:08:23+00:00Z</time>
      </trkpt>
      <trkpt lat="41.30854505" lon="-72.90213265">
        <time>2026-09-07T14:08:24+00:00Z</time>
      </trkpt>
      <trkpt lat="41.30854606" lon="-72.90210491">
        <time>2026-09-07T14:08:25+00:00Z</time>
      </trkpt>
      <trkpt lat="41.30854262" lon="-72.90207105">
        <time>2026-09-07T14:08:26+00:00Z</time>
      </trkpt>
      <trkpt lat="41.30854287" lon="-72.90204498">
        <time>2026-09-07T14:08:27+00:00Z</time>
      </trkpt>
      <trkpt lat="41.30854446" lon="-72.90201397">
        <time>2026-09-07T14:08:28+00:00Z</time>
      </trkpt>
      <trkpt lat="41.30854488" lon="-72.90197985">
        <time>2026-09-07T14:08:29+00:00Z</time>
      </trkpt>
      <trkpt lat="41.30854815" lon="-72.90195320">
        <time>2026-09-07T14:08:30+00:00Z</time>
      </trkpt>
      <trkpt lat="41.30855058" lon="-72.90191741">
        <time>2026-09-07T14:08:31+00:00Z</time>
      </trkpt>
      <trkpt lat="41.30855176" lon="-72.90188899">
        <time>2026-09-07T14:08:32+00:00Z</time>
      </trkpt>
      <trkpt lat="41.30855519" lon="-72.90186133">
        <time>2026-09-07T14:08:33+00:00Z</time>
      </trkpt>
      <trkpt lat="41.30855905" lon="-72.90183543">
        <time>2026-09-07T14:08:34+00:00Z</time>
      </trkpt>
      <trkpt lat="41.30856584" lon="-72.90180559">
        <time>2026-09-07T14:08:35+00:00Z</time>
      </trkpt>
      <trkpt lat="41.30856852" lon="-72.90177869">
        <time>2026-09-07T14:08:36+00:00Z</time>
      </trkpt>
      <trkpt lat="41.30856978" lon="-72.90175270">
        <time>2026-09-07T14:08:37+00:00Z</time>
      </trkpt>
      <trkpt lat="41.30857154" lon="-72.90172513">
        <time>2026-09-07T14:08:38+00:00Z</time>
      </trkpt>
      <trkpt lat="41.30857305" lon="-72.90169956">
        <time>2026-09-07T14:08:39+00:00Z</time>
      </trkpt>
      <trkpt lat="41.30857380" lon="-72.90166872">
        <time>2026-09-07T14:08:40+00:00Z</time>
      </trkpt>
      <trkpt lat="41.30857204" lon="-72.90164634">
        <time>2026-09-07T14:08:41+00:00Z</time>
      </trkpt>
      <trkpt lat="41.30856869" lon="-72.90160920">
        <time>2026-09-07T14:08:42+00:00Z</time>
      </trkpt>
      <trkpt lat="41.30856978" lon="-72.90158481">
        <time>2026-09-07T14:08:43+00:00Z</time>
      </trkpt>
      <trkpt lat="41.30856936" lon="-72.90154844">
        <time>2026-09-07T14:08:44+00:00Z</time>
      </trkpt>
      <trkpt lat="41.30857321" lon="-72.90152295">
        <time>2026-09-07T14:08:45+00:00Z</time>
      </trkpt>
      <trkpt lat="41.30858101" lon="-72.90149085">
        <time>2026-09-07T14:08:46+00:00Z</time>
      </trkpt>
      <trkpt lat="41.30858126" lon="-72.90145976">
        <time>2026-09-07T14:08:47+00:00Z</time>
      </trkpt>
      <trkpt lat="41.30858394" lon="-72.90143394">
        <time>2026-09-07T14:08:48+00:00Z</time>
      </trkpt>
      <trkpt lat="41.30858763" lon="-72.90140385">
        <time>2026-09-07T14:08:49+00:00Z</time>
      </trkpt>
      <trkpt lat="41.30858830" lon="-72.90137518">
        <time>2026-09-07T14:08:50+00:00Z</time>
      </trkpt>
      <trkpt lat="41.30858847" lon="-72.90134777">
        <time>2026-09-07T14:08:51+00:00Z</time>
      </trkpt>
      <trkpt lat="41.30859015" lon="-72.90131793">
        <time>2026-09-07T14:08:52+00:00Z</time>
      </trkpt>
      <trkpt lat="41.30859165" lon="-72.90128876">
        <time>2026-09-07T14:08:53+00:00Z</time>
      </trkpt>
      <trkpt lat="41.30859467" lon="-72.90126127">
        <time>2026-09-07T14:08:54+00:00Z</time>
      </trkpt>
      <trkpt lat="41.30859442" lon="-72.90123294">
        <time>2026-09-07T14:08:55+00:00Z</time>
      </trkpt>
      <trkpt lat="41.30859819" lon="-72.90120897">
        <time>2026-09-07T14:08:56+00:00Z</time>
      </trkpt>
      <trkpt lat="41.30859911" lon="-72.90118164">
        <time>2026-09-07T14:08:57+00:00Z</time>
      </trkpt>
      <trkpt lat="41.30860163" lon="-72.90115608">
        <time>2026-09-07T14:08:58+00:00Z</time>
      </trkpt>
      <trkpt lat="41.30859953" lon="-72.90112850">
        <time>2026-09-07T14:08:59+00:00Z</time>
      </trkpt>
      <trkpt lat="41.30859526" lon="-72.90109590">
        <time>2026-09-07T14:09:00+00:00Z</time>
      </trkpt>
      <trkpt lat="41.30859417" lon="-72.90106748">
        <time>2026-09-07T14:09:01+00:00Z</time>
      </trkpt>
      <trkpt lat="41.30859325" lon="-72.90102826">
        <time>2026-09-07T14:09:02+00:00Z</time>
      </trkpt>
      <trkpt lat="41.30859702" lon="-72.90099976">
        <time>2026-09-07T14:09:03+00:00Z</time>
      </trkpt>
      <trkpt lat="41.30859626" lon="-72.90096279">
        <time>2026-09-07T14:09:04+00:00Z</time>
      </trkpt>
      <trkpt lat="41.30859911" lon="-72.90093631">
        <time>2026-09-07T14:09:05+00:00Z</time>
      </trkpt>
      <trkpt lat="41.30859744" lon="-72.90089624">
        <time>2026-09-07T14:09:06+00:00Z</time>
      </trkpt>
      <trkpt lat="41.30859995" lon="-72.90086975">
        <time>2026-09-07T14:09:07+00:00Z</time>
      </trkpt>
      <trkpt lat="41.30860104" lon="-72.90083899">
        <time>2026-09-07T14:09:08+00:00Z</time>
      </trkpt>
      <trkpt lat="41.30860230" lon="-72.90081183">
        <time>2026-09-07T14:09:09+00:00Z</time>
      </trkpt>
      <trkpt lat="41.30860322" lon="-72.90078929">
        <time>2026-09-07T14:09:10+00:00Z</time>
      </trkpt>
      <trkpt lat="41.30860398" lon="-72.90076297">
        <time>2026-09-07T14:09:11+00:00Z</time>
      </trkpt>
      <trkpt lat="41.30860481" lon="-72.90074562">
        <time>2026-09-07T14:09:12+00:00Z</time>
      </trkpt>
      <trkpt lat="41.30860632" lon="-72.90073028">
        <time>2026-09-07T14:09:13+00:00Z</time>
      </trkpt>
      <trkpt lat="41.30861202" lon="-72.90071678">
        <time>2026-09-07T14:09:14+00:00Z</time>
      </trkpt>
      <trkpt lat="41.30861697" lon="-72.90069499">
        <time>2026-09-07T14:09:15+00:00Z</time>
      </trkpt>
      <trkpt lat="41.30861823" lon="-72.90067521">
        <time>2026-09-07T14:09:16+00:00Z</time>
      </trkpt>
      <trkpt lat="41.30862250" lon="-72.90064663">
        <time>2026-09-07T14:09:17+00:00Z</time>
      </trkpt>
      <trkpt lat="41.30862585" lon="-72.90062693">
        <time>2026-09-07T14:09:18+00:00Z</time>
      </trkpt>
      <trkpt lat="41.30862359" lon="-72.90059307">
        <time>2026-09-07T14:09:19+00:00Z</time>
      </trkpt>
      <trkpt lat="41.30862191" lon="-72.90057396">
        <time>2026-09-07T14:09:20+00:00Z</time>
      </trkpt>
      <trkpt lat="41.30861856" lon="-72.90053666">
        <time>2026-09-07T14:09:21+00:00Z</time>
      </trkpt>
      <trkpt lat="41.30862250" lon="-72.90051905">
        <time>2026-09-07T14:09:22+00:00Z</time>
      </trkpt>
      <trkpt lat="41.30862577" lon="-72.90048192">
        <time>2026-09-07T14:09:23+00:00Z</time>
      </trkpt>
      <trkpt lat="41.30862719" lon="-72.90046030">
        <time>2026-09-07T14:09:24+00:00Z</time>
      </trkpt>
      <trkpt lat="41.30864019" lon="-72.90043322">
        <time>2026-09-07T14:09:25+00:00Z</time>
      </trkpt>
      <trkpt lat="41.30864874" lon="-72.90040950">
        <time>2026-09-07T14:09:26+00:00Z</time>
      </trkpt>
      <trkpt lat="41.30865645" lon="-72.90038444">
        <time>2026-09-07T14:09:27+00:00Z</time>
      </trkpt>
      <trkpt lat="41.30866575" lon="-72.90035762">
        <time>2026-09-07T14:09:28+00:00Z</time>
      </trkpt>
      <trkpt lat="41.30866558" lon="-72.90033264">
        <time>2026-09-07T14:09:29+00:00Z</time>
      </trkpt>
      <trkpt lat="41.30866877" lon="-72.90029903">
        <time>2026-09-07T14:09:30+00:00Z</time>
      </trkpt>
      <trkpt lat="41.30867355" lon="-72.90027590">
        <time>2026-09-07T14:09:31+00:00Z</time>
      </trkpt>
      <trkpt lat="41.30867187" lon="-72.90024061">
        <time>2026-09-07T14:09:32+00:00Z</time>
      </trkpt>
      <trkpt lat="41.30867288" lon="-72.90021739">
        <time>2026-09-07T14:09:33+00:00Z</time>
      </trkpt>
      <trkpt lat="41.30867623" lon="-72.90018017">
        <time>2026-09-07T14:09:34+00:00Z</time>
      </trkpt>
      <trkpt lat="41.30868469" lon="-72.90014748">
        <time>2026-09-07T14:09:35+00:00Z</time>
      </trkpt>
      <trkpt lat="41.30868645" lon="-72.90011303">
        <time>2026-09-07T14:09:36+00:00Z</time>
      </trkpt>
      <trkpt lat="41.30869173" lon="-72.90007431">
        <time>2026-09-07T14:09:37+00:00Z</time>
      </trkpt>
      <trkpt lat="41.30869702" lon="-72.90005151">
        <time>2026-09-07T14:09:38+00:00Z</time>
      </trkpt>
      <trkpt lat="41.30870305" lon="-72.90001580">
        <time>2026-09-07T14:09:39+00:00Z</time>
      </trkpt>
      <trkpt lat="41.30870347" lon="-72.89998882">
        <time>2026-09-07T14:09:40+00:00Z</time>
      </trkpt>
      <trkpt lat="41.30870942" lon="-72.89995076">
        <time>2026-09-07T14:09:41+00:00Z</time>
      </trkpt>
      <trkpt lat="41.30870850" lon="-72.89992796">
        <time>2026-09-07T14:09:42+00:00Z</time>
      </trkpt>
      <trkpt lat="41.30871386" lon="-72.89989712">
        <time>2026-09-07T14:09:43+00:00Z</time>
      </trkpt>
      <trkpt lat="41.30871537" lon="-72.89987482">
        <time>2026-09-07T14:09:44+00:00Z</time>
      </trkpt>
      <trkpt lat="41.30871763" lon="-72.89984699">
        <time>2026-09-07T14:09:45+00:00Z</time>
      </trkpt>
      <trkpt lat="41.30871998" lon="-72.89981657">
        <time>2026-09-07T14:09:46+00:00Z</time>
      </trkpt>
      <trkpt lat="41.30872468" lon="-72.89979234">
        <time>2026-09-07T14:09:47+00:00Z</time>
      </trkpt>
      <trkpt lat="41.30872518" lon="-72.89975823">
        <time>2026-09-07T14:09:48+00:00Z</time>
      </trkpt>
      <trkpt lat="41.30872903" lon="-72.89973727">
        <time>2026-09-07T14:09:49+00:00Z</time>
      </trkpt>
      <trkpt lat="41.30873088" lon="-72.89970266">
        <time>2026-09-07T14:09:50+00:00Z</time>
      </trkpt>
      <trkpt lat="41.30873071" lon="-72.89967885">
        <time>2026-09-07T14:09:51+00:00Z</time>
      </trkpt>
      <trkpt lat="41.30873088" lon="-72.89963267">
        <time>2026-09-07T14:09:52+00:00Z</time>
      </trkpt>
      <trkpt lat="41.30873314" lon="-72.89960375">
        <time>2026-09-07T14:09:53+00:00Z</time>
      </trkpt>
      <trkpt lat="41.30873725" lon="-72.89956536">
        <time>2026-09-07T14:09:54+00:00Z</time>
      </trkpt>
      <trkpt lat="41.30874144" lon="-72.89953552">
        <time>2026-09-07T14:09:55+00:00Z</time>
      </trkpt>
      <trkpt lat="41.30875301" lon="-72.89950652">
        <time>2026-09-07T14:09:56+00:00Z</time>
      </trkpt>
      <trkpt lat="41.30877036" lon="-72.89947232">
        <time>2026-09-07T14:09:57+00:00Z</time>
      </trkpt>
      <trkpt lat="41.30878561" lon="-72.89945698">
        <time>2026-09-07T14:09:58+00:00Z</time>
      </trkpt>
      <trkpt lat="41.30880866" lon="-72.89942924">
        <time>2026-09-07T14:09:59+00:00Z</time>
      </trkpt>
      <trkpt lat="41.30882584" lon="-72.89942178">
        <time>2026-09-07T14:10:00+00:00Z</time>
      </trkpt>
      <trkpt lat="41.30884848" lon="-72.89939839">
        <time>2026-09-07T14:10:01+00:00Z</time>
      </trkpt>
      <trkpt lat="41.30886507" lon="-72.89938834">
        <time>2026-09-07T14:10:02+00:00Z</time>
      </trkpt>
      <trkpt lat="41.30888653" lon="-72.89937702">
        <time>2026-09-07T14:10:03+00:00Z</time>
      </trkpt>
      <trkpt lat="41.30890648" lon="-72.89937291">
        <time>2026-09-07T14:10:04+00:00Z</time>
      </trkpt>
      <trkpt lat="41.30892886" lon="-72.89936545">
        <time>2026-09-07T14:10:05+00:00Z</time>
      </trkpt>
      <trkpt lat="41.30895912" lon="-72.89936210">
        <time>2026-09-07T14:10:06+00:00Z</time>
      </trkpt>
      <trkpt lat="41.30898250" lon="-72.89936193">
        <time>2026-09-07T14:10:07+00:00Z</time>
      </trkpt>
      <trkpt lat="41.30900790" lon="-72.89936101">
        <time>2026-09-07T14:10:08+00:00Z</time>
      </trkpt>
      <trkpt lat="41.30903103" lon="-72.89936076">
        <time>2026-09-07T14:10:09+00:00Z</time>
      </trkpt>
      <trkpt lat="41.30905568" lon="-72.89936093">
        <time>2026-09-07T14:10:10+00:00Z</time>
      </trkpt>
      <trkpt lat="41.30907512" lon="-72.89936537">
        <time>2026-09-07T14:10:11+00:00Z</time>
      </trkpt>
      <trkpt lat="41.30910505" lon="-72.89936386">
        <time>2026-09-07T14:10:12+00:00Z</time>
      </trkpt>
      <trkpt lat="41.30912692" lon="-72.89936579">
        <time>2026-09-07T14:10:13+00:00Z</time>
      </trkpt>
      <trkpt lat="41.30915475" lon="-72.89936705">
        <time>2026-09-07T14:10:14+00:00Z</time>
      </trkpt>
      <trkpt lat="41.30917780" lon="-72.89936906">
        <time>2026-09-07T14:10:15+00:00Z</time>
      </trkpt>
      <trkpt lat="41.30920311" lon="-72.89936922">
        <time>2026-09-07T14:10:16+00:00Z</time>
      </trkpt>
      <trkpt lat="41.30922290" lon="-72.89937467">
        <time>2026-09-07T14:10:17+00:00Z</time>
      </trkpt>
      <trkpt lat="41.30924712" lon="-72.89937895">
        <time>2026-09-07T14:10:18+00:00Z</time>
      </trkpt>
      <trkpt lat="41.30926833" lon="-72.89938381">
        <time>2026-09-07T14:10:19+00:00Z</time>
      </trkpt>
      <trkpt lat="41.30928962" lon="-72.89938834">
        <time>2026-09-07T14:10:20+00:00Z</time>
      </trkpt>
      <trkpt lat="41.30931241" lon="-72.89939110">
        <time>2026-09-07T14:10:21+00:00Z</time>
      </trkpt>
      <trkpt lat="41.30933379" lon="-72.89939303">
        <time>2026-09-07T14:10:22+00:00Z</time>
      </trkpt>
      <trkpt lat="41.30935516" lon="-72.89939554">
        <time>2026-09-07T14:10:23+00:00Z</time>
      </trkpt>
      <trkpt lat="41.30937729" lon="-72.89939923">
        <time>2026-09-07T14:10:24+00:00Z</time>
      </trkpt>
      <trkpt lat="41.30940277" lon="-72.89939865">
        <time>2026-09-07T14:10:25+00:00Z</time>
      </trkpt>
      <trkpt lat="41.30942046" lon="-72.89940049">
        <time>2026-09-07T14:10:26+00:00Z</time>
      </trkpt>
      <trkpt lat="41.30944485" lon="-72.89940233">
        <time>2026-09-07T14:10:27+00:00Z</time>
      </trkpt>
      <trkpt lat="41.30946547" lon="-72.89940703">
        <time>2026-09-07T14:10:28+00:00Z</time>
      </trkpt>
      <trkpt lat="41.30949162" lon="-72.89941206">
        <time>2026-09-07T14:10:29+00:00Z</time>
      </trkpt>
      <trkpt lat="41.30951073" lon="-72.89941709">
        <time>2026-09-07T14:10:30+00:00Z</time>
      </trkpt>
      <trkpt lat="41.30953755" lon="-72.89941985">
        <time>2026-09-07T14:10:31+00:00Z</time>
      </trkpt>
      <trkpt lat="41.30955373" lon="-72.89942488">
        <time>2026-09-07T14:10:32+00:00Z</time>
      </trkpt>
      <trkpt lat="41.30957762" lon="-72.89942832">
        <time>2026-09-07T14:10:33+00:00Z</time>
      </trkpt>
      <trkpt lat="41.30959321" lon="-72.89943360">
        <time>2026-09-07T14:10:34+00:00Z</time>
      </trkpt>
      <trkpt lat="41.30961626" lon="-72.89943712">
        <time>2026-09-07T14:10:35+00:00Z</time>
      </trkpt>
      <trkpt lat="41.30962975" lon="-72.89943620">
        <time>2026-09-07T14:10:36+00:00Z</time>
      </trkpt>
      <trkpt lat="41.30965800" lon="-72.89943754">
        <time>2026-09-07T14:10:37+00:00Z</time>
      </trkpt>
      <trkpt lat="41.30967099" lon="-72.89944751">
        <time>2026-09-07T14:10:38+00:00Z</time>
      </trkpt>
      <trkpt lat="41.30969681" lon="-72.89945137">
        <time>2026-09-07T14:10:39+00:00Z</time>
      </trkpt>
      <trkpt lat="41.30971625" lon="-72.89945313">
        <time>2026-09-07T14:10:40+00:00Z</time>
      </trkpt>
      <trkpt lat="41.30974660" lon="-72.89945547">
        <time>2026-09-07T14:10:41+00:00Z</time>
      </trkpt>
      <trkpt lat="41.30976453" lon="-72.89945799">
        <time>2026-09-07T14:10:42+00:00Z</time>
      </trkpt>
      <trkpt lat="41.30979395" lon="-72.89946168">
        <time>2026-09-07T14:10:43+00:00Z</time>
      </trkpt>
      <trkpt lat="41.30981298" lon="-72.89946805">
        <time>2026-09-07T14:10:44+00:00Z</time>
      </trkpt>
      <trkpt lat="41.30984014" lon="-72.89947936">
        <time>2026-09-07T14:10:45+00:00Z</time>
      </trkpt>
      <trkpt lat="41.30986034" lon="-72.89948875">
        <time>2026-09-07T14:10:46+00:00Z</time>
      </trkpt>
      <trkpt lat="41.30988540" lon="-72.89949680">
        <time>2026-09-07T14:10:47+00:00Z</time>
      </trkpt>
      <trkpt lat="41.30990837" lon="-72.89950610">
        <time>2026-09-07T14:10:48+00:00Z</time>
      </trkpt>
      <trkpt lat="41.30993360" lon="-72.89951163">
        <time>2026-09-07T14:10:49+00:00Z</time>
      </trkpt>
      <trkpt lat="41.30995505" lon="-72.89951574">
        <time>2026-09-07T14:10:50+00:00Z</time>
      </trkpt>
      <trkpt lat="41.30998079" lon="-72.89951473">
        <time>2026-09-07T14:10:51+00:00Z</time>
      </trkpt>
      <trkpt lat="41.31000149" lon="-72.89951842">
        <time>2026-09-07T14:10:52+00:00Z</time>
      </trkpt>
      <trkpt lat="41.31002479" lon="-72.89952446">
        <time>2026-09-07T14:10:53+00:00Z</time>
      </trkpt>
      <trkpt lat="41.31004575" lon="-72.89952630">
        <time>2026-09-07T14:10:54+00:00Z</time>
      </trkpt>
      <trkpt lat="41.31006997" lon="-72.89952546">
        <time>2026-09-07T14:10:55+00:00Z</time>
      </trkpt>
      <trkpt lat="41.31009185" lon="-72.89953192">
        <time>2026-09-07T14:10:56+00:00Z</time>
      </trkpt>
      <trkpt lat="41.31011431" lon="-72.89953418">
        <time>2026-09-07T14:10:57+00:00Z</time>
      </trkpt>
      <trkpt lat="41.31013669" lon="-72.89953711">
        <time>2026-09-07T14:10:58+00:00Z</time>
      </trkpt>
      <trkpt lat="41.31015563" lon="-72.89954080">
        <time>2026-09-07T14:10:59+00:00Z</time>
      </trkpt>
      <trkpt lat="41.31017860" lon="-72.89954307">
        <time>2026-09-07T14:11:00+00:00Z</time>
      </trkpt>
      <trkpt lat="41.31020039" lon="-72.89954365">
        <time>2026-09-07T14:11:01+00:00Z</time>
      </trkpt>
      <trkpt lat="41.31022378" lon="-72.89954717">
        <time>2026-09-07T14:11:02+00:00Z</time>
      </trkpt>
      <trkpt lat="41.31024180" lon="-72.89955162">
        <time>2026-09-07T14:11:03+00:00Z</time>
      </trkpt>
      <trkpt lat="41.31027021" lon="-72.89955597">
        <time>2026-09-07T14:11:04+00:00Z</time>
      </trkpt>
      <trkpt lat="41.31029159" lon="-72.89956058">
        <time>2026-09-07T14:11:05+00:00Z</time>
      </trkpt>
      <trkpt lat="41.31032269" lon="-72.89956352">
        <time>2026-09-07T14:11:06+00:00Z</time>
      </trkpt>
      <trkpt lat="41.31033962" lon="-72.89957223">
        <time>2026-09-07T14:11:07+00:00Z</time>
      </trkpt>
      <trkpt lat="41.31036694" lon="-72.89957768">
        <time>2026-09-07T14:11:08+00:00Z</time>
      </trkpt>
      <trkpt lat="41.31038622" lon="-72.89958037">
        <time>2026-09-07T14:11:09+00:00Z</time>
      </trkpt>
      <trkpt lat="41.31040826" lon="-72.89958112">
        <time>2026-09-07T14:11:10+00:00Z</time>
      </trkpt>
      <trkpt lat="41.31042461" lon="-72.89958824">
        <time>2026-09-07T14:11:11+00:00Z</time>
      </trkpt>
      <trkpt lat="41.31044607" lon="-72.89959243">
        <time>2026-09-07T14:11:12+00:00Z</time>
      </trkpt>
      <trkpt lat="41.31046099" lon="-72.89959621">
        <time>2026-09-07T14:11:13+00:00Z</time>
      </trkpt>
      <trkpt lat="41.31048303" lon="-72.89959922">
        <time>2026-09-07T14:11:14+00:00Z</time>
      </trkpt>
      <trkpt lat="41.31049854" lon="-72.89959964">
        <time>2026-09-07T14:11:15+00:00Z</time>
      </trkpt>
      <trkpt lat="41.31052536" lon="-72.89959948">
        <time>2026-09-07T14:11:16+00:00Z</time>
      </trkpt>
      <trkpt lat="41.31054053" lon="-72.89960065">
        <time>2026-09-07T14:11:17+00:00Z</time>
      </trkpt>
      <trkpt lat="41.31056685" lon="-72.89960593">
        <time>2026-09-07T14:11:18+00:00Z</time>
      </trkpt>
      <trkpt lat="41.31058504" lon="-72.89960979">
        <time>2026-09-07T14:11:19+00:00Z</time>
      </trkpt>
      <trkpt lat="41.31061245" lon="-72.89961565">
        <time>2026-09-07T14:11:20+00:00Z</time>
      </trkpt>
      <trkpt lat="41.31062871" lon="-72.89962227">
        <time>2026-09-07T14:11:21+00:00Z</time>
      </trkpt>
      <trkpt lat="41.31065637" lon="-72.89963032">
        <time>2026-09-07T14:11:22+00:00Z</time>
      </trkpt>
      <trkpt lat="41.31067112" lon="-72.89964164">
        <time>2026-09-07T14:11:23+00:00Z</time>
      </trkpt>
      <trkpt lat="41.31069635" lon="-72.89964641">
        <time>2026-09-07T14:11:24+00:00Z</time>
      </trkpt>
      <trkpt lat="41.31071404" lon="-72.89965421">
        <time>2026-09-07T14:11:25+00:00Z</time>
      </trkpt>
      <trkpt lat="41.31073650" lon="-72.89966561">
        <time>2026-09-07T14:11:26+00:00Z</time>
      </trkpt>
      <trkpt lat="41.31075553" lon="-72.89966988">
        <time>2026-09-07T14:11:27+00:00Z</time>
      </trkpt>
      <trkpt lat="41.31077942" lon="-72.89967500">
        <time>2026-09-07T14:11:28+00:00Z</time>
      </trkpt>
      <trkpt lat="41.31080020" lon="-72.89968229">
        <time>2026-09-07T14:11:29+00:00Z</time>
      </trkpt>
      <trkpt lat="41.31082535" lon="-72.89969042">
        <time>2026-09-07T14:11:30+00:00Z</time>
      </trkpt>
      <trkpt lat="41.31084161" lon="-72.89969444">
        <time>2026-09-07T14:11:31+00:00Z</time>
      </trkpt>
      <trkpt lat="41.31086533" lon="-72.89970123">
        <time>2026-09-07T14:11:32+00:00Z</time>
      </trkpt>
      <trkpt lat="41.31087975" lon="-72.89971087">
        <time>2026-09-07T14:11:33+00:00Z</time>
      </trkpt>
      <trkpt lat="41.31090347" lon="-72.89971523">
        <time>2026-09-07T14:11:34+00:00Z</time>
      </trkpt>
      <trkpt lat="41.31092191" lon="-72.89972126">
        <time>2026-09-07T14:11:35+00:00Z</time>
      </trkpt>
      <trkpt lat="41.31094445" lon="-72.89972655">
        <time>2026-09-07T14:11:36+00:00Z</time>
      </trkpt>
      <trkpt lat="41.31096407" lon="-72.89972856">
        <time>2026-09-07T14:11:37+00:00Z</time>
      </trkpt>
      <trkpt lat="41.31098712" lon="-72.89973124">
        <time>2026-09-07T14:11:38+00:00Z</time>
      </trkpt>
      <trkpt lat="41.31100514" lon="-72.89973744">
        <time>2026-09-07T14:11:39+00:00Z</time>
      </trkpt>
      <trkpt lat="41.31102853" lon="-72.89974021">
        <time>2026-09-07T14:11:40+00:00Z</time>
      </trkpt>
      <trkpt lat="41.31104772" lon="-72.89974733">
        <time>2026-09-07T14:11:41+00:00Z</time>
      </trkpt>
      <trkpt lat="41.31107077" lon="-72.89975454">
        <time>2026-09-07T14:11:42+00:00Z</time>
      </trkpt>
      <trkpt lat="41.31109105" lon="-72.89976133">
        <time>2026-09-07T14:11:43+00:00Z</time>
      </trkpt>
      <trkpt lat="41.31111494" lon="-72.89976351">
        <time>2026-09-07T14:11:44+00:00Z</time>
      </trkpt>
      <trkpt lat="41.31113774" lon="-72.89977089">
        <time>2026-09-07T14:11:45+00:00Z</time>
      </trkpt>
      <trkpt lat="41.31116180" lon="-72.89977751">
        <time>2026-09-07T14:11:46+00:00Z</time>
      </trkpt>
      <trkpt lat="41.31118409" lon="-72.89978581">
        <time>2026-09-07T14:11:47+00:00Z</time>
      </trkpt>
      <trkpt lat="41.31120538" lon="-72.89978681">
        <time>2026-09-07T14:11:48+00:00Z</time>
      </trkpt>
      <trkpt lat="41.31122466" lon="-72.89978815">
        <time>2026-09-07T14:11:49+00:00Z</time>
      </trkpt>
      <trkpt lat="41.31124394" lon="-72.89979653">
        <time>2026-09-07T14:11:50+00:00Z</time>
      </trkpt>
      <trkpt lat="41.31126381" lon="-72.89980307">
        <time>2026-09-07T14:11:51+00:00Z</time>
      </trkpt>
      <trkpt lat="41.31128744" lon="-72.89980634">
        <time>2026-09-07T14:11:52+00:00Z</time>
      </trkpt>
      <trkpt lat="41.31131259" lon="-72.89981347">
        <time>2026-09-07T14:11:53+00:00Z</time>
      </trkpt>
      <trkpt lat="41.31133547" lon="-72.89981824">
        <time>2026-09-07T14:11:54+00:00Z</time>
      </trkpt>
      <trkpt lat="41.31135953" lon="-72.89982428">
        <time>2026-09-07T14:11:55+00:00Z</time>
      </trkpt>
      <trkpt lat="41.31138132" lon="-72.89982956">
        <time>2026-09-07T14:11:56+00:00Z</time>
      </trkpt>
      <trkpt lat="41.31140546" lon="-72.89983710">
        <time>2026-09-07T14:11:57+00:00Z</time>
      </trkpt>
      <trkpt lat="41.31142692" lon="-72.89984020">
        <time>2026-09-07T14:11:58+00:00Z</time>
      </trkpt>
      <trkpt lat="41.31145508" lon="-72.89984213">
        <time>2026-09-07T14:11:59+00:00Z</time>
      </trkpt>
      <trkpt lat="41.31147000" lon="-72.89985001">
        <time>2026-09-07T14:12:00+00:00Z</time>
      </trkpt>
      <trkpt lat="41.31149934" lon="-72.89985915">
        <time>2026-09-07T14:12:01+00:00Z</time>
      </trkpt>
      <trkpt lat="41.31152038" lon="-72.89986099">
        <time>2026-09-07T14:12:02+00:00Z</time>
      </trkpt>
      <trkpt lat="41.31154887" lon="-72.89986946">
        <time>2026-09-07T14:12:03+00:00Z</time>
      </trkpt>
      <trkpt lat="41.31156757" lon="-72.89987801">
        <time>2026-09-07T14:12:04+00:00Z</time>
      </trkpt>
      <trkpt lat="41.31159212" lon="-72.89988999">
        <time>2026-09-07T14:12:05+00:00Z</time>
      </trkpt>
      <trkpt lat="41.31161182" lon="-72.89989393">
        <time>2026-09-07T14:12:06+00:00Z</time>
      </trkpt>
      <trkpt lat="41.31163479" lon="-72.89989972">
        <time>2026-09-07T14:12:07+00:00Z</time>
      </trkpt>
      <trkpt lat="41.31164686" lon="-72.89990743">
        <time>2026-09-07T14:12:08+00:00Z</time>
      </trkpt>
      <trkpt lat="41.31166848" lon="-72.89991103">
        <time>2026-09-07T14:12:09+00:00Z</time>
      </trkpt>
      <trkpt lat="41.31168768" lon="-72.89991950">
        <time>2026-09-07T14:12:10+00:00Z</time>
      </trkpt>
      <trkpt lat="41.31170922" lon="-72.89992193">
        <time>2026-09-07T14:12:11+00:00Z</time>
      </trkpt>
      <trkpt lat="41.31172867" lon="-72.89992444">
        <time>2026-09-07T14:12:12+00:00Z</time>
      </trkpt>
      <trkpt lat="41.31174870" lon="-72.89992662">
        <time>2026-09-07T14:12:13+00:00Z</time>
      </trkpt>
      <trkpt lat="41.31176680" lon="-72.89993282">
        <time>2026-09-07T14:12:14+00:00Z</time>
      </trkpt>
      <trkpt lat="41.31179036" lon="-72.89993525">
        <time>2026-09-07T14:12:15+00:00Z</time>
      </trkpt>
      <trkpt lat="41.31180678" lon="-72.89993827">
        <time>2026-09-07T14:12:16+00:00Z</time>
      </trkpt>
      <trkpt lat="41.31183076" lon="-72.89994590">
        <time>2026-09-07T14:12:17+00:00Z</time>
      </trkpt>
      <trkpt lat="41.31184878" lon="-72.89995085">
        <time>2026-09-07T14:12:18+00:00Z</time>
      </trkpt>
      <trkpt lat="41.31187661" lon="-72.89995487">
        <time>2026-09-07T14:12:19+00:00Z</time>
      </trkpt>
      <trkpt lat="41.31189479" lon="-72.89996585">
        <time>2026-09-07T14:12:20+00:00Z</time>
      </trkpt>
      <trkpt lat="41.31192078" lon="-72.89997289">
        <time>2026-09-07T14:12:21+00:00Z</time>
      </trkpt>
      <trkpt lat="41.31193997" lon="-72.89997985">
        <time>2026-09-07T14:12:22+00:00Z</time>
      </trkpt>
      <trkpt lat="41.31196151" lon="-72.89998345">
        <time>2026-09-07T14:12:23+00:00Z</time>
      </trkpt>
      <trkpt lat="41.31198021" lon="-72.89999024">
        <time>2026-09-07T14:12:24+00:00Z</time>
      </trkpt>
      <trkpt lat="41.31200502" lon="-72.89999359">
        <time>2026-09-07T14:12:25+00:00Z</time>
      </trkpt>
      <trkpt lat="41.31202337" lon="-72.89999594">
        <time>2026-09-07T14:12:26+00:00Z</time>
      </trkpt>
      <trkpt lat="41.31204701" lon="-72.89999820">
        <time>2026-09-07T14:12:27+00:00Z</time>
      </trkpt>
      <trkpt lat="41.31206503" lon="-72.90000005">
        <time>2026-09-07T14:12:28+00:00Z</time>
      </trkpt>
      <trkpt lat="41.31208708" lon="-72.90001103">
        <time>2026-09-07T14:12:29+00:00Z</time>
      </trkpt>
      <trkpt lat="41.31210837" lon="-72.90001748">
        <time>2026-09-07T14:12:30+00:00Z</time>
      </trkpt>
      <trkpt lat="41.31213309" lon="-72.90002310">
        <time>2026-09-07T14:12:31+00:00Z</time>
      </trkpt>
      <trkpt lat="41.31215656" lon="-72.90003031">
        <time>2026-09-07T14:12:32+00:00Z</time>
      </trkpt>
      <trkpt lat="41.31217886" lon="-72.90003751">
        <time>2026-09-07T14:12:33+00:00Z</time>
      </trkpt>
      <trkpt lat="41.31220065" lon="-72.90004489">
        <time>2026-09-07T14:12:34+00:00Z</time>
      </trkpt>
      <trkpt lat="41.31222320" lon="-72.90004581">
        <time>2026-09-07T14:12:35+00:00Z</time>
      </trkpt>
      <trkpt lat="41.31224491" lon="-72.90005210">
        <time>2026-09-07T14:12:36+00:00Z</time>
      </trkpt>
      <trkpt lat="41.31226620" lon="-72.90005654">
        <time>2026-09-07T14:12:37+00:00Z</time>
      </trkpt>
      <trkpt lat="41.31228749" lon="-72.90005780">
        <time>2026-09-07T14:12:38+00:00Z</time>
      </trkpt>
      <trkpt lat="41.31231138" lon="-72.90006350">
        <time>2026-09-07T14:12:39+00:00Z</time>
      </trkpt>
      <trkpt lat="41.31232982" lon="-72.90007020">
        <time>2026-09-07T14:12:40+00:00Z</time>
      </trkpt>
      <trkpt lat="41.31235278" lon="-72.90007506">
        <time>2026-09-07T14:12:41+00:00Z</time>
      </trkpt>
      <trkpt lat="41.31237240" lon="-72.90008060">
        <time>2026-09-07T14:12:42+00:00Z</time>
      </trkpt>
      <trkpt lat="41.31239394" lon="-72.90008697">
        <time>2026-09-07T14:12:43+00:00Z</time>
      </trkpt>
      <trkpt lat="41.31241439" lon="-72.90009409">
        <time>2026-09-07T14:12:44+00:00Z</time>
      </trkpt>
      <trkpt lat="41.31243736" lon="-72.90009703">
        <time>2026-09-07T14:12:45+00:00Z</time>
      </trkpt>
      <trkpt lat="41.31245730" lon="-72.90009988">
        <time>2026-09-07T14:12:46+00:00Z</time>
      </trkpt>
      <trkpt lat="41.31247734" lon="-72.90010700">
        <time>2026-09-07T14:12:47+00:00Z</time>
      </trkpt>
      <trkpt lat="41.31249595" lon="-72.90011588">
        <time>2026-09-07T14:12:48+00:00Z</time>
      </trkpt>
      <trkpt lat="41.31251656" lon="-72.90012351">
        <time>2026-09-07T14:12:49+00:00Z</time>
      </trkpt>
      <trkpt lat="41.31253710" lon="-72.90012955">
        <time>2026-09-07T14:12:50+00:00Z</time>
      </trkpt>
      <trkpt lat="41.31255797" lon="-72.90013625">
        <time>2026-09-07T14:12:51+00:00Z</time>
      </trkpt>
      <trkpt lat="41.31257834" lon="-72.90014128">
        <time>2026-09-07T14:12:52+00:00Z</time>
      </trkpt>
      <trkpt lat="41.31259971" lon="-72.90014547">
        <time>2026-09-07T14:12:53+00:00Z</time>
      </trkpt>
      <trkpt lat="41.31261958" lon="-72.90015101">
        <time>2026-09-07T14:12:54+00:00Z</time>
      </trkpt>
      <trkpt lat="41.31264380" lon="-72.90015017">
        <time>2026-09-07T14:12:55+00:00Z</time>
      </trkpt>
      <trkpt lat="41.31266794" lon="-72.90015637">
        <time>2026-09-07T14:12:56+00:00Z</time>
      </trkpt>
      <trkpt lat="41.31269091" lon="-72.90016282">
        <time>2026-09-07T14:12:57+00:00Z</time>
      </trkpt>
      <trkpt lat="41.31271086" lon="-72.90016685">
        <time>2026-09-07T14:12:58+00:00Z</time>
      </trkpt>
      <trkpt lat="41.31273324" lon="-72.90017179">
        <time>2026-09-07T14:12:59+00:00Z</time>
      </trkpt>
      <trkpt lat="41.31275075" lon="-72.90017917">
        <time>2026-09-07T14:13:00+00:00Z</time>
      </trkpt>
      <trkpt lat="41.31277238" lon="-72.90018604">
        <time>2026-09-07T14:13:01+00:00Z</time>
      </trkpt>
      <trkpt lat="41.31279057" lon="-72.90019149">
        <time>2026-09-07T14:13:02+00:00Z</time>
      </trkpt>
      <trkpt lat="41.31281270" lon="-72.90019258">
        <time>2026-09-07T14:13:03+00:00Z</time>
      </trkpt>
      <trkpt lat="41.31283533" lon="-72.90020356">
        <time>2026-09-07T14:13:04+00:00Z</time>
      </trkpt>
      <trkpt lat="41.31285788" lon="-72.90020834">
        <time>2026-09-07T14:13:05+00:00Z</time>
      </trkpt>
      <trkpt lat="41.31287942" lon="-72.90021529">
        <time>2026-09-07T14:13:06+00:00Z</time>
      </trkpt>
      <trkpt lat="41.31290163" lon="-72.90022242">
        <time>2026-09-07T14:13:07+00:00Z</time>
      </trkpt>
      <trkpt lat="41.31292443" lon="-72.90022979">
        <time>2026-09-07T14:13:08+00:00Z</time>
      </trkpt>
      <trkpt lat="41.31294882" lon="-72.90023315">
        <time>2026-09-07T14:13:09+00:00Z</time>
      </trkpt>
      <trkpt lat="41.31296726" lon="-72.90023717">
        <time>2026-09-07T14:13:10+00:00Z</time>
      </trkpt>
      <trkpt lat="41.31298972" lon="-72.90024480">
        <time>2026-09-07T14:13:11+00:00Z</time>
      </trkpt>
      <trkpt lat="41.31300682" lon="-72.90024756">
        <time>2026-09-07T14:13:12+00:00Z</time>
      </trkpt>
      <trkpt lat="41.31303356" lon="-72.90025301">
        <time>2026-09-07T14:13:13+00:00Z</time>
      </trkpt>
      <trkpt lat="41.31304890" lon="-72.90025980">
        <time>2026-09-07T14:13:14+00:00Z</time>
      </trkpt>
      <trkpt lat="41.31307270" lon="-72.90026575">
        <time>2026-09-07T14:13:15+00:00Z</time>
      </trkpt>
      <trkpt lat="41.31309081" lon="-72.90026911">
        <time>2026-09-07T14:13:16+00:00Z</time>
      </trkpt>
      <trkpt lat="41.31311713" lon="-72.90027766">
        <time>2026-09-07T14:13:17+00:00Z</time>
      </trkpt>
      <trkpt lat="41.31313599" lon="-72.90028377">
        <time>2026-09-07T14:13:18+00:00Z</time>
      </trkpt>
      <trkpt lat="41.31316214" lon="-72.90029048">
        <time>2026-09-07T14:13:19+00:00Z</time>
      </trkpt>
      <trkpt lat="41.31318393" lon="-72.90029165">
        <time>2026-09-07T14:13:20+00:00Z</time>
      </trkpt>
      <trkpt lat="41.31320966" lon="-72.90029475">
        <time>2026-09-07T14:13:21+00:00Z</time>
      </trkpt>
      <trkpt lat="41.31322827" lon="-72.90029450">
        <time>2026-09-07T14:13:22+00:00Z</time>
      </trkpt>
      <trkpt lat="41.31325107" lon="-72.90030062">
        <time>2026-09-07T14:13:23+00:00Z</time>
      </trkpt>
      <trkpt lat="41.31326892" lon="-72.90030649">
        <time>2026-09-07T14:13:24+00:00Z</time>
      </trkpt>
      <trkpt lat="41.31328929" lon="-72.90030808">
        <time>2026-09-07T14:13:25+00:00Z</time>
      </trkpt>
      <trkpt lat="41.31330136" lon="-72.90032107">
        <time>2026-09-07T14:13:26+00:00Z</time>
      </trkpt>
      <trkpt lat="41.31332525" lon="-72.90032635">
        <time>2026-09-07T14:13:27+00:00Z</time>
      </trkpt>
      <trkpt lat="41.31334109" lon="-72.90033172">
        <time>2026-09-07T14:13:28+00:00Z</time>
      </trkpt>
      <trkpt lat="41.31336926" lon="-72.90033759">
        <time>2026-09-07T14:13:29+00:00Z</time>
      </trkpt>
      <trkpt lat="41.31338711" lon="-72.90034404">
        <time>2026-09-07T14:13:30+00:00Z</time>
      </trkpt>
      <trkpt lat="41.31341108" lon="-72.90034857">
        <time>2026-09-07T14:13:31+00:00Z</time>
      </trkpt>
      <trkpt lat="41.31342608" lon="-72.90035242">
        <time>2026-09-07T14:13:32+00:00Z</time>
      </trkpt>
      <trkpt lat="41.31344972" lon="-72.90035544">
        <time>2026-09-07T14:13:33+00:00Z</time>
      </trkpt>
      <trkpt lat="41.31346431" lon="-72.90036357">
        <time>2026-09-07T14:13:34+00:00Z</time>
      </trkpt>
      <trkpt lat="41.31349004" lon="-72.90036935">
        <time>2026-09-07T14:13:35+00:00Z</time>
      </trkpt>
      <trkpt lat="41.31350772" lon="-72.90037405">
        <time>2026-09-07T14:13:36+00:00Z</time>
      </trkpt>
      <trkpt lat="41.31353597" lon="-72.90037841">
        <time>2026-09-07T14:13:37+00:00Z</time>
      </trkpt>
      <trkpt lat="41.31355064" lon="-72.90038838">
        <time>2026-09-07T14:13:38+00:00Z</time>
      </trkpt>
      <trkpt lat="41.31357210" lon="-72.90039567">
        <time>2026-09-07T14:13:39+00:00Z</time>
      </trkpt>
      <trkpt lat="41.31359205" lon="-72.90039978">
        <time>2026-09-07T14:13:40+00:00Z</time>
      </trkpt>
      <trkpt lat="41.31361635" lon="-72.90040280">
        <time>2026-09-07T14:13:41+00:00Z</time>
      </trkpt>
      <trkpt lat="41.31363546" lon="-72.90040774">
        <time>2026-09-07T14:13:42+00:00Z</time>
      </trkpt>
      <trkpt lat="41.31365759" lon="-72.90041361">
        <time>2026-09-07T14:13:43+00:00Z</time>
      </trkpt>
      <trkpt lat="41.31367813" lon="-72.90041948">
        <time>2026-09-07T14:13:44+00:00Z</time>
      </trkpt>
      <trkpt lat="41.31369959" lon="-72.90042887">
        <time>2026-09-07T14:13:45+00:00Z</time>
      </trkpt>
      <trkpt lat="41.31372088" lon="-72.90043515">
        <time>2026-09-07T14:13:46+00:00Z</time>
      </trkpt>
      <trkpt lat="41.31374200" lon="-72.90044161">
        <time>2026-09-07T14:13:47+00:00Z</time>
      </trkpt>
      <trkpt lat="41.31376212" lon="-72.90044613">
        <time>2026-09-07T14:13:48+00:00Z</time>
      </trkpt>
      <trkpt lat="41.31378751" lon="-72.90045242">
        <time>2026-09-07T14:13:49+00:00Z</time>
      </trkpt>
      <trkpt lat="41.31380889" lon="-72.90045753">
        <time>2026-09-07T14:13:50+00:00Z</time>
      </trkpt>
      <trkpt lat="41.31382976" lon="-72.90046625">
        <time>2026-09-07T14:13:51+00:00Z</time>
      </trkpt>
      <trkpt lat="41.31385381" lon="-72.90047103">
        <time>2026-09-07T14:13:52+00:00Z</time>
      </trkpt>
      <trkpt lat="41.31387376" lon="-72.90047773">
        <time>2026-09-07T14:13:53+00:00Z</time>
      </trkpt>
      <trkpt lat="41.31389581" lon="-72.90048083">
        <time>2026-09-07T14:13:54+00:00Z</time>
      </trkpt>
      <trkpt lat="41.31391584" lon="-72.90048628">
        <time>2026-09-07T14:13:55+00:00Z</time>
      </trkpt>
      <trkpt lat="41.31393495" lon="-72.90049173">
        <time>2026-09-07T14:13:56+00:00Z</time>
      </trkpt>
      <trkpt lat="41.31395515" lon="-72.90049559">
        <time>2026-09-07T14:13:57+00:00Z</time>
      </trkpt>
      <trkpt lat="41.31397342" lon="-72.90050237">
        <time>2026-09-07T14:13:58+00:00Z</time>
      </trkpt>
      <trkpt lat="41.31399195" lon="-72.90051327">
        <time>2026-09-07T14:13:59+00:00Z</time>
      </trkpt>
      <trkpt lat="41.31401198" lon="-72.90051654">
        <time>2026-09-07T14:14:00+00:00Z</time>
      </trkpt>
      <trkpt lat="41.31403143" lon="-72.90052165">
        <time>2026-09-07T14:14:01+00:00Z</time>
      </trkpt>
      <trkpt lat="41.31405230" lon="-72.90052744">
        <time>2026-09-07T14:14:02+00:00Z</time>
      </trkpt>
      <trkpt lat="41.31406881" lon="-72.90053020">
        <time>2026-09-07T14:14:03+00:00Z</time>
      </trkpt>
      <trkpt lat="41.31408675" lon="-72.90053506">
        <time>2026-09-07T14:14:04+00:00Z</time>
      </trkpt>
      <trkpt lat="41.31410552" lon="-72.90053649">
        <time>2026-09-07T14:14:05+00:00Z</time>
      </trkpt>
      <trkpt lat="41.31412530" lon="-72.90054504">
        <time>2026-09-07T14:14:06+00:00Z</time>
      </trkpt>
      <trkpt lat="41.31414374" lon="-72.90055258">
        <time>2026-09-07T14:14:07+00:00Z</time>
      </trkpt>
      <trkpt lat="41.31416696" lon="-72.90055518">
        <time>2026-09-07T14:14:08+00:00Z</time>
      </trkpt>
      <trkpt lat="41.31418666" lon="-72.90056088">
        <time>2026-09-07T14:14:09+00:00Z</time>
      </trkpt>
      <trkpt lat="41.31420636" lon="-72.90056532">
        <time>2026-09-07T14:14:10+00:00Z</time>
      </trkpt>
      <trkpt lat="41.31422337" lon="-72.90057002">
        <time>2026-09-07T14:14:11+00:00Z</time>
      </trkpt>
      <trkpt lat="41.31424081" lon="-72.90058058">
        <time>2026-09-07T14:14:12+00:00Z</time>
      </trkpt>
      <trkpt lat="41.31425849" lon="-72.90058401">
        <time>2026-09-07T14:14:13+00:00Z</time>
      </trkpt>
      <trkpt lat="41.31428079" lon="-72.90058762">
        <time>2026-09-07T14:14:14+00:00Z</time>
      </trkpt>
      <trkpt lat="41.31429629" lon="-72.90059248">
        <time>2026-09-07T14:14:15+00:00Z</time>
      </trkpt>
      <trkpt lat="41.31431943" lon="-72.90059625">
        <time>2026-09-07T14:14:16+00:00Z</time>
      </trkpt>
      <trkpt lat="41.31433695" lon="-72.90059835">
        <time>2026-09-07T14:14:17+00:00Z</time>
      </trkpt>
      <trkpt lat="41.31436167" lon="-72.90060111">
        <time>2026-09-07T14:14:18+00:00Z</time>
      </trkpt>
      <trkpt lat="41.31438120" lon="-72.90060698">
        <time>2026-09-07T14:14:19+00:00Z</time>
      </trkpt>
      <trkpt lat="41.31440258" lon="-72.90061612">
        <time>2026-09-07T14:14:20+00:00Z</time>
      </trkpt>
      <trkpt lat="41.31442127" lon="-72.90061913">
        <time>2026-09-07T14:14:21+00:00Z</time>
      </trkpt>
      <trkpt lat="41.31444901" lon="-72.90062073">
        <time>2026-09-07T14:14:22+00:00Z</time>
      </trkpt>
      <trkpt lat="41.31447047" lon="-72.90062425">
        <time>2026-09-07T14:14:23+00:00Z</time>
      </trkpt>
      <trkpt lat="41.31449989" lon="-72.90063305">
        <time>2026-09-07T14:14:24+00:00Z</time>
      </trkpt>
      <trkpt lat="41.31452361" lon="-72.90064185">
        <time>2026-09-07T14:14:25+00:00Z</time>
      </trkpt>
      <trkpt lat="41.31454708" lon="-72.90064688">
        <time>2026-09-07T14:14:26+00:00Z</time>
      </trkpt>
      <trkpt lat="41.31456586" lon="-72.90064998">
        <time>2026-09-07T14:14:27+00:00Z</time>
      </trkpt>
      <trkpt lat="41.31458740" lon="-72.90065140">
        <time>2026-09-07T14:14:28+00:00Z</time>
      </trkpt>
      <trkpt lat="41.31460517" lon="-72.90065476">
        <time>2026-09-07T14:14:29+00:00Z</time>
      </trkpt>
      <trkpt lat="41.31463006" lon="-72.90065576">
        <time>2026-09-07T14:14:30+00:00Z</time>
      </trkpt>
      <trkpt lat="41.31464741" lon="-72.90066440">
        <time>2026-09-07T14:14:31+00:00Z</time>
      </trkpt>
      <trkpt lat="41.31467071" lon="-72.90067068">
        <time>2026-09-07T14:14:32+00:00Z</time>
      </trkpt>
      <trkpt lat="41.31468530" lon="-72.90067789">
        <time>2026-09-07T14:14:33+00:00Z</time>
      </trkpt>
      <trkpt lat="41.31471111" lon="-72.90068577">
        <time>2026-09-07T14:14:34+00:00Z</time>
      </trkpt>
      <trkpt lat="41.31472712" lon="-72.90068946">
        <time>2026-09-07T14:14:35+00:00Z</time>
      </trkpt>
      <trkpt lat="41.31475093" lon="-72.90069482">
        <time>2026-09-07T14:14:36+00:00Z</time>
      </trkpt>
      <trkpt lat="41.31476392" lon="-72.90070320">
        <time>2026-09-07T14:14:37+00:00Z</time>
      </trkpt>
      <trkpt lat="41.31478638" lon="-72.90071544">
        <time>2026-09-07T14:14:38+00:00Z</time>
      </trkpt>
      <trkpt lat="41.31480290" lon="-72.90071737">
        <time>2026-09-07T14:14:39+00:00Z</time>
      </trkpt>
      <trkpt lat="41.31483148" lon="-72.90072215">
        <time>2026-09-07T14:14:40+00:00Z</time>
      </trkpt>
      <trkpt lat="41.31484891" lon="-72.90072910">
        <time>2026-09-07T14:14:41+00:00Z</time>
      </trkpt>
      <trkpt lat="41.31487842" lon="-72.90073363">
        <time>2026-09-07T14:14:42+00:00Z</time>
      </trkpt>
      <trkpt lat="41.31489568" lon="-72.90073757">
        <time>2026-09-07T14:14:43+00:00Z</time>
      </trkpt>
      <trkpt lat="41.31492267" lon="-72.90074109">
        <time>2026-09-07T14:14:44+00:00Z</time>
      </trkpt>
      <trkpt lat="41.31493776" lon="-72.90074428">
        <time>2026-09-07T14:14:45+00:00Z</time>
      </trkpt>
      <trkpt lat="41.31495729" lon="-72.90074436">
        <time>2026-09-07T14:14:46+00:00Z</time>
      </trkpt>
      <trkpt lat="41.31497531" lon="-72.90074855">
        <time>2026-09-07T14:14:47+00:00Z</time>
      </trkpt>
      <trkpt lat="41.31499602" lon="-72.90075559">
        <time>2026-09-07T14:14:48+00:00Z</time>
      </trkpt>
      <trkpt lat="41.31501487" lon="-72.90076414">
        <time>2026-09-07T14:14:49+00:00Z</time>
      </trkpt>
      <trkpt lat="41.31503155" lon="-72.90077034">
        <time>2026-09-07T14:14:50+00:00Z</time>
      </trkpt>
      <trkpt lat="41.31504999" lon="-72.90077738">
        <time>2026-09-07T14:14:51+00:00Z</time>
      </trkpt>
      <trkpt lat="41.31506860" lon="-72.90078233">
        <time>2026-09-07T14:14:52+00:00Z</time>
      </trkpt>
      <trkpt lat="41.31508721" lon="-72.90079013">
        <time>2026-09-07T14:14:53+00:00Z</time>
      </trkpt>
      <trkpt lat="41.31510682" lon="-72.90079474">
        <time>2026-09-07T14:14:54+00:00Z</time>
      </trkpt>
      <trkpt lat="41.31512853" lon="-72.90079658">
        <time>2026-09-07T14:14:55+00:00Z</time>
      </trkpt>
      <trkpt lat="41.31514538" lon="-72.90080027">
        <time>2026-09-07T14:14:56+00:00Z</time>
      </trkpt>
      <trkpt lat="41.31516323" lon="-72.90081083">
        <time>2026-09-07T14:14:57+00:00Z</time>
      </trkpt>
      <trkpt lat="41.31517765" lon="-72.90081678">
        <time>2026-09-07T14:14:58+00:00Z</time>
      </trkpt>
      <trkpt lat="41.31520070" lon="-72.90082223">
        <time>2026-09-07T14:14:59+00:00Z</time>
      </trkpt>
      <trkpt lat="41.31521948" lon="-72.90082583">
        <time>2026-09-07T14:15:00+00:00Z</time>
      </trkpt>
      <trkpt lat="41.31524135" lon="-72.90083061">
        <time>2026-09-07T14:15:01+00:00Z</time>
      </trkpt>
      <trkpt lat="41.31525803" lon="-72.90083530">
        <time>2026-09-07T14:15:02+00:00Z</time>
      </trkpt>
      <trkpt lat="41.31527916" lon="-72.90083765">
        <time>2026-09-07T14:15:03+00:00Z</time>
      </trkpt>
      <trkpt lat="41.31529626" lon="-72.90083916">
        <time>2026-09-07T14:15:04+00:00Z</time>
      </trkpt>
      <trkpt lat="41.31532065" lon="-72.90084352">
        <time>2026-09-07T14:15:05+00:00Z</time>
      </trkpt>
      <trkpt lat="41.31533800" lon="-72.90084788">
        <time>2026-09-07T14:15:06+00:00Z</time>
      </trkpt>
      <trkpt lat="41.31536448" lon="-72.90085232">
        <time>2026-09-07T14:15:07+00:00Z</time>
      </trkpt>
      <trkpt lat="41.31538334" lon="-72.90085525">
        <time>2026-09-07T14:15:08+00:00Z</time>
      </trkpt>
      <trkpt lat="41.31540824" lon="-72.90086062">
        <time>2026-09-07T14:15:09+00:00Z</time>
      </trkpt>
      <trkpt lat="41.31542567" lon="-72.90086598">
        <time>2026-09-07T14:15:10+00:00Z</time>
      </trkpt>
      <trkpt lat="41.31544814" lon="-72.90087059">
        <time>2026-09-07T14:15:11+00:00Z</time>
      </trkpt>
      <trkpt lat="41.31546364" lon="-72.90087637">
        <time>2026-09-07T14:15:12+00:00Z</time>
      </trkpt>
      <trkpt lat="41.31548468" lon="-72.90088258">
        <time>2026-09-07T14:15:13+00:00Z</time>
      </trkpt>
      <trkpt lat="41.31550102" lon="-72.90088870">
        <time>2026-09-07T14:15:14+00:00Z</time>
      </trkpt>
      <trkpt lat="41.31552349" lon="-72.90089649">
        <time>2026-09-07T14:15:15+00:00Z</time>
      </trkpt>
      <trkpt lat="41.31554076" lon="-72.90090269">
        <time>2026-09-07T14:15:16+00:00Z</time>
      </trkpt>
      <trkpt lat="41.31556607" lon="-72.90091191">
        <time>2026-09-07T14:15:17+00:00Z</time>
      </trkpt>
      <trkpt lat="41.31558417" lon="-72.90092063">
        <time>2026-09-07T14:15:18+00:00Z</time>
      </trkpt>
      <trkpt lat="41.31560982" lon="-72.90092759">
        <time>2026-09-07T14:15:19+00:00Z</time>
      </trkpt>
      <trkpt lat="41.31562248" lon="-72.90093002">
        <time>2026-09-07T14:15:20+00:00Z</time>
      </trkpt>
      <trkpt lat="41.31565240" lon="-72.90093161">
        <time>2026-09-07T14:15:21+00:00Z</time>
      </trkpt>
      <trkpt lat="41.31566841" lon="-72.90093765">
        <time>2026-09-07T14:15:22+00:00Z</time>
      </trkpt>
      <trkpt lat="41.31569590" lon="-72.90094066">
        <time>2026-09-07T14:15:23+00:00Z</time>
      </trkpt>
      <trkpt lat="41.31570831" lon="-72.90094318">
        <time>2026-09-07T14:15:24+00:00Z</time>
      </trkpt>
      <trkpt lat="41.31573471" lon="-72.90094209">
        <time>2026-09-07T14:15:25+00:00Z</time>
      </trkpt>
      <trkpt lat="41.31574737" lon="-72.90094569">
        <time>2026-09-07T14:15:26+00:00Z</time>
      </trkpt>
      <trkpt lat="41.31577251" lon="-72.90094377">
        <time>2026-09-07T14:15:27+00:00Z</time>
      </trkpt>
      <trkpt lat="41.31578618" lon="-72.90094561">
        <time>2026-09-07T14:15:28+00:00Z</time>
      </trkpt>
      <trkpt lat="41.31581283" lon="-72.90094703">
        <time>2026-09-07T14:15:29+00:00Z</time>
      </trkpt>
      <trkpt lat="41.31583018" lon="-72.90095064">
        <time>2026-09-07T14:15:30+00:00Z</time>
      </trkpt>
      <trkpt lat="41.31585357" lon="-72.90095894">
        <time>2026-09-07T14:15:31+00:00Z</time>
      </trkpt>
      <trkpt lat="41.31587067" lon="-72.90096154">
        <time>2026-09-07T14:15:32+00:00Z</time>
      </trkpt>
      <trkpt lat="41.31588911" lon="-72.90096824">
        <time>2026-09-07T14:15:33+00:00Z</time>
      </trkpt>
      <trkpt lat="41.31590755" lon="-72.90097637">
        <time>2026-09-07T14:15:34+00:00Z</time>
      </trkpt>
      <trkpt lat="41.31592741" lon="-72.90098433">
        <time>2026-09-07T14:15:35+00:00Z</time>
      </trkpt>
      <trkpt lat="41.31594820" lon="-72.90099230">
        <time>2026-09-07T14:15:36+00:00Z</time>
      </trkpt>
      <trkpt lat="41.31596832" lon="-72.90099397">
        <time>2026-09-07T14:15:37+00:00Z</time>
      </trkpt>
      <trkpt lat="41.31598810" lon="-72.90099867">
        <time>2026-09-07T14:15:38+00:00Z</time>
      </trkpt>
      <trkpt lat="41.31600520" lon="-72.90100311">
        <time>2026-09-07T14:15:39+00:00Z</time>
      </trkpt>
      <trkpt lat="41.31602364" lon="-72.90100705">
        <time>2026-09-07T14:15:40+00:00Z</time>
      </trkpt>
      <trkpt lat="41.31604149" lon="-72.90100965">
        <time>2026-09-07T14:15:41+00:00Z</time>
      </trkpt>
      <trkpt lat="41.31606152" lon="-72.90101107">
        <time>2026-09-07T14:15:42+00:00Z</time>
      </trkpt>
      <trkpt lat="41.31607820" lon="-72.90101099">
        <time>2026-09-07T14:15:43+00:00Z</time>
      </trkpt>
      <trkpt lat="41.31609790" lon="-72.90101920">
        <time>2026-09-07T14:15:44+00:00Z</time>
      </trkpt>
      <trkpt lat="41.31611383" lon="-72.90102348">
        <time>2026-09-07T14:15:45+00:00Z</time>
      </trkpt>
      <trkpt lat="41.31613411" lon="-72.90102893">
        <time>2026-09-07T14:15:46+00:00Z</time>
      </trkpt>
      <trkpt lat="41.31615590" lon="-72.90103287">
        <time>2026-09-07T14:15:47+00:00Z</time>
      </trkpt>
      <trkpt lat="41.31618071" lon="-72.90104091">
        <time>2026-09-07T14:15:48+00:00Z</time>
      </trkpt>
      <trkpt lat="41.31620200" lon="-72.90105156">
        <time>2026-09-07T14:15:49+00:00Z</time>
      </trkpt>
      <trkpt lat="41.31622422" lon="-72.90105717">
        <time>2026-09-07T14:15:50+00:00Z</time>
      </trkpt>
      <trkpt lat="41.31624148" lon="-72.90106338">
        <time>2026-09-07T14:15:51+00:00Z</time>
      </trkpt>
      <trkpt lat="41.31626772" lon="-72.90106623">
        <time>2026-09-07T14:15:52+00:00Z</time>
      </trkpt>
      <trkpt lat="41.31628172" lon="-72.90107343">
        <time>2026-09-07T14:15:53+00:00Z</time>
      </trkpt>
      <trkpt lat="41.31630720" lon="-72.90107972">
        <time>2026-09-07T14:15:54+00:00Z</time>
      </trkpt>
      <trkpt lat="41.31632455" lon="-72.90108408">
        <time>2026-09-07T14:15:55+00:00Z</time>
      </trkpt>
      <trkpt lat="41.31634827" lon="-72.90108718">
        <time>2026-09-07T14:15:56+00:00Z</time>
      </trkpt>
      <trkpt lat="41.31636336" lon="-72.90109246">
        <time>2026-09-07T14:15:57+00:00Z</time>
      </trkpt>
      <trkpt lat="41.31638951" lon="-72.90109665">
        <time>2026-09-07T14:15:58+00:00Z</time>
      </trkpt>
      <trkpt lat="41.31640334" lon="-72.90110344">
        <time>2026-09-07T14:15:59+00:00Z</time>
      </trkpt>
      <trkpt lat="41.31642563" lon="-72.90111300">
        <time>2026-09-07T14:16:00+00:00Z</time>
      </trkpt>
      <trkpt lat="41.31643938" lon="-72.90111761">
        <time>2026-09-07T14:16:01+00:00Z</time>
      </trkpt>
      <trkpt lat="41.31646360" lon="-72.90112205">
        <time>2026-09-07T14:16:02+00:00Z</time>
      </trkpt>
      <trkpt lat="41.31648012" lon="-72.90112775">
        <time>2026-09-07T14:16:03+00:00Z</time>
      </trkpt>
      <trkpt lat="41.31650493" lon="-72.90113026">
        <time>2026-09-07T14:16:04+00:00Z</time>
      </trkpt>
      <trkpt lat="41.31651968" lon="-72.90113630">
        <time>2026-09-07T14:16:05+00:00Z</time>
      </trkpt>
      <trkpt lat="41.31654541" lon="-72.90113906">
        <time>2026-09-07T14:16:06+00:00Z</time>
      </trkpt>
      <trkpt lat="41.31656108" lon="-72.90114636">
        <time>2026-09-07T14:16:07+00:00Z</time>
      </trkpt>
      <trkpt lat="41.31658992" lon="-72.90115004">
        <time>2026-09-07T14:16:08+00:00Z</time>
      </trkpt>
      <trkpt lat="41.31660450" lon="-72.90115306">
        <time>2026-09-07T14:16:09+00:00Z</time>
      </trkpt>
      <trkpt lat="41.31663250" lon="-72.90115750">
        <time>2026-09-07T14:16:10+00:00Z</time>
      </trkpt>
      <trkpt lat="41.31664608" lon="-72.90116320">
        <time>2026-09-07T14:16:11+00:00Z</time>
      </trkpt>
      <trkpt lat="41.31667273" lon="-72.90116915">
        <time>2026-09-07T14:16:12+00:00Z</time>
      </trkpt>
      <trkpt lat="41.31668799" lon="-72.90117661">
        <time>2026-09-07T14:16:13+00:00Z</time>
      </trkpt>
      <trkpt lat="41.31671255" lon="-72.90118122">
        <time>2026-09-07T14:16:14+00:00Z</time>
      </trkpt>
      <trkpt lat="41.31672763" lon="-72.90118592">
        <time>2026-09-07T14:16:15+00:00Z</time>
      </trkpt>
      <trkpt lat="41.31674993" lon="-72.90118986">
        <time>2026-09-07T14:16:16+00:00Z</time>
      </trkpt>
      <trkpt lat="41.31676476" lon="-72.90119690">
        <time>2026-09-07T14:16:17+00:00Z</time>
      </trkpt>
      <trkpt lat="41.31678890" lon="-72.90120126">
        <time>2026-09-07T14:16:18+00:00Z</time>
      </trkpt>
      <trkpt lat="41.31680600" lon="-72.90120696">
        <time>2026-09-07T14:16:19+00:00Z</time>
      </trkpt>
      <trkpt lat="41.31683132" lon="-72.90121475">
        <time>2026-09-07T14:16:20+00:00Z</time>
      </trkpt>
      <trkpt lat="41.31684649" lon="-72.90122406">
        <time>2026-09-07T14:16:21+00:00Z</time>
      </trkpt>
      <trkpt lat="41.31687214" lon="-72.90122875">
        <time>2026-09-07T14:16:22+00:00Z</time>
      </trkpt>
      <trkpt lat="41.31688949" lon="-72.90123395">
        <time>2026-09-07T14:16:23+00:00Z</time>
      </trkpt>
      <trkpt lat="41.31691581" lon="-72.90124015">
        <time>2026-09-07T14:16:24+00:00Z</time>
      </trkpt>
      <trkpt lat="41.31693182" lon="-72.90124853">
        <time>2026-09-07T14:16:25+00:00Z</time>
      </trkpt>
      <trkpt lat="41.31695612" lon="-72.90125658">
        <time>2026-09-07T14:16:26+00:00Z</time>
      </trkpt>
      <trkpt lat="41.31697616" lon="-72.90126186">
        <time>2026-09-07T14:16:27+00:00Z</time>
      </trkpt>
      <trkpt lat="41.31700189" lon="-72.90126127">
        <time>2026-09-07T14:16:28+00:00Z</time>
      </trkpt>
      <trkpt lat="41.31701957" lon="-72.90126521">
        <time>2026-09-07T14:16:29+00:00Z</time>
      </trkpt>
      <trkpt lat="41.31704053" lon="-72.90127058">
        <time>2026-09-07T14:16:30+00:00Z</time>
      </trkpt>
      <trkpt lat="41.31705922" lon="-72.90127737">
        <time>2026-09-07T14:16:31+00:00Z</time>
      </trkpt>
      <trkpt lat="41.31707967" lon="-72.90127812">
        <time>2026-09-07T14:16:32+00:00Z</time>
      </trkpt>
      <trkpt lat="41.31709987" lon="-72.90128172">
        <time>2026-09-07T14:16:33+00:00Z</time>
      </trkpt>
      <trkpt lat="41.31711831" lon="-72.90128650">
        <time>2026-09-07T14:16:34+00:00Z</time>
      </trkpt>
      <trkpt lat="41.31714053" lon="-72.90129027">
        <time>2026-09-07T14:16:35+00:00Z</time>
      </trkpt>
      <trkpt lat="41.31716047" lon="-72.90129622">
        <time>2026-09-07T14:16:36+00:00Z</time>
      </trkpt>
      <trkpt lat="41.31718520" lon="-72.90130134">
        <time>2026-09-07T14:16:37+00:00Z</time>
      </trkpt>
      <trkpt lat="41.31720213" lon="-72.90130511">
        <time>2026-09-07T14:16:38+00:00Z</time>
      </trkpt>
      <trkpt lat="41.31722728" lon="-72.90131131">
        <time>2026-09-07T14:16:39+00:00Z</time>
      </trkpt>
      <trkpt lat="41.31724035" lon="-72.90132070">
        <time>2026-09-07T14:16:40+00:00Z</time>
      </trkpt>
      <trkpt lat="41.31726315" lon="-72.90132481">
        <time>2026-09-07T14:16:41+00:00Z</time>
      </trkpt>
      <trkpt lat="41.31727522" lon="-72.90133302">
        <time>2026-09-07T14:16:42+00:00Z</time>
      </trkpt>
      <trkpt lat="41.31729953" lon="-72.90133780">
        <time>2026-09-07T14:16:43+00:00Z</time>
      </trkpt>
      <trkpt lat="41.31731772" lon="-72.90134392">
        <time>2026-09-07T14:16:44+00:00Z</time>
      </trkpt>
      <trkpt lat="41.31734219" lon="-72.90135222">
        <time>2026-09-07T14:16:45+00:00Z</time>
      </trkpt>
      <trkpt lat="41.31736265" lon="-72.90135875">
        <time>2026-09-07T14:16:46+00:00Z</time>
      </trkpt>
      <trkpt lat="41.31738477" lon="-72.90136185">
        <time>2026-09-07T14:16:47+00:00Z</time>
      </trkpt>
      <trkpt lat="41.31740472" lon="-72.90137032">
        <time>2026-09-07T14:16:48+00:00Z</time>
      </trkpt>
      <trkpt lat="41.31742358" lon="-72.90138029">
        <time>2026-09-07T14:16:49+00:00Z</time>
      </trkpt>
      <trkpt lat="41.31744822" lon="-72.90138935">
        <time>2026-09-07T14:16:50+00:00Z</time>
      </trkpt>
      <trkpt lat="41.31746792" lon="-72.90138449">
        <time>2026-09-07T14:16:51+00:00Z</time>
      </trkpt>
      <trkpt lat="41.31748779" lon="-72.90137602">
        <time>2026-09-07T14:16:52+00:00Z</time>
      </trkpt>
      <trkpt lat="41.31750874" lon="-72.90136085">
        <time>2026-09-07T14:16:53+00:00Z</time>
      </trkpt>
      <trkpt lat="41.31752559" lon="-72.90134861">
        <time>2026-09-07T14:16:54+00:00Z</time>
      </trkpt>
      <trkpt lat="41.31753934" lon="-72.90133202">
        <time>2026-09-07T14:16:55+00:00Z</time>
      </trkpt>
      <trkpt lat="41.31755241" lon="-72.90131701">
        <time>2026-09-07T14:16:56+00:00Z</time>
      </trkpt>
      <trkpt lat="41.31757094" lon="-72.90130109">
        <time>2026-09-07T14:16:57+00:00Z</time>
      </trkpt>
      <trkpt lat="41.31758653" lon="-72.90128340">
        <time>2026-09-07T14:16:58+00:00Z</time>
      </trkpt>
      <trkpt lat="41.31759834" lon="-72.90126421">
        <time>2026-09-07T14:16:59+00:00Z</time>
      </trkpt>
      <trkpt lat="41.31760874" lon="-72.90124074">
        <time>2026-09-07T14:17:00+00:00Z</time>
      </trkpt>
      <trkpt lat="41.31762064" lon="-72.90121584">
        <time>2026-09-07T14:17:01+00:00Z</time>
      </trkpt>
      <trkpt lat="41.31763087" lon="-72.90118961">
        <time>2026-09-07T14:17:02+00:00Z</time>
      </trkpt>
      <trkpt lat="41.31764101" lon="-72.90116547">
        <time>2026-09-07T14:17:03+00:00Z</time>
      </trkpt>
      <trkpt lat="41.31765325" lon="-72.90113797">
        <time>2026-09-07T14:17:04+00:00Z</time>
      </trkpt>
      <trkpt lat="41.31766456" lon="-72.90111476">
        <time>2026-09-07T14:17:05+00:00Z</time>
      </trkpt>
      <trkpt lat="41.31767998" lon="-72.90108651">
        <time>2026-09-07T14:17:06+00:00Z</time>
      </trkpt>
      <trkpt lat="41.31769080" lon="-72.90106623">
        <time>2026-09-07T14:17:07+00:00Z</time>
      </trkpt>
      <trkpt lat="41.31770597" lon="-72.90103379">
        <time>2026-09-07T14:17:08+00:00Z</time>
      </trkpt>
      <trkpt lat="41.31771636" lon="-72.90101619">
        <time>2026-09-07T14:17:09+00:00Z</time>
      </trkpt>
      <trkpt lat="41.31773447" lon="-72.90098517">
        <time>2026-09-07T14:17:10+00:00Z</time>
      </trkpt>
      <trkpt lat="41.31774654" lon="-72.90096740">
        <time>2026-09-07T14:17:11+00:00Z</time>
      </trkpt>
      <trkpt lat="41.31776942" lon="-72.90093740">
        <time>2026-09-07T14:17:12+00:00Z</time>
      </trkpt>
      <trkpt lat="41.31777889" lon="-72.90092331">
        <time>2026-09-07T14:17:13+00:00Z</time>
      </trkpt>
      <trkpt lat="41.31779901" lon="-72.90089456">
        <time>2026-09-07T14:17:14+00:00Z</time>
      </trkpt>
      <trkpt lat="41.31780915" lon="-72.90087998">
        <time>2026-09-07T14:17:15+00:00Z</time>
      </trkpt>
      <trkpt lat="41.31782901" lon="-72.90085391">
        <time>2026-09-07T14:17:16+00:00Z</time>
      </trkpt>
      <trkpt lat="41.31784100" lon="-72.90084042">
        <time>2026-09-07T14:17:17+00:00Z</time>
      </trkpt>
      <trkpt lat="41.31785894" lon="-72.90081837">
        <time>2026-09-07T14:17:18+00:00Z</time>
      </trkpt>
      <trkpt lat="41.31787126" lon="-72.90080370">
        <time>2026-09-07T14:17:19+00:00Z</time>
      </trkpt>
      <trkpt lat="41.31788576" lon="-72.90078409">
        <time>2026-09-07T14:17:20+00:00Z</time>
      </trkpt>
      <trkpt lat="41.31790127" lon="-72.90076565">
        <time>2026-09-07T14:17:21+00:00Z</time>
      </trkpt>
      <trkpt lat="41.31791711" lon="-72.90074319">
        <time>2026-09-07T14:17:22+00:00Z</time>
      </trkpt>
      <trkpt lat="41.31793798" lon="-72.90073371">
        <time>2026-09-07T14:17:23+00:00Z</time>
      </trkpt>
      <trkpt lat="41.31795441" lon="-72.90071435">
        <time>2026-09-07T14:17:24+00:00Z</time>
      </trkpt>
      <trkpt lat="41.31797285" lon="-72.90069776">
        <time>2026-09-07T14:17:25+00:00Z</time>
      </trkpt>
      <trkpt lat="41.31798475" lon="-72.90068108">
        <time>2026-09-07T14:17:26+00:00Z</time>
      </trkpt>
      <trkpt lat="41.31799875" lon="-72.90066482">
        <time>2026-09-07T14:17:27+00:00Z</time>
      </trkpt>
      <trkpt lat="41.31801216" lon="-72.90064453">
        <time>2026-09-07T14:17:28+00:00Z</time>
      </trkpt>
      <trkpt lat="41.31802431" lon="-72.90062576">
        <time>2026-09-07T14:17:29+00:00Z</time>
      </trkpt>
      <trkpt lat="41.31803923" lon="-72.90061050">
        <time>2026-09-07T14:17:30+00:00Z</time>
      </trkpt>
      <trkpt lat="41.31805164" lon="-72.90059072">
        <time>2026-09-07T14:17:31+00:00Z</time>
      </trkpt>
      <trkpt lat="41.31806488" lon="-72.90057882">
        <time>2026-09-07T14:17:32+00:00Z</time>
      </trkpt>
      <trkpt lat="41.31807075" lon="-72.90056717">
        <time>2026-09-07T14:17:33+00:00Z</time>
      </trkpt>
      <trkpt lat="41.31809095" lon="-72.90054948">
        <time>2026-09-07T14:17:34+00:00Z</time>
      </trkpt>
      <trkpt lat="41.31811040" lon="-72.90051092">
        <time>2026-09-07T14:17:35+00:00Z</time>
      </trkpt>
      <trkpt lat="41.31812196" lon="-72.90049592">
        <time>2026-09-07T14:17:36+00:00Z</time>
      </trkpt>
      <trkpt lat="41.31813227" lon="-72.90047195">
        <time>2026-09-07T14:17:37+00:00Z</time>
      </trkpt>
      <trkpt lat="41.31815239" lon="-72.90044663">
        <time>2026-09-07T14:17:38+00:00Z</time>
      </trkpt>
      <trkpt lat="41.31816815" lon="-72.90041579">
        <time>2026-09-07T14:17:39+00:00Z</time>
      </trkpt>
      <trkpt lat="41.31818608" lon="-72.90039240">
        <time>2026-09-07T14:17:40+00:00Z</time>
      </trkpt>
      <trkpt lat="41.31820545" lon="-72.90036282">
        <time>2026-09-07T14:17:41+00:00Z</time>
      </trkpt>
      <trkpt lat="41.31822288" lon="-72.90034086">
        <time>2026-09-07T14:17:42+00:00Z</time>
      </trkpt>
      <trkpt lat="41.31824224" lon="-72.90031621">
        <time>2026-09-07T14:17:43+00:00Z</time>
      </trkpt>
      <trkpt lat="41.31825867" lon="-72.90029668">
        <time>2026-09-07T14:17:44+00:00Z</time>
      </trkpt>
      <trkpt lat="41.31827552" lon="-72.90027162">
        <time>2026-09-07T14:17:45+00:00Z</time>
      </trkpt>
      <trkpt lat="41.31829228" lon="-72.90024673">
        <time>2026-09-07T14:17:46+00:00Z</time>
      </trkpt>
      <trkpt lat="41.31830980" lon="-72.90022686">
        <time>2026-09-07T14:17:47+00:00Z</time>
      </trkpt>
      <trkpt lat="41.31832874" lon="-72.90020373">
        <time>2026-09-07T14:17:48+00:00Z</time>
      </trkpt>
      <trkpt lat="41.31834509" lon="-72.90018554">
        <time>2026-09-07T14:17:49+00:00Z</time>
      </trkpt>
      <trkpt lat="41.31836655" lon="-72.90016224">
        <time>2026-09-07T14:17:50+00:00Z</time>
      </trkpt>
      <trkpt lat="41.31838230" lon="-72.90014916">
        <time>2026-09-07T14:17:51+00:00Z</time>
      </trkpt>
      <trkpt lat="41.31840343" lon="-72.90012209">
        <time>2026-09-07T14:17:52+00:00Z</time>
      </trkpt>
      <trkpt lat="41.31841399" lon="-72.90010566">
        <time>2026-09-07T14:17:53+00:00Z</time>
      </trkpt>
      <trkpt lat="41.31843159" lon="-72.90007674">
        <time>2026-09-07T14:17:54+00:00Z</time>
      </trkpt>
      <trkpt lat="41.31843645" lon="-72.90005864">
        <time>2026-09-07T14:17:55+00:00Z</time>
      </trkpt>
      <trkpt lat="41.31845120" lon="-72.90002368">
        <time>2026-09-07T14:17:56+00:00Z</time>
      </trkpt>
      <trkpt lat="41.31847207" lon="-72.90000717">
        <time>2026-09-07T14:17:57+00:00Z</time>
      </trkpt>
      <trkpt lat="41.31848708" lon="-72.89997859">
        <time>2026-09-07T14:17:58+00:00Z</time>
      </trkpt>
      <trkpt lat="41.31850108" lon="-72.89995696">
        <time>2026-09-07T14:17:59+00:00Z</time>
      </trkpt>
      <trkpt lat="41.31851306" lon="-72.89993299">
        <time>2026-09-07T14:18:00+00:00Z</time>
      </trkpt>
      <trkpt lat="41.31852589" lon="-72.89991204">
        <time>2026-09-07T14:18:01+00:00Z</time>
      </trkpt>
      <trkpt lat="41.31853963" lon="-72.89989150">
        <time>2026-09-07T14:18:02+00:00Z</time>
      </trkpt>
      <trkpt lat="41.31855053" lon="-72.89987097">
        <time>2026-09-07T14:18:03+00:00Z</time>
      </trkpt>
      <trkpt lat="41.31856210" lon="-72.89985085">
        <time>2026-09-07T14:18:04+00:00Z</time>
      </trkpt>
      <trkpt lat="41.31857433" lon="-72.89983417">
        <time>2026-09-07T14:18:05+00:00Z</time>
      </trkpt>
      <trkpt lat="41.31858691" lon="-72.89982319">
        <time>2026-09-07T14:18:06+00:00Z</time>
      </trkpt>
      <trkpt lat="41.31860652" lon="-72.89981179">
        <time>2026-09-07T14:18:07+00:00Z</time>
      </trkpt>
      <trkpt lat="41.31862010" lon="-72.89979402">
        <time>2026-09-07T14:18:08+00:00Z</time>
      </trkpt>
      <trkpt lat="41.31862965" lon="-72.89977801">
        <time>2026-09-07T14:18:09+00:00Z</time>
      </trkpt>
      <trkpt lat="41.31864348" lon="-72.89976829">
        <time>2026-09-07T14:18:10+00:00Z</time>
      </trkpt>
      <trkpt lat="41.31865128" lon="-72.89973476">
        <time>2026-09-07T14:18:11+00:00Z</time>
      </trkpt>
      <trkpt lat="41.31867056" lon="-72.89971883">
        <time>2026-09-07T14:18:12+00:00Z</time>
      </trkpt>
      <trkpt lat="41.31870031" lon="-72.89968556">
        <time>2026-09-07T14:18:13+00:00Z</time>
      </trkpt>
      <trkpt lat="41.31872647" lon="-72.89966058">
        <time>2026-09-07T14:18:14+00:00Z</time>
      </trkpt>
      <trkpt lat="41.31874935" lon="-72.89963049">
        <time>2026-09-07T14:18:15+00:00Z</time>
      </trkpt>
      <trkpt lat="41.31876728" lon="-72.89961180">
        <time>2026-09-07T14:18:16+00:00Z</time>
      </trkpt>
      <trkpt lat="41.31878799" lon="-72.89958221">
        <time>2026-09-07T14:18:17+00:00Z</time>
      </trkpt>
      <trkpt lat="41.31880417" lon="-72.89956167">
        <time>2026-09-07T14:18:18+00:00Z</time>
      </trkpt>
      <trkpt lat="41.31882587" lon="-72.89953904">
        <time>2026-09-07T14:18:19+00:00Z</time>
      </trkpt>
      <trkpt lat="41.31883836" lon="-72.89952446">
        <time>2026-09-07T14:18:20+00:00Z</time>
      </trkpt>
      <trkpt lat="41.31885496" lon="-72.89950090">
        <time>2026-09-07T14:18:21+00:00Z</time>
      </trkpt>
      <trkpt lat="41.31886661" lon="-72.89949018">
        <time>2026-09-07T14:18:22+00:00Z</time>
      </trkpt>
      <trkpt lat="41.31888480" lon="-72.89946520">
        <time>2026-09-07T14:18:23+00:00Z</time>
      </trkpt>
      <trkpt lat="41.31889788" lon="-72.89944785">
        <time>2026-09-07T14:18:24+00:00Z</time>
      </trkpt>
      <trkpt lat="41.31891690" lon="-72.89942019">
        <time>2026-09-07T14:18:25+00:00Z</time>
      </trkpt>
      <trkpt lat="41.31893350" lon="-72.89940124">
        <time>2026-09-07T14:18:26+00:00Z</time>
      </trkpt>
      <trkpt lat="41.31895068" lon="-72.89937819">
        <time>2026-09-07T14:18:27+00:00Z</time>
      </trkpt>
      <trkpt lat="41.31896837" lon="-72.89936361">
        <time>2026-09-07T14:18:28+00:00Z</time>
      </trkpt>
      <trkpt lat="41.31898538" lon="-72.89934400">
        <time>2026-09-07T14:18:29+00:00Z</time>
      </trkpt>
      <trkpt lat="41.31900198" lon="-72.89932438">
        <time>2026-09-07T14:18:30+00:00Z</time>
      </trkpt>
      <trkpt lat="41.31901505" lon="-72.89930636">
        <time>2026-09-07T14:18:31+00:00Z</time>
      </trkpt>
      <trkpt lat="41.31903115" lon="-72.89928147">
        <time>2026-09-07T14:18:32+00:00Z</time>
      </trkpt>
      <trkpt lat="41.31904372" lon="-72.89926085">
        <time>2026-09-07T14:18:33+00:00Z</time>
      </trkpt>
      <trkpt lat="41.31905847" lon="-72.89923637">
        <time>2026-09-07T14:18:34+00:00Z</time>
      </trkpt>
      <trkpt lat="41.31907155" lon="-72.89921198">
        <time>2026-09-07T14:18:35+00:00Z</time>
      </trkpt>
      <trkpt lat="41.31908429" lon="-72.89918357">
        <time>2026-09-07T14:18:36+00:00Z</time>
      </trkpt>
      <trkpt lat="41.31909636" lon="-72.89916236">
        <time>2026-09-07T14:18:37+00:00Z</time>
      </trkpt>
      <trkpt lat="41.31911304" lon="-72.89913512">
        <time>2026-09-07T14:18:38+00:00Z</time>
      </trkpt>
      <trkpt lat="41.31912687" lon="-72.89911458">
        <time>2026-09-07T14:18:39+00:00Z</time>
      </trkpt>
      <trkpt lat="41.31914757" lon="-72.89909145">
        <time>2026-09-07T14:18:40+00:00Z</time>
      </trkpt>
      <trkpt lat="41.31916383" lon="-72.89907619">
        <time>2026-09-07T14:18:41+00:00Z</time>
      </trkpt>
      <trkpt lat="41.31918437" lon="-72.89905616">
        <time>2026-09-07T14:18:42+00:00Z</time>
      </trkpt>
      <trkpt lat="41.31920029" lon="-72.89903898">
        <time>2026-09-07T14:18:43+00:00Z</time>
      </trkpt>
      <trkpt lat="41.31921714" lon="-72.89901475">
        <time>2026-09-07T14:18:44+00:00Z</time>
      </trkpt>
      <trkpt lat="41.31923089" lon="-72.89899279">
        <time>2026-09-07T14:18:45+00:00Z</time>
      </trkpt>
      <trkpt lat="41.31924707" lon="-72.89896958">
        <time>2026-09-07T14:18:46+00:00Z</time>
      </trkpt>
      <trkpt lat="41.31926467" lon="-72.89895055">
        <time>2026-09-07T14:18:47+00:00Z</time>
      </trkpt>
      <trkpt lat="41.31927640" lon="-72.89893622">
        <time>2026-09-07T14:18:48+00:00Z</time>
      </trkpt>
      <trkpt lat="41.31929979" lon="-72.89891099">
        <time>2026-09-07T14:18:49+00:00Z</time>
      </trkpt>
      <trkpt lat="41.31931739" lon="-72.89889984">
        <time>2026-09-07T14:18:50+00:00Z</time>
      </trkpt>
      <trkpt lat="41.31934002" lon="-72.89887830">
        <time>2026-09-07T14:18:51+00:00Z</time>
      </trkpt>
      <trkpt lat="41.31935603" lon="-72.89886262">
        <time>2026-09-07T14:18:52+00:00Z</time>
      </trkpt>
      <trkpt lat="41.31937162" lon="-72.89883949">
        <time>2026-09-07T14:18:53+00:00Z</time>
      </trkpt>
      <trkpt lat="41.31938880" lon="-72.89882264">
        <time>2026-09-07T14:18:54+00:00Z</time>
      </trkpt>
      <trkpt lat="41.31940255" lon="-72.89880345">
        <time>2026-09-07T14:18:55+00:00Z</time>
      </trkpt>
      <trkpt lat="41.31941881" lon="-72.89878660">
        <time>2026-09-07T14:18:56+00:00Z</time>
      </trkpt>
      <trkpt lat="41.31943214" lon="-72.89876707">
        <time>2026-09-07T14:18:57+00:00Z</time>
      </trkpt>
      <trkpt lat="41.31944614" lon="-72.89874544">
        <time>2026-09-07T14:18:58+00:00Z</time>
      </trkpt>
      <trkpt lat="41.31946399" lon="-72.89872759">
        <time>2026-09-07T14:18:59+00:00Z</time>
      </trkpt>
      <trkpt lat="41.31948411" lon="-72.89870211">
        <time>2026-09-07T14:19:00+00:00Z</time>
      </trkpt>
      <trkpt lat="41.31949810" lon="-72.89868551">
        <time>2026-09-07T14:19:01+00:00Z</time>
      </trkpt>
      <trkpt lat="41.31951763" lon="-72.89866003">
        <time>2026-09-07T14:19:02+00:00Z</time>
      </trkpt>
      <trkpt lat="41.31953314" lon="-72.89864679">
        <time>2026-09-07T14:19:03+00:00Z</time>
      </trkpt>
      <trkpt lat="41.31955409" lon="-72.89862852">
        <time>2026-09-07T14:19:04+00:00Z</time>
      </trkpt>
      <trkpt lat="41.31957094" lon="-72.89861460">
        <time>2026-09-07T14:19:05+00:00Z</time>
      </trkpt>
      <trkpt lat="41.31959047" lon="-72.89859524">
        <time>2026-09-07T14:19:06+00:00Z</time>
      </trkpt>
      <trkpt lat="41.31961025" lon="-72.89857864">
        <time>2026-09-07T14:19:07+00:00Z</time>
      </trkpt>
      <trkpt lat="41.31963003" lon="-72.89855869">
        <time>2026-09-07T14:19:08+00:00Z</time>
      </trkpt>
      <trkpt lat="41.31965468" lon="-72.89853766">
        <time>2026-09-07T14:19:09+00:00Z</time>
      </trkpt>
      <trkpt lat="41.31967446" lon="-72.89851980">
        <time>2026-09-07T14:19:10+00:00Z</time>
      </trkpt>
      <trkpt lat="41.31969424" lon="-72.89849684">
        <time>2026-09-07T14:19:11+00:00Z</time>
      </trkpt>
      <trkpt lat="41.31971134" lon="-72.89848569">
        <time>2026-09-07T14:19:12+00:00Z</time>
      </trkpt>
      <trkpt lat="41.31973213" lon="-72.89846649">
        <time>2026-09-07T14:19:13+00:00Z</time>
      </trkpt>
      <trkpt lat="41.31974696" lon="-72.89845107">
        <time>2026-09-07T14:19:14+00:00Z</time>
      </trkpt>
      <trkpt lat="41.31976892" lon="-72.89843330">
        <time>2026-09-07T14:19:15+00:00Z</time>
      </trkpt>
      <trkpt lat="41.31978652" lon="-72.89841872">
        <time>2026-09-07T14:19:16+00:00Z</time>
      </trkpt>
      <trkpt lat="41.31980228" lon="-72.89839592">
        <time>2026-09-07T14:19:17+00:00Z</time>
      </trkpt>
      <trkpt lat="41.31982173" lon="-72.89837094">
        <time>2026-09-07T14:19:18+00:00Z</time>
      </trkpt>
      <trkpt lat="41.31983816" lon="-72.89835862">
        <time>2026-09-07T14:19:19+00:00Z</time>
      </trkpt>
      <trkpt lat="41.31986096" lon="-72.89833163">
        <time>2026-09-07T14:19:20+00:00Z</time>
      </trkpt>
      <trkpt lat="41.31987520" lon="-72.89831914">
        <time>2026-09-07T14:19:21+00:00Z</time>
      </trkpt>
      <trkpt lat="41.31989708" lon="-72.89829751">
        <time>2026-09-07T14:19:22+00:00Z</time>
      </trkpt>
      <trkpt lat="41.31991359" lon="-72.89828670">
        <time>2026-09-07T14:19:23+00:00Z</time>
      </trkpt>
      <trkpt lat="41.31992617" lon="-72.89825669">
        <time>2026-09-07T14:19:24+00:00Z</time>
      </trkpt>
      <trkpt lat="41.31994016" lon="-72.89824035">
        <time>2026-09-07T14:19:25+00:00Z</time>
      </trkpt>
      <trkpt lat="41.31995307" lon="-72.89822107">
        <time>2026-09-07T14:19:26+00:00Z</time>
      </trkpt>
      <trkpt lat="41.31996749" lon="-72.89820330">
        <time>2026-09-07T14:19:27+00:00Z</time>
      </trkpt>
      <trkpt lat="41.31997973" lon="-72.89818997">
        <time>2026-09-07T14:19:28+00:00Z</time>
      </trkpt>
      <trkpt lat="41.31999213" lon="-72.89818159">
        <time>2026-09-07T14:19:29+00:00Z</time>
      </trkpt>
      <trkpt lat="41.32001091" lon="-72.89818520">
        <time>2026-09-07T14:19:30+00:00Z</time>
      </trkpt>
      <trkpt lat="41.32002206" lon="-72.89818847">
        <time>2026-09-07T14:19:31+00:00Z</time>
      </trkpt>
      <trkpt lat="41.32003957" lon="-72.89819945">
        <time>2026-09-07T14:19:32+00:00Z</time>
      </trkpt>
      <trkpt lat="41.32005340" lon="-72.89820808">
        <time>2026-09-07T14:19:33+00:00Z</time>
      </trkpt>
      <trkpt lat="41.32007034" lon="-72.89822057">
        <time>2026-09-07T14:19:34+00:00Z</time>
      </trkpt>
      <trkpt lat="41.32009431" lon="-72.89823381">
        <time>2026-09-07T14:19:35+00:00Z</time>
      </trkpt>
      <trkpt lat="41.32011417" lon="-72.89824722">
        <time>2026-09-07T14:19:36+00:00Z</time>
      </trkpt>
      <trkpt lat="41.32013580" lon="-72.89826407">
        <time>2026-09-07T14:19:37+00:00Z</time>
      </trkpt>
      <trkpt lat="41.32015038" lon="-72.89828201">
        <time>2026-09-07T14:19:38+00:00Z</time>
      </trkpt>
      <trkpt lat="41.32017109" lon="-72.89830430">
        <time>2026-09-07T14:19:39+00:00Z</time>
      </trkpt>
      <trkpt lat="41.32018894" lon="-72.89832325">
        <time>2026-09-07T14:19:40+00:00Z</time>
      </trkpt>
      <trkpt lat="41.32021065" lon="-72.89834772">
        <time>2026-09-07T14:19:41+00:00Z</time>
      </trkpt>
      <trkpt lat="41.32022515" lon="-72.89836398">
        <time>2026-09-07T14:19:42+00:00Z</time>
      </trkpt>
      <trkpt lat="41.32024770" lon="-72.89838787">
        <time>2026-09-07T14:19:43+00:00Z</time>
      </trkpt>
      <trkpt lat="41.32026295" lon="-72.89840925">
        <time>2026-09-07T14:19:44+00:00Z</time>
      </trkpt>
      <trkpt lat="41.32028097" lon="-72.89843020">
        <time>2026-09-07T14:19:45+00:00Z</time>
      </trkpt>
      <trkpt lat="41.32029665" lon="-72.89844990">
        <time>2026-09-07T14:19:46+00:00Z</time>
      </trkpt>
      <trkpt lat="41.32030939" lon="-72.89846490">
        <time>2026-09-07T14:19:47+00:00Z</time>
      </trkpt>
      <trkpt lat="41.32032875" lon="-72.89848493">
        <time>2026-09-07T14:19:48+00:00Z</time>
      </trkpt>
      <trkpt lat="41.32033864" lon="-72.89849835">
        <time>2026-09-07T14:19:49+00:00Z</time>
      </trkpt>
      <trkpt lat="41.32036060" lon="-72.89852106">
        <time>2026-09-07T14:19:50+00:00Z</time>
      </trkpt>
      <trkpt lat="41.32037326" lon="-72.89853942">
        <time>2026-09-07T14:19:51+00:00Z</time>
      </trkpt>
      <trkpt lat="41.32039220" lon="-72.89856448">
        <time>2026-09-07T14:19:52+00:00Z</time>
      </trkpt>
      <trkpt lat="41.32040427" lon="-72.89858200">
        <time>2026-09-07T14:19:53+00:00Z</time>
      </trkpt>
      <trkpt lat="41.32042523" lon="-72.89860412">
        <time>2026-09-07T14:19:54+00:00Z</time>
      </trkpt>
      <trkpt lat="41.32043688" lon="-72.89862005">
        <time>2026-09-07T14:19:55+00:00Z</time>
      </trkpt>
      <trkpt lat="41.32045649" lon="-72.89864017">
        <time>2026-09-07T14:19:56+00:00Z</time>
      </trkpt>
      <trkpt lat="41.32047066" lon="-72.89865936">
        <time>2026-09-07T14:19:57+00:00Z</time>
      </trkpt>
      <trkpt lat="41.32049010" lon="-72.89867948">
        <time>2026-09-07T14:19:58+00:00Z</time>
      </trkpt>
      <trkpt lat="41.32050552" lon="-72.89869767">
        <time>2026-09-07T14:19:59+00:00Z</time>
      </trkpt>
      <trkpt lat="41.32052178" lon="-72.89871309">
        <time>2026-09-07T14:20:00+00:00Z</time>
      </trkpt>
      <trkpt lat="41.32053779" lon="-72.89872600">
        <time>2026-09-07T14:20:01+00:00Z</time>
      </trkpt>
      <trkpt lat="41.32055397" lon="-72.89874645">
        <time>2026-09-07T14:20:02+00:00Z</time>
      </trkpt>
      <trkpt lat="41.32056856" lon="-72.89876657">
        <time>2026-09-07T14:20:03+00:00Z</time>
      </trkpt>
      <trkpt lat="41.32058507" lon="-72.89878417">
        <time>2026-09-07T14:20:04+00:00Z</time>
      </trkpt>
      <trkpt lat="41.32060125" lon="-72.89880261">
        <time>2026-09-07T14:20:05+00:00Z</time>
      </trkpt>
      <trkpt lat="41.32061650" lon="-72.89882390">
        <time>2026-09-07T14:20:06+00:00Z</time>
      </trkpt>
      <trkpt lat="41.32062949" lon="-72.89884418">
        <time>2026-09-07T14:20:07+00:00Z</time>
      </trkpt>
      <trkpt lat="41.32063779" lon="-72.89886648">
        <time>2026-09-07T14:20:08+00:00Z</time>
      </trkpt>
      <trkpt lat="41.32064751" lon="-72.89888450">
        <time>2026-09-07T14:20:09+00:00Z</time>
      </trkpt>
      <trkpt lat="41.32065489" lon="-72.89889456">
        <time>2026-09-07T14:20:10+00:00Z</time>
      </trkpt>
      <trkpt lat="41.32065967" lon="-72.89890629">
        <time>2026-09-07T14:20:11+00:00Z</time>
      </trkpt>
      <trkpt lat="41.32066553" lon="-72.89891836">
        <time>2026-09-07T14:20:12+00:00Z</time>
      </trkpt>
      <trkpt lat="41.32067299" lon="-72.89892943">
        <time>2026-09-07T14:20:13+00:00Z</time>
      </trkpt>
      <trkpt lat="41.32068004" lon="-72.89893923">
        <time>2026-09-07T14:20:14+00:00Z</time>
      </trkpt>
      <trkpt lat="41.32068875" lon="-72.89895097">
        <time>2026-09-07T14:20:15+00:00Z</time>
      </trkpt>
      <trkpt lat="41.32069487" lon="-72.89896170">
        <time>2026-09-07T14:20:16+00:00Z</time>
      </trkpt>
      <trkpt lat="41.32070384" lon="-72.89897192">
        <time>2026-09-07T14:20:17+00:00Z</time>
      </trkpt>
      <trkpt lat="41.32071147" lon="-72.89898022">
        <time>2026-09-07T14:20:18+00:00Z</time>
      </trkpt>
      <trkpt lat="41.32071977" lon="-72.89898315">
        <time>2026-09-07T14:20:19+00:00Z</time>
      </trkpt>
      <trkpt lat="41.32073033" lon="-72.89898885">
        <time>2026-09-07T14:20:20+00:00Z</time>
      </trkpt>
      <trkpt lat="41.32073787" lon="-72.89900034">
        <time>2026-09-07T14:20:21+00:00Z</time>
      </trkpt>
      <trkpt lat="41.32074642" lon="-72.89901031">
        <time>2026-09-07T14:20:22+00:00Z</time>
      </trkpt>
      <trkpt lat="41.32075589" lon="-72.89902087">
        <time>2026-09-07T14:20:23+00:00Z</time>
      </trkpt>
      <trkpt lat="41.32076503" lon="-72.89903018">
        <time>2026-09-07T14:20:24+00:00Z</time>
      </trkpt>
      <trkpt lat="41.32077492" lon="-72.89904258">
        <time>2026-09-07T14:20:25+00:00Z</time>
      </trkpt>
      <trkpt lat="41.32078305" lon="-72.89905390">
        <time>2026-09-07T14:20:26+00:00Z</time>
      </trkpt>
      <trkpt lat="41.32079244" lon="-72.89906731">
        <time>2026-09-07T14:20:27+00:00Z</time>
      </trkpt>
      <trkpt lat="41.32080057" lon="-72.89907837">
        <time>2026-09-07T14:20:28+00:00Z</time>
      </trkpt>
      <trkpt lat="41.32081398" lon="-72.89908198">
        <time>2026-09-07T14:20:29+00:00Z</time>
      </trkpt>
      <trkpt lat="41.32082186" lon="-72.89908952">
        <time>2026-09-07T14:20:30+00:00Z</time>
      </trkpt>
      <trkpt lat="41.32083376" lon="-72.89909958">
        <time>2026-09-07T14:20:31+00:00Z</time>
      </trkpt>
      <trkpt lat="41.32084415" lon="-72.89910939">
        <time>2026-09-07T14:20:32+00:00Z</time>
      </trkpt>
      <trkpt lat="41.32085321" lon="-72.89911861">
        <time>2026-09-07T14:20:33+00:00Z</time>
      </trkpt>
      <trkpt lat="41.32086217" lon="-72.89913269">
        <time>2026-09-07T14:20:34+00:00Z</time>
      </trkpt>
      <trkpt lat="41.32087181" lon="-72.89914451">
        <time>2026-09-07T14:20:35+00:00Z</time>
      </trkpt>
      <trkpt lat="41.32087768" lon="-72.89915557">
        <time>2026-09-07T14:20:36+00:00Z</time>
      </trkpt>
      <trkpt lat="41.32088413" lon="-72.89916588">
        <time>2026-09-07T14:20:37+00:00Z</time>
      </trkpt>
      <trkpt lat="41.32088967" lon="-72.89917451">
        <time>2026-09-07T14:20:38+00:00Z</time>
      </trkpt>
      <trkpt lat="41.32089788" lon="-72.89918491">
        <time>2026-09-07T14:20:39+00:00Z</time>
      </trkpt>
      <trkpt lat="41.32090920" lon="-72.89919723">
        <time>2026-09-07T14:20:40+00:00Z</time>
      </trkpt>
      <trkpt lat="41.32091858" lon="-72.89920779">
        <time>2026-09-07T14:20:41+00:00Z</time>
      </trkpt>
      <trkpt lat="41.32092990" lon="-72.89921726">
        <time>2026-09-07T14:20:42+00:00Z</time>
      </trkpt>
      <trkpt lat="41.32094289" lon="-72.89922548">
        <time>2026-09-07T14:20:43+00:00Z</time>
      </trkpt>
      <trkpt lat="41.32095345" lon="-72.89923377">
        <time>2026-09-07T14:20:44+00:00Z</time>
      </trkpt>
      <trkpt lat="41.32096603" lon="-72.89924216">
        <time>2026-09-07T14:20:45+00:00Z</time>
      </trkpt>
      <trkpt lat="41.32097659" lon="-72.89924744">
        <time>2026-09-07T14:20:46+00:00Z</time>
      </trkpt>
      <trkpt lat="41.32098564" lon="-72.89925431">
        <time>2026-09-07T14:20:47+00:00Z</time>
      </trkpt>
      <trkpt lat="41.32099478" lon="-72.89926252">
        <time>2026-09-07T14:20:48+00:00Z</time>
      </trkpt>
      <trkpt lat="41.32100785" lon="-72.89927434">
        <time>2026-09-07T14:20:49+00:00Z</time>
      </trkpt>
      <trkpt lat="41.32102252" lon="-72.89928926">
        <time>2026-09-07T14:20:50+00:00Z</time>
      </trkpt>
      <trkpt lat="41.32103945" lon="-72.89930586">
        <time>2026-09-07T14:20:51+00:00Z</time>
      </trkpt>
      <trkpt lat="41.32105974" lon="-72.89932488">
        <time>2026-09-07T14:20:52+00:00Z</time>
      </trkpt>
      <trkpt lat="41.32107348" lon="-72.89934710">
        <time>2026-09-07T14:20:53+00:00Z</time>
      </trkpt>
      <trkpt lat="41.32109242" lon="-72.89936822">
        <time>2026-09-07T14:20:54+00:00Z</time>
      </trkpt>
      <trkpt lat="41.32110734" lon="-72.89938867">
        <time>2026-09-07T14:20:55+00:00Z</time>
      </trkpt>
      <trkpt lat="41.32112654" lon="-72.89941105">
        <time>2026-09-07T14:20:56+00:00Z</time>
      </trkpt>
      <trkpt lat="41.32114347" lon="-72.89942413">
        <time>2026-09-07T14:20:57+00:00Z</time>
      </trkpt>
      <trkpt lat="41.32116174" lon="-72.89944173">
        <time>2026-09-07T14:20:58+00:00Z</time>
      </trkpt>
      <trkpt lat="41.32117356" lon="-72.89945615">
        <time>2026-09-07T14:20:59+00:00Z</time>
      </trkpt>
      <trkpt lat="41.32119033" lon="-72.89947710">
        <time>2026-09-07T14:21:00+00:00Z</time>
      </trkpt>
      <trkpt lat="41.32120332" lon="-72.89949412">
        <time>2026-09-07T14:21:01+00:00Z</time>
      </trkpt>
      <trkpt lat="41.32122301" lon="-72.89951499">
        <time>2026-09-07T14:21:02+00:00Z</time>
      </trkpt>
      <trkpt lat="41.32123785" lon="-72.89952999">
        <time>2026-09-07T14:21:03+00:00Z</time>
      </trkpt>
      <trkpt lat="41.32125646" lon="-72.89955061">
        <time>2026-09-07T14:21:04+00:00Z</time>
      </trkpt>
      <trkpt lat="41.32127029" lon="-72.89956519">
        <time>2026-09-07T14:21:05+00:00Z</time>
      </trkpt>
      <trkpt lat="41.32128303" lon="-72.89958623">
        <time>2026-09-07T14:21:06+00:00Z</time>
      </trkpt>
      <trkpt lat="41.32129761" lon="-72.89960333">
        <time>2026-09-07T14:21:07+00:00Z</time>
      </trkpt>
      <trkpt lat="41.32131563" lon="-72.89962353">
        <time>2026-09-07T14:21:08+00:00Z</time>
      </trkpt>
      <trkpt lat="41.32133148" lon="-72.89964289">
        <time>2026-09-07T14:21:09+00:00Z</time>
      </trkpt>
      <trkpt lat="41.32134656" lon="-72.89965915">
        <time>2026-09-07T14:21:10+00:00Z</time>
      </trkpt>
      <trkpt lat="41.32136567" lon="-72.89967651">
        <time>2026-09-07T14:21:11+00:00Z</time>
      </trkpt>
      <trkpt lat="41.32138235" lon="-72.89969277">
        <time>2026-09-07T14:21:12+00:00Z</time>
      </trkpt>
      <trkpt lat="41.32140624" lon="-72.89971012">
        <time>2026-09-07T14:21:13+00:00Z</time>
      </trkpt>
      <trkpt lat="41.32141463" lon="-72.89972261">
        <time>2026-09-07T14:21:14+00:00Z</time>
      </trkpt>
      <trkpt lat="41.32143080" lon="-72.89975169">
        <time>2026-09-07T14:21:15+00:00Z</time>
      </trkpt>
      <trkpt lat="41.32143843" lon="-72.89976669">
        <time>2026-09-07T14:21:16+00:00Z</time>
      </trkpt>
      <trkpt lat="41.32145905" lon="-72.89978765">
        <time>2026-09-07T14:21:17+00:00Z</time>
      </trkpt>
      <trkpt lat="41.32146684" lon="-72.89980466">
        <time>2026-09-07T14:21:18+00:00Z</time>
      </trkpt>
      <trkpt lat="41.32148269" lon="-72.89982126">
        <time>2026-09-07T14:21:19+00:00Z</time>
      </trkpt>
      <trkpt lat="41.32149325" lon="-72.89983694">
        <time>2026-09-07T14:21:20+00:00Z</time>
      </trkpt>
      <trkpt lat="41.32150632" lon="-72.89985303">
        <time>2026-09-07T14:21:21+00:00Z</time>
      </trkpt>
      <trkpt lat="41.32151864" lon="-72.89986988">
        <time>2026-09-07T14:21:22+00:00Z</time>
      </trkpt>
      <trkpt lat="41.32153449" lon="-72.89988815">
        <time>2026-09-07T14:21:23+00:00Z</time>
      </trkpt>
      <trkpt lat="41.32155251" lon="-72.89990801">
        <time>2026-09-07T14:21:24+00:00Z</time>
      </trkpt>
      <trkpt lat="41.32156701" lon="-72.89992570">
        <time>2026-09-07T14:21:25+00:00Z</time>
      </trkpt>
      <trkpt lat="41.32158478" lon="-72.89994515">
        <time>2026-09-07T14:21:26+00:00Z</time>
      </trkpt>
      <trkpt lat="41.32159509" lon="-72.89996065">
        <time>2026-09-07T14:21:27+00:00Z</time>
      </trkpt>
      <trkpt lat="41.32161613" lon="-72.89998068">
        <time>2026-09-07T14:21:28+00:00Z</time>
      </trkpt>
      <trkpt lat="41.32162862" lon="-72.89999150">
        <time>2026-09-07T14:21:29+00:00Z</time>
      </trkpt>
      <trkpt lat="41.32165133" lon="-72.90000675">
        <time>2026-09-07T14:21:30+00:00Z</time>
      </trkpt>
      <trkpt lat="41.32166591" lon="-72.90001270">
        <time>2026-09-07T14:21:31+00:00Z</time>
      </trkpt>
      <trkpt lat="41.32169106" lon="-72.90002905">
        <time>2026-09-07T14:21:32+00:00Z</time>
      </trkpt>
      <trkpt lat="41.32170481" lon="-72.90003852">
        <time>2026-09-07T14:21:33+00:00Z</time>
      </trkpt>
      <trkpt lat="41.32172794" lon="-72.90006643">
        <time>2026-09-07T14:21:34+00:00Z</time>
      </trkpt>
      <trkpt lat="41.32174202" lon="-72.90007917">
        <time>2026-09-07T14:21:35+00:00Z</time>
      </trkpt>
      <trkpt lat="41.32176088" lon="-72.90009929">
        <time>2026-09-07T14:21:36+00:00Z</time>
      </trkpt>
      <trkpt lat="41.32177128" lon="-72.90012100">
        <time>2026-09-07T14:21:37+00:00Z</time>
      </trkpt>
      <trkpt lat="41.32179097" lon="-72.90013810">
        <time>2026-09-07T14:21:38+00:00Z</time>
      </trkpt>
      <trkpt lat="41.32180413" lon="-72.90015578">
        <time>2026-09-07T14:21:39+00:00Z</time>
      </trkpt>
      <trkpt lat="41.32182232" lon="-72.90017070">
        <time>2026-09-07T14:21:40+00:00Z</time>
      </trkpt>
      <trkpt lat="41.32184034" lon="-72.90018872">
        <time>2026-09-07T14:21:41+00:00Z</time>
      </trkpt>
      <trkpt lat="41.32185962" lon="-72.90020322">
        <time>2026-09-07T14:21:42+00:00Z</time>
      </trkpt>
      <trkpt lat="41.32187613" lon="-72.90022099">
        <time>2026-09-07T14:21:43+00:00Z</time>
      </trkpt>
      <trkpt lat="41.32189784" lon="-72.90023960">
        <time>2026-09-07T14:21:44+00:00Z</time>
      </trkpt>
      <trkpt lat="41.32191963" lon="-72.90025863">
        <time>2026-09-07T14:21:45+00:00Z</time>
      </trkpt>
      <trkpt lat="41.32193682" lon="-72.90027246">
        <time>2026-09-07T14:21:46+00:00Z</time>
      </trkpt>
      <trkpt lat="41.32195769" lon="-72.90029073">
        <time>2026-09-07T14:21:47+00:00Z</time>
      </trkpt>
      <trkpt lat="41.32197093" lon="-72.90030188">
        <time>2026-09-07T14:21:48+00:00Z</time>
      </trkpt>
      <trkpt lat="41.32199314" lon="-72.90031755">
        <time>2026-09-07T14:21:49+00:00Z</time>
      </trkpt>
      <trkpt lat="41.32200396" lon="-72.90032786">
        <time>2026-09-07T14:21:50+00:00Z</time>
      </trkpt>
      <trkpt lat="41.32202676" lon="-72.90034337">
        <time>2026-09-07T14:21:51+00:00Z</time>
      </trkpt>
      <trkpt lat="41.32203908" lon="-72.90035225">
        <time>2026-09-07T14:21:52+00:00Z</time>
      </trkpt>
      <trkpt lat="41.32206213" lon="-72.90036793">
        <time>2026-09-07T14:21:53+00:00Z</time>
      </trkpt>
      <trkpt lat="41.32207470" lon="-72.90037296">
        <time>2026-09-07T14:21:54+00:00Z</time>
      </trkpt>
      <trkpt lat="41.32210320" lon="-72.90038670">
        <time>2026-09-07T14:21:55+00:00Z</time>
      </trkpt>
      <trkpt lat="41.32211611" lon="-72.90039609">
        <time>2026-09-07T14:21:56+00:00Z</time>
      </trkpt>
      <trkpt lat="41.32213807" lon="-72.90041034">
        <time>2026-09-07T14:21:57+00:00Z</time>
      </trkpt>
      <trkpt lat="41.32215123" lon="-72.90042233">
        <time>2026-09-07T14:21:58+00:00Z</time>
      </trkpt>
      <trkpt lat="41.32217218" lon="-72.90043616">
        <time>2026-09-07T14:21:59+00:00Z</time>
      </trkpt>
      <trkpt lat="41.32218601" lon="-72.90044613">
        <time>2026-09-07T14:22:00+00:00Z</time>
      </trkpt>
      <trkpt lat="41.32220915" lon="-72.90046189">
        <time>2026-09-07T14:22:01+00:00Z</time>
      </trkpt>
      <trkpt lat="41.32222080" lon="-72.90047631">
        <time>2026-09-07T14:22:02+00:00Z</time>
      </trkpt>
      <trkpt lat="41.32224150" lon="-72.90049349">
        <time>2026-09-07T14:22:03+00:00Z</time>
      </trkpt>
      <trkpt lat="41.32225508" lon="-72.90050975">
        <time>2026-09-07T14:22:04+00:00Z</time>
      </trkpt>
      <trkpt lat="41.32227662" lon="-72.90052442">
        <time>2026-09-07T14:22:05+00:00Z</time>
      </trkpt>
      <trkpt lat="41.32229322" lon="-72.90053733">
        <time>2026-09-07T14:22:06+00:00Z</time>
      </trkpt>
      <trkpt lat="41.32231417" lon="-72.90054940">
        <time>2026-09-07T14:22:07+00:00Z</time>
      </trkpt>
      <trkpt lat="41.32233320" lon="-72.90056457">
        <time>2026-09-07T14:22:08+00:00Z</time>
      </trkpt>
      <trkpt lat="41.32235030" lon="-72.90057865">
        <time>2026-09-07T14:22:09+00:00Z</time>
      </trkpt>
      <trkpt lat="41.32236798" lon="-72.90059726">
        <time>2026-09-07T14:22:10+00:00Z</time>
      </trkpt>
      <trkpt lat="41.32238332" lon="-72.90061100">
        <time>2026-09-07T14:22:11+00:00Z</time>
      </trkpt>
      <trkpt lat="41.32240453" lon="-72.90062643">
        <time>2026-09-07T14:22:12+00:00Z</time>
      </trkpt>
      <trkpt lat="41.32241903" lon="-72.90063506">
        <time>2026-09-07T14:22:13+00:00Z</time>
      </trkpt>
      <trkpt lat="41.32244426" lon="-72.90064286">
        <time>2026-09-07T14:22:14+00:00Z</time>
      </trkpt>
      <trkpt lat="41.32246396" lon="-72.90064805">
        <time>2026-09-07T14:22:15+00:00Z</time>
      </trkpt>
      <trkpt lat="41.32248910" lon="-72.90065182">
        <time>2026-09-07T14:22:16+00:00Z</time>
      </trkpt>
      <trkpt lat="41.32250553" lon="-72.90065451">
        <time>2026-09-07T14:22:17+00:00Z</time>
      </trkpt>
      <trkpt lat="41.32253294" lon="-72.90065669">
        <time>2026-09-07T14:22:18+00:00Z</time>
      </trkpt>
      <trkpt lat="41.32255213" lon="-72.90065652">
        <time>2026-09-07T14:22:19+00:00Z</time>
      </trkpt>
      <trkpt lat="41.32257828" lon="-72.90066507">
        <time>2026-09-07T14:22:20+00:00Z</time>
      </trkpt>
      <trkpt lat="41.32259580" lon="-72.90067060">
        <time>2026-09-07T14:22:21+00:00Z</time>
      </trkpt>
      <trkpt lat="41.32262103" lon="-72.90067437">
        <time>2026-09-07T14:22:22+00:00Z</time>
      </trkpt>
      <trkpt lat="41.32263654" lon="-72.90067839">
        <time>2026-09-07T14:22:23+00:00Z</time>
      </trkpt>
      <trkpt lat="41.32266194" lon="-72.90068099">
        <time>2026-09-07T14:22:24+00:00Z</time>
      </trkpt>
      <trkpt lat="41.32268054" lon="-72.90068468">
        <time>2026-09-07T14:22:25+00:00Z</time>
      </trkpt>
      <trkpt lat="41.32270284" lon="-72.90068770">
        <time>2026-09-07T14:22:26+00:00Z</time>
      </trkpt>
      <trkpt lat="41.32272120" lon="-72.90069105">
        <time>2026-09-07T14:22:27+00:00Z</time>
      </trkpt>
      <trkpt lat="41.32274056" lon="-72.90069315">
        <time>2026-09-07T14:22:28+00:00Z</time>
      </trkpt>
      <trkpt lat="41.32276185" lon="-72.90069692">
        <time>2026-09-07T14:22:29+00:00Z</time>
      </trkpt>
      <trkpt lat="41.32278205" lon="-72.90070237">
        <time>2026-09-07T14:22:30+00:00Z</time>
      </trkpt>
      <trkpt lat="41.32280619" lon="-72.90070882">
        <time>2026-09-07T14:22:31+00:00Z</time>
      </trkpt>
      <trkpt lat="41.32282387" lon="-72.90071184">
        <time>2026-09-07T14:22:32+00:00Z</time>
      </trkpt>
      <trkpt lat="41.32284827" lon="-72.90071980">
        <time>2026-09-07T14:22:33+00:00Z</time>
      </trkpt>
      <trkpt lat="41.32286394" lon="-72.90072072">
        <time>2026-09-07T14:22:34+00:00Z</time>
      </trkpt>
      <trkpt lat="41.32288640" lon="-72.90072584">
        <time>2026-09-07T14:22:35+00:00Z</time>
      </trkpt>
      <trkpt lat="41.32290669" lon="-72.90073070">
        <time>2026-09-07T14:22:36+00:00Z</time>
      </trkpt>
      <trkpt lat="41.32293209" lon="-72.90073480">
        <time>2026-09-07T14:22:37+00:00Z</time>
      </trkpt>
      <trkpt lat="41.32294944" lon="-72.90073950">
        <time>2026-09-07T14:22:38+00:00Z</time>
      </trkpt>
      <trkpt lat="41.32297399" lon="-72.90074620">
        <time>2026-09-07T14:22:39+00:00Z</time>
      </trkpt>
      <trkpt lat="41.32299151" lon="-72.90075107">
        <time>2026-09-07T14:22:40+00:00Z</time>
      </trkpt>
      <trkpt lat="41.32301305" lon="-72.90075735">
        <time>2026-09-07T14:22:41+00:00Z</time>
      </trkpt>
      <trkpt lat="41.32303250" lon="-72.90076565">
        <time>2026-09-07T14:22:42+00:00Z</time>
      </trkpt>
      <trkpt lat="41.32305396" lon="-72.90077202">
        <time>2026-09-07T14:22:43+00:00Z</time>
      </trkpt>
      <trkpt lat="41.32307340" lon="-72.90077873">
        <time>2026-09-07T14:22:44+00:00Z</time>
      </trkpt>
      <trkpt lat="41.32309302" lon="-72.90078518">
        <time>2026-09-07T14:22:45+00:00Z</time>
      </trkpt>
      <trkpt lat="41.32311556" lon="-72.90079306">
        <time>2026-09-07T14:22:46+00:00Z</time>
      </trkpt>
      <trkpt lat="41.32313786" lon="-72.90079574">
        <time>2026-09-07T14:22:47+00:00Z</time>
      </trkpt>
      <trkpt lat="41.32316108" lon="-72.90080287">
        <time>2026-09-07T14:22:48+00:00Z</time>
      </trkpt>
      <trkpt lat="41.32318488" lon="-72.90080756">
        <time>2026-09-07T14:22:49+00:00Z</time>
      </trkpt>
      <trkpt lat="41.32320953" lon="-72.90081284">
        <time>2026-09-07T14:22:50+00:00Z</time>
      </trkpt>
      <trkpt lat="41.32323031" lon="-72.90081762">
        <time>2026-09-07T14:22:51+00:00Z</time>
      </trkpt>
      <trkpt lat="41.32325512" lon="-72.90082550">
        <time>2026-09-07T14:22:52+00:00Z</time>
      </trkpt>
      <trkpt lat="41.32327608" lon="-72.90083044">
        <time>2026-09-07T14:22:53+00:00Z</time>
      </trkpt>
      <trkpt lat="41.32330122" lon="-72.90083413">
        <time>2026-09-07T14:22:54+00:00Z</time>
      </trkpt>
      <trkpt lat="41.32331933" lon="-72.90084360">
        <time>2026-09-07T14:22:55+00:00Z</time>
      </trkpt>
      <trkpt lat="41.32334003" lon="-72.90085148">
        <time>2026-09-07T14:22:56+00:00Z</time>
      </trkpt>
      <trkpt lat="41.32335646" lon="-72.90086204">
        <time>2026-09-07T14:22:57+00:00Z</time>
      </trkpt>
      <trkpt lat="41.32337683" lon="-72.90086824">
        <time>2026-09-07T14:22:58+00:00Z</time>
      </trkpt>
      <trkpt lat="41.32340130" lon="-72.90087512">
        <time>2026-09-07T14:22:59+00:00Z</time>
      </trkpt>
      <trkpt lat="41.32342519" lon="-72.90088182">
        <time>2026-09-07T14:23:00+00:00Z</time>
      </trkpt>
      <trkpt lat="41.32344858" lon="-72.90089046">
        <time>2026-09-07T14:23:01+00:00Z</time>
      </trkpt>
      <trkpt lat="41.32346953" lon="-72.90090286">
        <time>2026-09-07T14:23:02+00:00Z</time>
      </trkpt>
      <trkpt lat="41.32349350" lon="-72.90091359">
        <time>2026-09-07T14:23:03+00:00Z</time>
      </trkpt>
      <trkpt lat="41.32351236" lon="-72.90092818">
        <time>2026-09-07T14:23:04+00:00Z</time>
      </trkpt>
      <trkpt lat="41.32353684" lon="-72.90093597">
        <time>2026-09-07T14:23:05+00:00Z</time>
      </trkpt>
      <trkpt lat="41.32355402" lon="-72.90094393">
        <time>2026-09-07T14:23:06+00:00Z</time>
      </trkpt>
      <trkpt lat="41.32357573" lon="-72.90095910">
        <time>2026-09-07T14:23:07+00:00Z</time>
      </trkpt>
      <trkpt lat="41.32359459" lon="-72.90097025">
        <time>2026-09-07T14:23:08+00:00Z</time>
      </trkpt>
      <trkpt lat="41.32361647" lon="-72.90097905">
        <time>2026-09-07T14:23:09+00:00Z</time>
      </trkpt>
      <trkpt lat="41.32363340" lon="-72.90098794">
        <time>2026-09-07T14:23:10+00:00Z</time>
      </trkpt>
      <trkpt lat="41.32365528" lon="-72.90099632">
        <time>2026-09-07T14:23:11+00:00Z</time>
      </trkpt>
      <trkpt lat="41.32367590" lon="-72.90100621">
        <time>2026-09-07T14:23:12+00:00Z</time>
      </trkpt>
      <trkpt lat="41.32369417" lon="-72.90101392">
        <time>2026-09-07T14:23:13+00:00Z</time>
      </trkpt>
      <trkpt lat="41.32371898" lon="-72.90102532">
        <time>2026-09-07T14:23:14+00:00Z</time>
      </trkpt>
      <trkpt lat="41.32373650" lon="-72.90103530">
        <time>2026-09-07T14:23:15+00:00Z</time>
      </trkpt>
      <trkpt lat="41.32376173" lon="-72.90105080">
        <time>2026-09-07T14:23:16+00:00Z</time>
      </trkpt>
      <trkpt lat="41.32377849" lon="-72.90106178">
        <time>2026-09-07T14:23:17+00:00Z</time>
      </trkpt>
      <trkpt lat="41.32380146" lon="-72.90107008">
        <time>2026-09-07T14:23:18+00:00Z</time>
      </trkpt>
      <trkpt lat="41.32381361" lon="-72.90107645">
        <time>2026-09-07T14:23:19+00:00Z</time>
      </trkpt>
      <trkpt lat="41.32383037" lon="-72.90107679">
        <time>2026-09-07T14:23:20+00:00Z</time>
      </trkpt>
      <trkpt lat="41.32384135" lon="-72.90107670">
        <time>2026-09-07T14:23:21+00:00Z</time>
      </trkpt>
      <trkpt lat="41.32385233" lon="-72.90107486">
        <time>2026-09-07T14:23:22+00:00Z</time>
      </trkpt>
      <trkpt lat="41.32385619" lon="-72.90107545">
        <time>2026-09-07T14:23:23+00:00Z</time>
      </trkpt>
      <trkpt lat="41.32386583" lon="-72.90107025">
        <time>2026-09-07T14:23:24+00:00Z</time>
      </trkpt>
      <trkpt lat="41.32385996" lon="-72.90106740">
        <time>2026-09-07T14:23:25+00:00Z</time>
      </trkpt>
      <trkpt lat="41.32385720" lon="-72.90106212">
        <time>2026-09-07T14:23:26+00:00Z</time>
      </trkpt>
      <trkpt lat="41.32386030" lon="-72.90105566">
        <time>2026-09-07T14:23:27+00:00Z</time>
      </trkpt>
      <trkpt lat="41.32386172" lon="-72.90105357">
        <time>2026-09-07T14:23:28+00:00Z</time>
      </trkpt>
      <trkpt lat="41.32385929" lon="-72.90105357">
        <time>2026-09-07T14:23:29+00:00Z</time>
      </trkpt>
      <trkpt lat="41.32385787" lon="-72.90105357">
        <time>2026-09-07T14:23:30+00:00Z</time>
      </trkpt>
      <trkpt lat="41.32385694" lon="-72.90105466">
        <time>2026-09-07T14:23:31+00:00Z</time>
      </trkpt>
      <trkpt lat="41.32385368" lon="-72.90105575">
        <time>2026-09-07T14:23:32+00:00Z</time>
      </trkpt>
      <trkpt lat="41.32385527" lon="-72.90105592">
        <time>2026-09-07T14:23:33+00:00Z</time>
      </trkpt>
      <trkpt lat="41.32385795" lon="-72.90105198">
        <time>2026-09-07T14:23:34+00:00Z</time>
      </trkpt>
      <trkpt lat="41.32385971" lon="-72.90104804">
        <time>2026-09-07T14:23:35+00:00Z</time>
      </trkpt>
      <trkpt lat="41.32385988" lon="-72.90104955">
        <time>2026-09-07T14:23:36+00:00Z</time>
      </trkpt>
      <trkpt lat="41.32385493" lon="-72.90104996">
        <time>2026-09-07T14:23:37+00:00Z</time>
      </trkpt>
      <trkpt lat="41.32385493" lon="-72.90104971">
        <time>2026-09-07T14:23:38+00:00Z</time>
      </trkpt>
      <trkpt lat="41.32385636" lon="-72.90104854">
        <time>2026-09-07T14:23:39+00:00Z</time>
      </trkpt>
      <trkpt lat="41.32385451" lon="-72.90104913">
        <time>2026-09-07T14:23:40+00:00Z</time>
      </trkpt>
      <trkpt lat="41.32385275" lon="-72.90104426">
        <time>2026-09-07T14:23:41+00:00Z</time>
      </trkpt>
      <trkpt lat="41.32385049" lon="-72.90104468">
        <time>2026-09-07T14:23:42+00:00Z</time>
      </trkpt>
      <trkpt lat="41.32385183" lon="-72.90104200">
        <time>2026-09-07T14:23:43+00:00Z</time>
      </trkpt>
      <trkpt lat="41.32385108" lon="-72.90103982">
        <time>2026-09-07T14:23:44+00:00Z</time>
      </trkpt>
      <trkpt lat="41.32385435" lon="-72.90103605">
        <time>2026-09-07T14:23:45+00:00Z</time>
      </trkpt>
      <trkpt lat="41.32385912" lon="-72.90103345">
        <time>2026-09-07T14:23:46+00:00Z</time>
      </trkpt>
      <trkpt lat="41.32386114" lon="-72.90103530">
        <time>2026-09-07T14:23:47+00:00Z</time>
      </trkpt>
      <trkpt lat="41.32385963" lon="-72.90103773">
        <time>2026-09-07T14:23:48+00:00Z</time>
      </trkpt>
      <trkpt lat="41.32386264" lon="-72.90103429">
        <time>2026-09-07T14:23:49+00:00Z</time>
      </trkpt>
      <trkpt lat="41.32386306" lon="-72.90103781">
        <time>2026-09-07T14:23:50+00:00Z</time>
      </trkpt>
      <trkpt lat="41.32386315" lon="-72.90103873">
        <time>2026-09-07T14:23:51+00:00Z</time>
      </trkpt>
      <trkpt lat="41.32386407" lon="-72.90103655">
        <time>2026-09-07T14:23:52+00:00Z</time>
      </trkpt>
      <trkpt lat="41.32386734" lon="-72.90103999">
        <time>2026-09-07T14:23:53+00:00Z</time>
      </trkpt>
      <trkpt lat="41.32386407" lon="-72.90104007">
        <time>2026-09-07T14:23:54+00:00Z</time>
      </trkpt>
      <trkpt lat="41.32386097" lon="-72.90104343">
        <time>2026-09-07T14:23:55+00:00Z</time>
      </trkpt>
      <trkpt lat="41.32385921" lon="-72.90104141">
        <time>2026-09-07T14:23:56+00:00Z</time>
      </trkpt>
      <trkpt lat="41.32386248" lon="-72.90104368">
        <time>2026-09-07T14:23:57+00:00Z</time>
      </trkpt>
      <trkpt lat="41.32386834" lon="-72.90104485">
        <time>2026-09-07T14:23:58+00:00Z</time>
      </trkpt>
      <trkpt lat="41.32387119" lon="-72.90103748">
        <time>2026-09-07T14:23:59+00:00Z</time>
      </trkpt>
      <trkpt lat="41.32387136" lon="-72.90104225">
        <time>2026-09-07T14:24:00+00:00Z</time>
      </trkpt>
      <trkpt lat="41.32387622" lon="-72.90104100">
        <time>2026-09-07T14:24:01+00:00Z</time>
      </trkpt>
      <trkpt lat="41.32387698" lon="-72.90103722">
        <time>2026-09-07T14:24:02+00:00Z</time>
      </trkpt>
      <trkpt lat="41.32388192" lon="-72.90103395">
        <time>2026-09-07T14:24:03+00:00Z</time>
      </trkpt>
      <trkpt lat="41.32388628" lon="-72.90103379">
        <time>2026-09-07T14:24:04+00:00Z</time>
      </trkpt>
      <trkpt lat="41.32389148" lon="-72.90103077">
        <time>2026-09-07T14:24:05+00:00Z</time>
      </trkpt>
      <trkpt lat="41.32389584" lon="-72.90102859">
        <time>2026-09-07T14:24:06+00:00Z</time>
      </trkpt>
      <trkpt lat="41.32389651" lon="-72.90102700">
        <time>2026-09-07T14:24:07+00:00Z</time>
      </trkpt>
      <trkpt lat="41.32389768" lon="-72.90102985">
        <time>2026-09-07T14:24:08+00:00Z</time>
      </trkpt>
      <trkpt lat="41.32390212" lon="-72.90102666">
        <time>2026-09-07T14:24:09+00:00Z</time>
      </trkpt>
      <trkpt lat="41.32390271" lon="-72.90102675">
        <time>2026-09-07T14:24:10+00:00Z</time>
      </trkpt>
      <trkpt lat="41.32390279" lon="-72.90102499">
        <time>2026-09-07T14:24:11+00:00Z</time>
      </trkpt>
      <trkpt lat="41.32390221" lon="-72.90102457">
        <time>2026-09-07T14:24:12+00:00Z</time>
      </trkpt>
      <trkpt lat="41.32390246" lon="-72.90102465">
        <time>2026-09-07T14:24:13+00:00Z</time>
      </trkpt>
      <trkpt lat="41.32390246" lon="-72.90102465">
        <time>2026-09-07T14:24:14+00:00Z</time>
      </trkpt>
      <trkpt lat="41.32390246" lon="-72.90102465">
        <time>2026-09-07T14:24:15+00:00Z</time>
      </trkpt>
      <trkpt lat="41.32390246" lon="-72.90102465">
        <time>2026-09-07T14:24:16+00:00Z</time>
      </trkpt>
      <trkpt lat="41.32390246" lon="-72.90102465">
        <time>2026-09-07T14:24:17+00:00Z</time>
      </trkpt>
      <trkpt lat="41.32390246" lon="-72.90102465">
        <time>2026-09-07T14:24:18+00:00Z</time>
      </trkpt>
      <trkpt lat="41.32390246" lon="-72.90102465">
        <time>2026-09-07T14:24:19+00:00Z</time>
      </trkpt>
      <trkpt lat="41.32390246" lon="-72.90102465">
        <time>2026-09-07T14:24:20+00:00Z</time>
      </trkpt>
      <trkpt lat="41.32390246" lon="-72.90102465">
        <time>2026-09-07T14:24:21+00:00Z</time>
      </trkpt>
      <trkpt lat="41.32390246" lon="-72.90102465">
        <time>2026-09-07T14:24:22+00:00Z</time>
      </trkpt>
      <trkpt lat="41.32390246" lon="-72.90102465">
        <time>2026-09-07T14:24:23+00:00Z</time>
      </trkpt>
      <trkpt lat="41.32390246" lon="-72.90102465">
        <time>2026-09-07T14:24:24+00:00Z</time>
      </trkpt>
      <trkpt lat="41.32390246" lon="-72.90102465">
        <time>2026-09-07T14:24:25+00:00Z</time>
      </trkpt>
      <trkpt lat="41.32390246" lon="-72.90102465">
        <time>2026-09-07T14:24:26+00:00Z</time>
      </trkpt>
      <trkpt lat="41.32390246" lon="-72.90102465">
        <time>2026-09-07T14:24:27+00:00Z</time>
      </trkpt>
      <trkpt lat="41.32390246" lon="-72.90102465">
        <time>2026-09-07T14:24:28+00:00Z</time>
      </trkpt>
      <trkpt lat="41.32390246" lon="-72.90102465">
        <time>2026-09-07T14:24:29+00:00Z</time>
      </trkpt>
      <trkpt lat="41.32390246" lon="-72.90102465">
        <time>2026-09-07T14:24:30+00:00Z</time>
      </trkpt>
      <trkpt lat="41.32390246" lon="-72.90102465">
        <time>2026-09-07T14:24:31+00:00Z</time>
      </trkpt>
      <trkpt lat="41.32390246" lon="-72.90102465">
        <time>2026-09-07T14:24:32+00:00Z</time>
      </trkpt>
      <trkpt lat="41.32390246" lon="-72.90102465">
        <time>2026-09-07T14:24:33+00:00Z</time>
      </trkpt>
      <trkpt lat="41.32390246" lon="-72.90102465">
        <time>2026-09-07T14:24:34+00:00Z</time>
      </trkpt>
      <trkpt lat="41.32390246" lon="-72.90102465">
        <time>2026-09-07T14:24:35+00:00Z</time>
      </trkpt>
      <trkpt lat="41.32390246" lon="-72.90102465">
        <time>2026-09-07T14:24:36+00:00Z</time>
      </trkpt>
      <trkpt lat="41.32390246" lon="-72.90102465">
        <time>2026-09-07T14:24:37+00:00Z</time>
      </trkpt>
      <trkpt lat="41.32390246" lon="-72.90102465">
        <time>2026-09-07T14:24:38+00:00Z</time>
      </trkpt>
      <trkpt lat="41.32390246" lon="-72.90102465">
        <time>2026-09-07T14:24:39+00:00Z</time>
      </trkpt>
      <trkpt lat="41.32390246" lon="-72.90102465">
        <time>2026-09-07T14:24:40+00:00Z</time>
      </trkpt>
      <trkpt lat="41.32390246" lon="-72.90102465">
        <time>2026-09-07T14:24:41+00:00Z</time>
      </trkpt>
      <trkpt lat="41.32390246" lon="-72.90102465">
        <time>2026-09-07T14:24:42+00:00Z</time>
      </trkpt>
      <trkpt lat="41.32390246" lon="-72.90102465">
        <time>2026-09-07T14:24:43+00:00Z</time>
      </trkpt>
      <trkpt lat="41.32390246" lon="-72.90102465">
        <time>2026-09-07T14:24:44+00:00Z</time>
      </trkpt>
      <trkpt lat="41.32390246" lon="-72.90102465">
        <time>2026-09-07T14:24:45+00:00Z</time>
      </trkpt>
      <trkpt lat="41.32390246" lon="-72.90102465">
        <time>2026-09-07T14:24:46+00:00Z</time>
      </trkpt>
      <trkpt lat="41.32389232" lon="-72.90102918">
        <time>2026-09-07T14:24:47+00:00Z</time>
      </trkpt>
      <trkpt lat="41.32388712" lon="-72.90103169">
        <time>2026-09-07T14:24:48+00:00Z</time>
      </trkpt>
      <trkpt lat="41.32388687" lon="-72.90103186">
        <time>2026-09-07T14:24:49+00:00Z</time>
      </trkpt>
      <trkpt lat="41.32388687" lon="-72.90103186">
        <time>2026-09-07T14:24:50+00:00Z</time>
      </trkpt>
      <trkpt lat="41.32388636" lon="-72.90103219">
        <time>2026-09-07T14:24:51+00:00Z</time>
      </trkpt>
      <trkpt lat="41.32387907" lon="-72.90103655">
        <time>2026-09-07T14:24:52+00:00Z</time>
      </trkpt>
      <trkpt lat="41.32388670" lon="-72.90104577">
        <time>2026-09-07T14:24:53+00:00Z</time>
      </trkpt>
      <trkpt lat="41.32389089" lon="-72.90105189">
        <time>2026-09-07T14:24:54+00:00Z</time>
      </trkpt>
      <trkpt lat="41.32389843" lon="-72.90106413">
        <time>2026-09-07T14:24:55+00:00Z</time>
      </trkpt>
      <trkpt lat="41.32390707" lon="-72.90107871">
        <time>2026-09-07T14:24:56+00:00Z</time>
      </trkpt>
      <trkpt lat="41.32392065" lon="-72.90109154">
        <time>2026-09-07T14:24:57+00:00Z</time>
      </trkpt>
      <trkpt lat="41.32393314" lon="-72.90110445">
        <time>2026-09-07T14:24:58+00:00Z</time>
      </trkpt>
      <trkpt lat="41.32394780" lon="-72.90111886">
        <time>2026-09-07T14:24:59+00:00Z</time>
      </trkpt>
      <trkpt lat="41.32396323" lon="-72.90113194">
        <time>2026-09-07T14:25:00+00:00Z</time>
      </trkpt>
      <trkpt lat="41.32398242" lon="-72.90114719">
        <time>2026-09-07T14:25:01+00:00Z</time>
      </trkpt>
      <trkpt lat="41.32399240" lon="-72.90115885">
        <time>2026-09-07T14:25:02+00:00Z</time>
      </trkpt>
      <trkpt lat="41.32401167" lon="-72.90117494">
        <time>2026-09-07T14:25:03+00:00Z</time>
      </trkpt>
      <trkpt lat="41.32402550" lon="-72.90118332">
        <time>2026-09-07T14:25:04+00:00Z</time>
      </trkpt>
      <trkpt lat="41.32404294" lon="-72.90120201">
        <time>2026-09-07T14:25:05+00:00Z</time>
      </trkpt>
      <trkpt lat="41.32405685" lon="-72.90121651">
        <time>2026-09-07T14:25:06+00:00Z</time>
      </trkpt>
      <trkpt lat="41.32407077" lon="-72.90123085">
        <time>2026-09-07T14:25:07+00:00Z</time>
      </trkpt>
      <trkpt lat="41.32408820" lon="-72.90124970">
        <time>2026-09-07T14:25:08+00:00Z</time>
      </trkpt>
      <trkpt lat="41.32409901" lon="-72.90126563">
        <time>2026-09-07T14:25:09+00:00Z</time>
      </trkpt>
      <trkpt lat="41.32412022" lon="-72.90128600">
        <time>2026-09-07T14:25:10+00:00Z</time>
      </trkpt>
      <trkpt lat="41.32413464" lon="-72.90129673">
        <time>2026-09-07T14:25:11+00:00Z</time>
      </trkpt>
      <trkpt lat="41.32415232" lon="-72.90131475">
        <time>2026-09-07T14:25:12+00:00Z</time>
      </trkpt>
      <trkpt lat="41.32416590" lon="-72.90132799">
        <time>2026-09-07T14:25:13+00:00Z</time>
      </trkpt>
      <trkpt lat="41.32418099" lon="-72.90134316">
        <time>2026-09-07T14:25:14+00:00Z</time>
      </trkpt>
      <trkpt lat="41.32419708" lon="-72.90135783">
        <time>2026-09-07T14:25:15+00:00Z</time>
      </trkpt>
      <trkpt lat="41.32421552" lon="-72.90136948">
        <time>2026-09-07T14:25:16+00:00Z</time>
      </trkpt>
      <trkpt lat="41.32423656" lon="-72.90137853">
        <time>2026-09-07T14:25:17+00:00Z</time>
      </trkpt>
      <trkpt lat="41.32425006" lon="-72.90138968">
        <time>2026-09-07T14:25:18+00:00Z</time>
      </trkpt>
      <trkpt lat="41.32426556" lon="-72.90140410">
        <time>2026-09-07T14:25:19+00:00Z</time>
      </trkpt>
      <trkpt lat="41.32427688" lon="-72.90141466">
        <time>2026-09-07T14:25:20+00:00Z</time>
      </trkpt>
      <trkpt lat="41.32429155" lon="-72.90142857">
        <time>2026-09-07T14:25:21+00:00Z</time>
      </trkpt>
      <trkpt lat="41.32430823" lon="-72.90144634">
        <time>2026-09-07T14:25:22+00:00Z</time>
      </trkpt>
      <trkpt lat="41.32432415" lon="-72.90145774">
        <time>2026-09-07T14:25:23+00:00Z</time>
      </trkpt>
      <trkpt lat="41.32434217" lon="-72.90147359">
        <time>2026-09-07T14:25:24+00:00Z</time>
      </trkpt>
      <trkpt lat="41.32435391" lon="-72.90149001">
        <time>2026-09-07T14:25:25+00:00Z</time>
      </trkpt>
      <trkpt lat="41.32437402" lon="-72.90150443">
        <time>2026-09-07T14:25:26+00:00Z</time>
      </trkpt>
      <trkpt lat="41.32439263" lon="-72.90151809">
        <time>2026-09-07T14:25:27+00:00Z</time>
      </trkpt>
      <trkpt lat="41.32440965" lon="-72.90153326">
        <time>2026-09-07T14:25:28+00:00Z</time>
      </trkpt>
      <trkpt lat="41.32443379" lon="-72.90155036">
        <time>2026-09-07T14:25:29+00:00Z</time>
      </trkpt>
      <trkpt lat="41.32444695" lon="-72.90156579">
        <time>2026-09-07T14:25:30+00:00Z</time>
      </trkpt>
      <trkpt lat="41.32445952" lon="-72.90158766">
        <time>2026-09-07T14:25:31+00:00Z</time>
      </trkpt>
      <trkpt lat="41.32447410" lon="-72.90160443">
        <time>2026-09-07T14:25:32+00:00Z</time>
      </trkpt>
      <trkpt lat="41.32448735" lon="-72.90161968">
        <time>2026-09-07T14:25:33+00:00Z</time>
      </trkpt>
      <trkpt lat="41.32450880" lon="-72.90163837">
        <time>2026-09-07T14:25:34+00:00Z</time>
      </trkpt>
      <trkpt lat="41.32452205" lon="-72.90165246">
        <time>2026-09-07T14:25:35+00:00Z</time>
      </trkpt>
      <trkpt lat="41.32454233" lon="-72.90166872">
        <time>2026-09-07T14:25:36+00:00Z</time>
      </trkpt>
      <trkpt lat="41.32455734" lon="-72.90168984">
        <time>2026-09-07T14:25:37+00:00Z</time>
      </trkpt>
      <trkpt lat="41.32456907" lon="-72.90170878">
        <time>2026-09-07T14:25:38+00:00Z</time>
      </trkpt>
      <trkpt lat="41.32458785" lon="-72.90173317">
        <time>2026-09-07T14:25:39+00:00Z</time>
      </trkpt>
      <trkpt lat="41.32459950" lon="-72.90175212">
        <time>2026-09-07T14:25:40+00:00Z</time>
      </trkpt>
      <trkpt lat="41.32461626" lon="-72.90177248">
        <time>2026-09-07T14:25:41+00:00Z</time>
      </trkpt>
      <trkpt lat="41.32463135" lon="-72.90179277">
        <time>2026-09-07T14:25:42+00:00Z</time>
      </trkpt>
      <trkpt lat="41.32464317" lon="-72.90181330">
        <time>2026-09-07T14:25:43+00:00Z</time>
      </trkpt>
      <trkpt lat="41.32466043" lon="-72.90183417">
        <time>2026-09-07T14:25:44+00:00Z</time>
      </trkpt>
      <trkpt lat="41.32467091" lon="-72.90185496">
        <time>2026-09-07T14:25:45+00:00Z</time>
      </trkpt>
      <trkpt lat="41.32468424" lon="-72.90188053">
        <time>2026-09-07T14:25:46+00:00Z</time>
      </trkpt>
      <trkpt lat="41.32469815" lon="-72.90190391">
        <time>2026-09-07T14:25:47+00:00Z</time>
      </trkpt>
      <trkpt lat="41.32470553" lon="-72.90193317">
        <time>2026-09-07T14:25:48+00:00Z</time>
      </trkpt>
      <trkpt lat="41.32471500" lon="-72.90196208">
        <time>2026-09-07T14:25:49+00:00Z</time>
      </trkpt>
      <trkpt lat="41.32471357" lon="-72.90198748">
        <time>2026-09-07T14:25:50+00:00Z</time>
      </trkpt>
      <trkpt lat="41.32472430" lon="-72.90201908">
        <time>2026-09-07T14:25:51+00:00Z</time>
      </trkpt>
      <trkpt lat="41.32473210" lon="-72.90204448">
        <time>2026-09-07T14:25:52+00:00Z</time>
      </trkpt>
      <trkpt lat="41.32474476" lon="-72.90206803">
        <time>2026-09-07T14:25:53+00:00Z</time>
      </trkpt>
      <trkpt lat="41.32475180" lon="-72.90209611">
        <time>2026-09-07T14:25:54+00:00Z</time>
      </trkpt>
      <trkpt lat="41.32476169" lon="-72.90211606">
        <time>2026-09-07T14:25:55+00:00Z</time>
      </trkpt>
      <trkpt lat="41.32476672" lon="-72.90214623">
        <time>2026-09-07T14:25:56+00:00Z</time>
      </trkpt>
      <trkpt lat="41.32477476" lon="-72.90216744">
        <time>2026-09-07T14:25:57+00:00Z</time>
      </trkpt>
      <trkpt lat="41.32478356" lon="-72.90219225">
        <time>2026-09-07T14:25:58+00:00Z</time>
      </trkpt>
      <trkpt lat="41.32479278" lon="-72.90221279">
        <time>2026-09-07T14:25:59+00:00Z</time>
      </trkpt>
      <trkpt lat="41.32480418" lon="-72.90224086">
        <time>2026-09-07T14:26:00+00:00Z</time>
      </trkpt>
      <trkpt lat="41.32481541" lon="-72.90226936">
        <time>2026-09-07T14:26:01+00:00Z</time>
      </trkpt>
      <trkpt lat="41.32482572" lon="-72.90228906">
        <time>2026-09-07T14:26:02+00:00Z</time>
      </trkpt>
      <trkpt lat="41.32483578" lon="-72.90231806">
        <time>2026-09-07T14:26:03+00:00Z</time>
      </trkpt>
      <trkpt lat="41.32484701" lon="-72.90235134">
        <time>2026-09-07T14:26:04+00:00Z</time>
      </trkpt>
      <trkpt lat="41.32485515" lon="-72.90237607">
        <time>2026-09-07T14:26:05+00:00Z</time>
      </trkpt>
      <trkpt lat="41.32486487" lon="-72.90240984">
        <time>2026-09-07T14:26:06+00:00Z</time>
      </trkpt>
      <trkpt lat="41.32487325" lon="-72.90243566">
        <time>2026-09-07T14:26:07+00:00Z</time>
      </trkpt>
      <trkpt lat="41.32488373" lon="-72.90245888">
        <time>2026-09-07T14:26:08+00:00Z</time>
      </trkpt>
      <trkpt lat="41.32489940" lon="-72.90248143">
        <time>2026-09-07T14:26:09+00:00Z</time>
      </trkpt>
      <trkpt lat="41.32491130" lon="-72.90250305">
        <time>2026-09-07T14:26:10+00:00Z</time>
      </trkpt>
      <trkpt lat="41.32492782" lon="-72.90253197">
        <time>2026-09-07T14:26:11+00:00Z</time>
      </trkpt>
      <trkpt lat="41.32494056" lon="-72.90255787">
        <time>2026-09-07T14:26:12+00:00Z</time>
      </trkpt>
      <trkpt lat="41.32495313" lon="-72.90258519">
        <time>2026-09-07T14:26:13+00:00Z</time>
      </trkpt>
      <trkpt lat="41.32497107" lon="-72.90261277">
        <time>2026-09-07T14:26:14+00:00Z</time>
      </trkpt>
      <trkpt lat="41.32498146" lon="-72.90263465">
        <time>2026-09-07T14:26:15+00:00Z</time>
      </trkpt>
      <trkpt lat="41.32499898" lon="-72.90266180">
        <time>2026-09-07T14:26:16+00:00Z</time>
      </trkpt>
      <trkpt lat="41.32500853" lon="-72.90269081">
        <time>2026-09-07T14:26:17+00:00Z</time>
      </trkpt>
      <trkpt lat="41.32502111" lon="-72.90271369">
        <time>2026-09-07T14:26:18+00:00Z</time>
      </trkpt>
      <trkpt lat="41.32503318" lon="-72.90274965">
        <time>2026-09-07T14:26:19+00:00Z</time>
      </trkpt>
      <trkpt lat="41.32504022" lon="-72.90277119">
        <time>2026-09-07T14:26:20+00:00Z</time>
      </trkpt>
      <trkpt lat="41.32505975" lon="-72.90279935">
        <time>2026-09-07T14:26:21+00:00Z</time>
      </trkpt>
      <trkpt lat="41.32507014" lon="-72.90282173">
        <time>2026-09-07T14:26:22+00:00Z</time>
      </trkpt>
      <trkpt lat="41.32508204" lon="-72.90285107">
        <time>2026-09-07T14:26:23+00:00Z</time>
      </trkpt>
      <trkpt lat="41.32509738" lon="-72.90288183">
        <time>2026-09-07T14:26:24+00:00Z</time>
      </trkpt>
      <trkpt lat="41.32510568" lon="-72.90290295">
        <time>2026-09-07T14:26:25+00:00Z</time>
      </trkpt>
      <trkpt lat="41.32512270" lon="-72.90293581">
        <time>2026-09-07T14:26:26+00:00Z</time>
      </trkpt>
      <trkpt lat="41.32512873" lon="-72.90296305">
        <time>2026-09-07T14:26:27+00:00Z</time>
      </trkpt>
      <trkpt lat="41.32513544" lon="-72.90298669">
        <time>2026-09-07T14:26:28+00:00Z</time>
      </trkpt>
      <trkpt lat="41.32514197" lon="-72.90301887">
        <time>2026-09-07T14:26:29+00:00Z</time>
      </trkpt>
      <trkpt lat="41.32514851" lon="-72.90304385">
        <time>2026-09-07T14:26:30+00:00Z</time>
      </trkpt>
      <trkpt lat="41.32515932" lon="-72.90308341">
        <time>2026-09-07T14:26:31+00:00Z</time>
      </trkpt>
      <trkpt lat="41.32516008" lon="-72.90311141">
        <time>2026-09-07T14:26:32+00:00Z</time>
      </trkpt>
      <trkpt lat="41.32516343" lon="-72.90314787">
        <time>2026-09-07T14:26:33+00:00Z</time>
      </trkpt>
      <trkpt lat="41.32516989" lon="-72.90318333">
        <time>2026-09-07T14:26:34+00:00Z</time>
      </trkpt>
      <trkpt lat="41.32517081" lon="-72.90320914">
        <time>2026-09-07T14:26:35+00:00Z</time>
      </trkpt>
      <trkpt lat="41.32517827" lon="-72.90325005">
        <time>2026-09-07T14:26:36+00:00Z</time>
      </trkpt>
      <trkpt lat="41.32518003" lon="-72.90327838">
        <time>2026-09-07T14:26:37+00:00Z</time>
      </trkpt>
      <trkpt lat="41.32518053" lon="-72.90331534">
        <time>2026-09-07T14:26:38+00:00Z</time>
      </trkpt>
      <trkpt lat="41.32518061" lon="-72.90335658">
        <time>2026-09-07T14:26:39+00:00Z</time>
      </trkpt>
      <trkpt lat="41.32518128" lon="-72.90338675">
        <time>2026-09-07T14:26:40+00:00Z</time>
      </trkpt>
      <trkpt lat="41.32518363" lon="-72.90342992">
        <time>2026-09-07T14:26:41+00:00Z</time>
      </trkpt>
      <trkpt lat="41.32518011" lon="-72.90345725">
        <time>2026-09-07T14:26:42+00:00Z</time>
      </trkpt>
      <trkpt lat="41.32517693" lon="-72.90348575">
        <time>2026-09-07T14:26:43+00:00Z</time>
      </trkpt>
      <trkpt lat="41.32517542" lon="-72.90352422">
        <time>2026-09-07T14:26:44+00:00Z</time>
      </trkpt>
      <trkpt lat="41.32516930" lon="-72.90354886">
        <time>2026-09-07T14:26:45+00:00Z</time>
      </trkpt>
      <trkpt lat="41.32516678" lon="-72.90357711">
        <time>2026-09-07T14:26:46+00:00Z</time>
      </trkpt>
      <trkpt lat="41.32515706" lon="-72.90361005">
        <time>2026-09-07T14:26:47+00:00Z</time>
      </trkpt>
      <trkpt lat="41.32514692" lon="-72.90363880">
        <time>2026-09-07T14:26:48+00:00Z</time>
      </trkpt>
      <trkpt lat="41.32514122" lon="-72.90367585">
        <time>2026-09-07T14:26:49+00:00Z</time>
      </trkpt>
      <trkpt lat="41.32513334" lon="-72.90370116">
        <time>2026-09-07T14:26:50+00:00Z</time>
      </trkpt>
      <trkpt lat="41.32512513" lon="-72.90373318">
        <time>2026-09-07T14:26:51+00:00Z</time>
      </trkpt>
      <trkpt lat="41.32511498" lon="-72.90376243">
        <time>2026-09-07T14:26:52+00:00Z</time>
      </trkpt>
      <trkpt lat="41.32510149" lon="-72.90379093">
        <time>2026-09-07T14:26:53+00:00Z</time>
      </trkpt>
      <trkpt lat="41.32508590" lon="-72.90382714">
        <time>2026-09-07T14:26:54+00:00Z</time>
      </trkpt>
      <trkpt lat="41.32507375" lon="-72.90384935">
        <time>2026-09-07T14:26:55+00:00Z</time>
      </trkpt>
      <trkpt lat="41.32506427" lon="-72.90388539">
        <time>2026-09-07T14:26:56+00:00Z</time>
      </trkpt>
      <trkpt lat="41.32505262" lon="-72.90391020">
        <time>2026-09-07T14:26:57+00:00Z</time>
      </trkpt>
      <trkpt lat="41.32504424" lon="-72.90393837">
        <time>2026-09-07T14:26:58+00:00Z</time>
      </trkpt>
      <trkpt lat="41.32503745" lon="-72.90397014">
        <time>2026-09-07T14:26:59+00:00Z</time>
      </trkpt>
      <trkpt lat="41.32503066" lon="-72.90399469">
        <time>2026-09-07T14:27:00+00:00Z</time>
      </trkpt>
      <trkpt lat="41.32502521" lon="-72.90403333">
        <time>2026-09-07T14:27:01+00:00Z</time>
      </trkpt>
      <trkpt lat="41.32501910" lon="-72.90406116">
        <time>2026-09-07T14:27:02+00:00Z</time>
      </trkpt>
      <trkpt lat="41.32500845" lon="-72.90409771">
        <time>2026-09-07T14:27:03+00:00Z</time>
      </trkpt>
      <trkpt lat="41.32500133" lon="-72.90412461">
        <time>2026-09-07T14:27:04+00:00Z</time>
      </trkpt>
      <trkpt lat="41.32499202" lon="-72.90416024">
        <time>2026-09-07T14:27:05+00:00Z</time>
      </trkpt>
      <trkpt lat="41.32498917" lon="-72.90419469">
        <time>2026-09-07T14:27:06+00:00Z</time>
      </trkpt>
      <trkpt lat="41.32498473" lon="-72.90422109">
        <time>2026-09-07T14:27:07+00:00Z</time>
      </trkpt>
      <trkpt lat="41.32498004" lon="-72.90425856">
        <time>2026-09-07T14:27:08+00:00Z</time>
      </trkpt>
      <trkpt lat="41.32497425" lon="-72.90428689">
        <time>2026-09-07T14:27:09+00:00Z</time>
      </trkpt>
      <trkpt lat="41.32496973" lon="-72.90432427">
        <time>2026-09-07T14:27:10+00:00Z</time>
      </trkpt>
      <trkpt lat="41.32496545" lon="-72.90436098">
        <time>2026-09-07T14:27:11+00:00Z</time>
      </trkpt>
      <trkpt lat="41.32496377" lon="-72.90439560">
        <time>2026-09-07T14:27:12+00:00Z</time>
      </trkpt>
      <trkpt lat="41.32495950" lon="-72.90442703">
        <time>2026-09-07T14:27:13+00:00Z</time>
      </trkpt>
      <trkpt lat="41.32495791" lon="-72.90446014">
        <time>2026-09-07T14:27:14+00:00Z</time>
      </trkpt>
      <trkpt lat="41.32495858" lon="-72.90449509">
        <time>2026-09-07T14:27:15+00:00Z</time>
      </trkpt>
      <trkpt lat="41.32495673" lon="-72.90452728">
        <time>2026-09-07T14:27:16+00:00Z</time>
      </trkpt>
      <trkpt lat="41.32496076" lon="-72.90456332">
        <time>2026-09-07T14:27:17+00:00Z</time>
      </trkpt>
      <trkpt lat="41.32496570" lon="-72.90459325">
        <time>2026-09-07T14:27:18+00:00Z</time>
      </trkpt>
      <trkpt lat="41.32497350" lon="-72.90463113">
        <time>2026-09-07T14:27:19+00:00Z</time>
      </trkpt>
      <trkpt lat="41.32497928" lon="-72.90465720">
        <time>2026-09-07T14:27:20+00:00Z</time>
      </trkpt>
      <trkpt lat="41.32498775" lon="-72.90469090">
        <time>2026-09-07T14:27:21+00:00Z</time>
      </trkpt>
      <trkpt lat="41.32499881" lon="-72.90471780">
        <time>2026-09-07T14:27:22+00:00Z</time>
      </trkpt>
      <trkpt lat="41.32501038" lon="-72.90474018">
        <time>2026-09-07T14:27:23+00:00Z</time>
      </trkpt>
      <trkpt lat="41.32502580" lon="-72.90476709">
        <time>2026-09-07T14:27:24+00:00Z</time>
      </trkpt>
      <trkpt lat="41.32503527" lon="-72.90479223">
        <time>2026-09-07T14:27:25+00:00Z</time>
      </trkpt>
      <trkpt lat="41.32505002" lon="-72.90482149">
        <time>2026-09-07T14:27:26+00:00Z</time>
      </trkpt>
      <trkpt lat="41.32506260" lon="-72.90484630">
        <time>2026-09-07T14:27:27+00:00Z</time>
      </trkpt>
      <trkpt lat="41.32508062" lon="-72.90487546">
        <time>2026-09-07T14:27:28+00:00Z</time>
      </trkpt>
      <trkpt lat="41.32510610" lon="-72.90491017">
        <time>2026-09-07T14:27:29+00:00Z</time>
      </trkpt>
      <trkpt lat="41.32512127" lon="-72.90493506">
        <time>2026-09-07T14:27:30+00:00Z</time>
      </trkpt>
      <trkpt lat="41.32513938" lon="-72.90496624">
        <time>2026-09-07T14:27:31+00:00Z</time>
      </trkpt>
      <trkpt lat="41.32515279" lon="-72.90498736">
        <time>2026-09-07T14:27:32+00:00Z</time>
      </trkpt>
      <trkpt lat="41.32517617" lon="-72.90500974">
        <time>2026-09-07T14:27:33+00:00Z</time>
      </trkpt>
      <trkpt lat="41.32519185" lon="-72.90502642">
        <time>2026-09-07T14:27:34+00:00Z</time>
      </trkpt>
      <trkpt lat="41.32521615" lon="-72.90504461">
        <time>2026-09-07T14:27:35+00:00Z</time>
      </trkpt>
      <trkpt lat="41.32523434" lon="-72.90506523">
        <time>2026-09-07T14:27:36+00:00Z</time>
      </trkpt>
      <trkpt lat="41.32525127" lon="-72.90508250">
        <time>2026-09-07T14:27:37+00:00Z</time>
      </trkpt>
      <trkpt lat="41.32527038" lon="-72.90510681">
        <time>2026-09-07T14:27:38+00:00Z</time>
      </trkpt>
      <trkpt lat="41.32528740" lon="-72.90512851">
        <time>2026-09-07T14:27:39+00:00Z</time>
      </trkpt>
      <trkpt lat="41.32530802" lon="-72.90515274">
        <time>2026-09-07T14:27:40+00:00Z</time>
      </trkpt>
      <trkpt lat="41.32532495" lon="-72.90517512">
        <time>2026-09-07T14:27:41+00:00Z</time>
      </trkpt>
      <trkpt lat="41.32534842" lon="-72.90520060">
        <time>2026-09-07T14:27:42+00:00Z</time>
      </trkpt>
      <trkpt lat="41.32536569" lon="-72.90522625">
        <time>2026-09-07T14:27:43+00:00Z</time>
      </trkpt>
      <trkpt lat="41.32538807" lon="-72.90525684">
        <time>2026-09-07T14:27:44+00:00Z</time>
      </trkpt>
      <trkpt lat="41.32540206" lon="-72.90528081">
        <time>2026-09-07T14:27:45+00:00Z</time>
      </trkpt>
      <trkpt lat="41.32541841" lon="-72.90531057">
        <time>2026-09-07T14:27:46+00:00Z</time>
      </trkpt>
      <trkpt lat="41.32542939" lon="-72.90533354">
        <time>2026-09-07T14:27:47+00:00Z</time>
      </trkpt>
      <trkpt lat="41.32544163" lon="-72.90535851">
        <time>2026-09-07T14:27:48+00:00Z</time>
      </trkpt>
      <trkpt lat="41.32545353" lon="-72.90538182">
        <time>2026-09-07T14:27:49+00:00Z</time>
      </trkpt>
      <trkpt lat="41.32546744" lon="-72.90540428">
        <time>2026-09-07T14:27:50+00:00Z</time>
      </trkpt>
      <trkpt lat="41.32547976" lon="-72.90543571">
        <time>2026-09-07T14:27:51+00:00Z</time>
      </trkpt>
      <trkpt lat="41.32549175" lon="-72.90545910">
        <time>2026-09-07T14:27:52+00:00Z</time>
      </trkpt>
      <trkpt lat="41.32550709" lon="-72.90548919">
        <time>2026-09-07T14:27:53+00:00Z</time>
      </trkpt>
      <trkpt lat="41.32551799" lon="-72.90551132">
        <time>2026-09-07T14:27:54+00:00Z</time>
      </trkpt>
      <trkpt lat="41.32552863" lon="-72.90554090">
        <time>2026-09-07T14:27:55+00:00Z</time>
      </trkpt>
      <trkpt lat="41.32554011" lon="-72.90555968">
        <time>2026-09-07T14:27:56+00:00Z</time>
      </trkpt>
      <trkpt lat="41.32554783" lon="-72.90558868">
        <time>2026-09-07T14:27:57+00:00Z</time>
      </trkpt>
      <trkpt lat="41.32555839" lon="-72.90561651">
        <time>2026-09-07T14:27:58+00:00Z</time>
      </trkpt>
      <trkpt lat="41.32557414" lon="-72.90564559">
        <time>2026-09-07T14:27:59+00:00Z</time>
      </trkpt>
      <trkpt lat="41.32557867" lon="-72.90567149">
        <time>2026-09-07T14:28:00+00:00Z</time>
      </trkpt>
      <trkpt lat="41.32558890" lon="-72.90570226">
        <time>2026-09-07T14:28:01+00:00Z</time>
      </trkpt>
      <trkpt lat="41.32559929" lon="-72.90573645">
        <time>2026-09-07T14:28:02+00:00Z</time>
      </trkpt>
      <trkpt lat="41.32560541" lon="-72.90576202">
        <time>2026-09-07T14:28:03+00:00Z</time>
      </trkpt>
      <trkpt lat="41.32561522" lon="-72.90579345">
        <time>2026-09-07T14:28:04+00:00Z</time>
      </trkpt>
      <trkpt lat="41.32562402" lon="-72.90581910">
        <time>2026-09-07T14:28:05+00:00Z</time>
      </trkpt>
      <trkpt lat="41.32563785" lon="-72.90585481">
        <time>2026-09-07T14:28:06+00:00Z</time>
      </trkpt>
      <trkpt lat="41.32564900" lon="-72.90588138">
        <time>2026-09-07T14:28:07+00:00Z</time>
      </trkpt>
      <trkpt lat="41.32566509" lon="-72.90591348">
        <time>2026-09-07T14:28:08+00:00Z</time>
      </trkpt>
      <trkpt lat="41.32567640" lon="-72.90593477">
        <time>2026-09-07T14:28:09+00:00Z</time>
      </trkpt>
      <trkpt lat="41.32569602" lon="-72.90596251">
        <time>2026-09-07T14:28:10+00:00Z</time>
      </trkpt>
      <trkpt lat="41.32570683" lon="-72.90598121">
        <time>2026-09-07T14:28:11+00:00Z</time>
      </trkpt>
      <trkpt lat="41.32572661" lon="-72.90600476">
        <time>2026-09-07T14:28:12+00:00Z</time>
      </trkpt>
      <trkpt lat="41.32574170" lon="-72.90602446">
        <time>2026-09-07T14:28:13+00:00Z</time>
      </trkpt>
      <trkpt lat="41.32576299" lon="-72.90604390">
        <time>2026-09-07T14:28:14+00:00Z</time>
      </trkpt>
      <trkpt lat="41.32577866" lon="-72.90606905">
        <time>2026-09-07T14:28:15+00:00Z</time>
      </trkpt>
      <trkpt lat="41.32579392" lon="-72.90609051">
        <time>2026-09-07T14:28:16+00:00Z</time>
      </trkpt>
      <trkpt lat="41.32581127" lon="-72.90611406">
        <time>2026-09-07T14:28:17+00:00Z</time>
      </trkpt>
      <trkpt lat="41.32582644" lon="-72.90613149">
        <time>2026-09-07T14:28:18+00:00Z</time>
      </trkpt>
      <trkpt lat="41.32584547" lon="-72.90615303">
        <time>2026-09-07T14:28:19+00:00Z</time>
      </trkpt>
      <trkpt lat="41.32586458" lon="-72.90616603">
        <time>2026-09-07T14:28:20+00:00Z</time>
      </trkpt>
      <trkpt lat="41.32588930" lon="-72.90618388">
        <time>2026-09-07T14:28:21+00:00Z</time>
      </trkpt>
      <trkpt lat="41.32590590" lon="-72.90619402">
        <time>2026-09-07T14:28:22+00:00Z</time>
      </trkpt>
      <trkpt lat="41.32592962" lon="-72.90621120">
        <time>2026-09-07T14:28:23+00:00Z</time>
      </trkpt>
      <trkpt lat="41.32594144" lon="-72.90622629">
        <time>2026-09-07T14:28:24+00:00Z</time>
      </trkpt>
      <trkpt lat="41.32596248" lon="-72.90624574">
        <time>2026-09-07T14:28:25+00:00Z</time>
      </trkpt>
      <trkpt lat="41.32598209" lon="-72.90626024">
        <time>2026-09-07T14:28:26+00:00Z</time>
      </trkpt>
      <trkpt lat="41.32600154" lon="-72.90627717">
        <time>2026-09-07T14:28:27+00:00Z</time>
      </trkpt>
      <trkpt lat="41.32601906" lon="-72.90628949">
        <time>2026-09-07T14:28:28+00:00Z</time>
      </trkpt>
      <trkpt lat="41.32604127" lon="-72.90629947">
        <time>2026-09-07T14:28:29+00:00Z</time>
      </trkpt>
      <trkpt lat="41.32605862" lon="-72.90631774">
        <time>2026-09-07T14:28:30+00:00Z</time>
      </trkpt>
      <trkpt lat="41.32607731" lon="-72.90633744">
        <time>2026-09-07T14:28:31+00:00Z</time>
      </trkpt>
      <trkpt lat="41.32609793" lon="-72.90635085">
        <time>2026-09-07T14:28:32+00:00Z</time>
      </trkpt>
      <trkpt lat="41.32611922" lon="-72.90636753">
        <time>2026-09-07T14:28:33+00:00Z</time>
      </trkpt>
      <trkpt lat="41.32613959" lon="-72.90639351">
        <time>2026-09-07T14:28:34+00:00Z</time>
      </trkpt>
      <trkpt lat="41.32615484" lon="-72.90641128">
        <time>2026-09-07T14:28:35+00:00Z</time>
      </trkpt>
      <trkpt lat="41.32617747" lon="-72.90643207">
        <time>2026-09-07T14:28:36+00:00Z</time>
      </trkpt>
      <trkpt lat="41.32619214" lon="-72.90644724">
        <time>2026-09-07T14:28:37+00:00Z</time>
      </trkpt>
      <trkpt lat="41.32621125" lon="-72.90646601">
        <time>2026-09-07T14:28:38+00:00Z</time>
      </trkpt>
      <trkpt lat="41.32622726" lon="-72.90648152">
        <time>2026-09-07T14:28:39+00:00Z</time>
      </trkpt>
      <trkpt lat="41.32624436" lon="-72.90650533">
        <time>2026-09-07T14:28:40+00:00Z</time>
      </trkpt>
      <trkpt lat="41.32625593" lon="-72.90652469">
        <time>2026-09-07T14:28:41+00:00Z</time>
      </trkpt>
      <trkpt lat="41.32627923" lon="-72.90655411">
        <time>2026-09-07T14:28:42+00:00Z</time>
      </trkpt>
      <trkpt lat="41.32629591" lon="-72.90657339">
        <time>2026-09-07T14:28:43+00:00Z</time>
      </trkpt>
      <trkpt lat="41.32631167" lon="-72.90659669">
        <time>2026-09-07T14:28:44+00:00Z</time>
      </trkpt>
      <trkpt lat="41.32632500" lon="-72.90661639">
        <time>2026-09-07T14:28:45+00:00Z</time>
      </trkpt>
      <trkpt lat="41.32633899" lon="-72.90663969">
        <time>2026-09-07T14:28:46+00:00Z</time>
      </trkpt>
      <trkpt lat="41.32634570" lon="-72.90666182">
        <time>2026-09-07T14:28:47+00:00Z</time>
      </trkpt>
      <trkpt lat="41.32635685" lon="-72.90668998">
        <time>2026-09-07T14:28:48+00:00Z</time>
      </trkpt>
      <trkpt lat="41.32636556" lon="-72.90671303">
        <time>2026-09-07T14:28:49+00:00Z</time>
      </trkpt>
      <trkpt lat="41.32637755" lon="-72.90674446">
        <time>2026-09-07T14:28:50+00:00Z</time>
      </trkpt>
      <trkpt lat="41.32638711" lon="-72.90676986">
        <time>2026-09-07T14:28:51+00:00Z</time>
      </trkpt>
      <trkpt lat="41.32639867" lon="-72.90679928">
        <time>2026-09-07T14:28:52+00:00Z</time>
      </trkpt>
      <trkpt lat="41.32640915" lon="-72.90682769">
        <time>2026-09-07T14:28:53+00:00Z</time>
      </trkpt>
      <trkpt lat="41.32641996" lon="-72.90685284">
        <time>2026-09-07T14:28:54+00:00Z</time>
      </trkpt>
      <trkpt lat="41.32642818" lon="-72.90688268">
        <time>2026-09-07T14:28:55+00:00Z</time>
      </trkpt>
      <trkpt lat="41.32643681" lon="-72.90691000">
        <time>2026-09-07T14:28:56+00:00Z</time>
      </trkpt>
      <trkpt lat="41.32645014" lon="-72.90694085">
        <time>2026-09-07T14:28:57+00:00Z</time>
      </trkpt>
      <trkpt lat="41.32645575" lon="-72.90696130">
        <time>2026-09-07T14:28:58+00:00Z</time>
      </trkpt>
      <trkpt lat="41.32647134" lon="-72.90698569">
        <time>2026-09-07T14:28:59+00:00Z</time>
      </trkpt>
      <trkpt lat="41.32647637" lon="-72.90700774">
        <time>2026-09-07T14:29:00+00:00Z</time>
      </trkpt>
      <trkpt lat="41.32648702" lon="-72.90703976">
        <time>2026-09-07T14:29:01+00:00Z</time>
      </trkpt>
      <trkpt lat="41.32649481" lon="-72.90706415">
        <time>2026-09-07T14:29:02+00:00Z</time>
      </trkpt>
      <trkpt lat="41.32650789" lon="-72.90709876">
        <time>2026-09-07T14:29:03+00:00Z</time>
      </trkpt>
      <trkpt lat="41.32651535" lon="-72.90712492">
        <time>2026-09-07T14:29:04+00:00Z</time>
      </trkpt>
      <trkpt lat="41.32653471" lon="-72.90715325">
        <time>2026-09-07T14:29:05+00:00Z</time>
      </trkpt>
      <trkpt lat="41.32654234" lon="-72.90718082">
        <time>2026-09-07T14:29:06+00:00Z</time>
      </trkpt>
      <trkpt lat="41.32655374" lon="-72.90720991">
        <time>2026-09-07T14:29:07+00:00Z</time>
      </trkpt>
      <trkpt lat="41.32656237" lon="-72.90723749">
        <time>2026-09-07T14:29:08+00:00Z</time>
      </trkpt>
      <trkpt lat="41.32657503" lon="-72.90726590">
        <time>2026-09-07T14:29:09+00:00Z</time>
      </trkpt>
      <trkpt lat="41.32658601" lon="-72.90729381">
        <time>2026-09-07T14:29:10+00:00Z</time>
      </trkpt>
      <trkpt lat="41.32659917" lon="-72.90731854">
        <time>2026-09-07T14:29:11+00:00Z</time>
      </trkpt>
      <trkpt lat="41.32661199" lon="-72.90735089">
        <time>2026-09-07T14:29:12+00:00Z</time>
      </trkpt>
      <trkpt lat="41.32661945" lon="-72.90737738">
        <time>2026-09-07T14:29:13+00:00Z</time>
      </trkpt>
      <trkpt lat="41.32663270" lon="-72.90740680">
        <time>2026-09-07T14:29:14+00:00Z</time>
      </trkpt>
      <trkpt lat="41.32664183" lon="-72.90742625">
        <time>2026-09-07T14:29:15+00:00Z</time>
      </trkpt>
      <trkpt lat="41.32666111" lon="-72.90745424">
        <time>2026-09-07T14:29:16+00:00Z</time>
      </trkpt>
      <trkpt lat="41.32667201" lon="-72.90747520">
        <time>2026-09-07T14:29:17+00:00Z</time>
      </trkpt>
      <trkpt lat="41.32668978" lon="-72.90750763">
        <time>2026-09-07T14:29:18+00:00Z</time>
      </trkpt>
      <trkpt lat="41.32670067" lon="-72.90752876">
        <time>2026-09-07T14:29:19+00:00Z</time>
      </trkpt>
      <trkpt lat="41.32671844" lon="-72.90755717">
        <time>2026-09-07T14:29:20+00:00Z</time>
      </trkpt>
      <trkpt lat="41.32673177" lon="-72.90758131">
        <time>2026-09-07T14:29:21+00:00Z</time>
      </trkpt>
      <trkpt lat="41.32675247" lon="-72.90760721">
        <time>2026-09-07T14:29:22+00:00Z</time>
      </trkpt>
      <trkpt lat="41.32676580" lon="-72.90762909">
        <time>2026-09-07T14:29:23+00:00Z</time>
      </trkpt>
      <trkpt lat="41.32678089" lon="-72.90765004">
        <time>2026-09-07T14:29:24+00:00Z</time>
      </trkpt>
      <trkpt lat="41.32679681" lon="-72.90767360">
        <time>2026-09-07T14:29:25+00:00Z</time>
      </trkpt>
      <trkpt lat="41.32681316" lon="-72.90769002">
        <time>2026-09-07T14:29:26+00:00Z</time>
      </trkpt>
      <trkpt lat="41.32683428" lon="-72.90771408">
        <time>2026-09-07T14:29:27+00:00Z</time>
      </trkpt>
      <trkpt lat="41.32685004" lon="-72.90773202">
        <time>2026-09-07T14:29:28+00:00Z</time>
      </trkpt>
      <trkpt lat="41.32687158" lon="-72.90775532">
        <time>2026-09-07T14:29:29+00:00Z</time>
      </trkpt>
      <trkpt lat="41.32689069" lon="-72.90776898">
        <time>2026-09-07T14:29:30+00:00Z</time>
      </trkpt>
      <trkpt lat="41.32691433" lon="-72.90779212">
        <time>2026-09-07T14:29:31+00:00Z</time>
      </trkpt>
      <trkpt lat="41.32693009" lon="-72.90781634">
        <time>2026-09-07T14:29:32+00:00Z</time>
      </trkpt>
      <trkpt lat="41.32694526" lon="-72.90782933">
        <time>2026-09-07T14:29:33+00:00Z</time>
      </trkpt>
      <trkpt lat="41.32696219" lon="-72.90784341">
        <time>2026-09-07T14:29:34+00:00Z</time>
      </trkpt>
      <trkpt lat="41.32698457" lon="-72.90786252">
        <time>2026-09-07T14:29:35+00:00Z</time>
      </trkpt>
      <trkpt lat="41.32700334" lon="-72.90787904">
        <time>2026-09-07T14:29:36+00:00Z</time>
      </trkpt>
      <trkpt lat="41.32702790" lon="-72.90789630">
        <time>2026-09-07T14:29:37+00:00Z</time>
      </trkpt>
      <trkpt lat="41.32704467" lon="-72.90791147">
        <time>2026-09-07T14:29:38+00:00Z</time>
      </trkpt>
      <trkpt lat="41.32706872" lon="-72.90792698">
        <time>2026-09-07T14:29:39+00:00Z</time>
      </trkpt>
      <trkpt lat="41.32708314" lon="-72.90794207">
        <time>2026-09-07T14:29:40+00:00Z</time>
      </trkpt>
      <trkpt lat="41.32710636" lon="-72.90796143">
        <time>2026-09-07T14:29:41+00:00Z</time>
      </trkpt>
      <trkpt lat="41.32712304" lon="-72.90797794">
        <time>2026-09-07T14:29:42+00:00Z</time>
      </trkpt>
      <trkpt lat="41.32714324" lon="-72.90799186">
        <time>2026-09-07T14:29:43+00:00Z</time>
      </trkpt>
      <trkpt lat="41.32716344" lon="-72.90800611">
        <time>2026-09-07T14:29:44+00:00Z</time>
      </trkpt>
      <trkpt lat="41.32718422" lon="-72.90801482">
        <time>2026-09-07T14:29:45+00:00Z</time>
      </trkpt>
      <trkpt lat="41.32720141" lon="-72.90802522">
        <time>2026-09-07T14:29:46+00:00Z</time>
      </trkpt>
      <trkpt lat="41.32721909" lon="-72.90803486">
        <time>2026-09-07T14:29:47+00:00Z</time>
      </trkpt>
      <trkpt lat="41.32723778" lon="-72.90804600">
        <time>2026-09-07T14:29:48+00:00Z</time>
      </trkpt>
      <trkpt lat="41.32725555" lon="-72.90805380">
        <time>2026-09-07T14:29:49+00:00Z</time>
      </trkpt>
      <trkpt lat="41.32727383" lon="-72.90806151">
        <time>2026-09-07T14:29:50+00:00Z</time>
      </trkpt>
      <trkpt lat="41.32728891" lon="-72.90807626">
        <time>2026-09-07T14:29:51+00:00Z</time>
      </trkpt>
      <trkpt lat="41.32730828" lon="-72.90809118">
        <time>2026-09-07T14:29:52+00:00Z</time>
      </trkpt>
      <trkpt lat="41.32732747" lon="-72.90810409">
        <time>2026-09-07T14:29:53+00:00Z</time>
      </trkpt>
      <trkpt lat="41.32735119" lon="-72.90811499">
        <time>2026-09-07T14:29:54+00:00Z</time>
      </trkpt>
      <trkpt lat="41.32736879" lon="-72.90812722">
        <time>2026-09-07T14:29:55+00:00Z</time>
      </trkpt>
      <trkpt lat="41.32739469" lon="-72.90813452">
        <time>2026-09-07T14:29:56+00:00Z</time>
      </trkpt>
      <trkpt lat="41.32741389" lon="-72.90814256">
        <time>2026-09-07T14:29:57+00:00Z</time>
      </trkpt>
      <trkpt lat="41.32743912" lon="-72.90814927">
        <time>2026-09-07T14:29:58+00:00Z</time>
      </trkpt>
      <trkpt lat="41.32745739" lon="-72.90816209">
        <time>2026-09-07T14:29:59+00:00Z</time>
      </trkpt>
      <trkpt lat="41.32748254" lon="-72.90817400">
        <time>2026-09-07T14:30:00+00:00Z</time>
      </trkpt>
      <trkpt lat="41.32750031" lon="-72.90818699">
        <time>2026-09-07T14:30:01+00:00Z</time>
      </trkpt>
      <trkpt lat="41.32751673" lon="-72.90820057">
        <time>2026-09-07T14:30:02+00:00Z</time>
      </trkpt>
      <trkpt lat="41.32753534" lon="-72.90821515">
        <time>2026-09-07T14:30:03+00:00Z</time>
      </trkpt>
      <trkpt lat="41.32755873" lon="-72.90822906">
        <time>2026-09-07T14:30:04+00:00Z</time>
      </trkpt>
      <trkpt lat="41.32757935" lon="-72.90824365">
        <time>2026-09-07T14:30:05+00:00Z</time>
      </trkpt>
      <trkpt lat="41.32759879" lon="-72.90825496">
        <time>2026-09-07T14:30:06+00:00Z</time>
      </trkpt>
      <trkpt lat="41.32762243" lon="-72.90826427">
        <time>2026-09-07T14:30:07+00:00Z</time>
      </trkpt>
      <trkpt lat="41.32763886" lon="-72.90827793">
        <time>2026-09-07T14:30:08+00:00Z</time>
      </trkpt>
      <trkpt lat="41.32766132" lon="-72.90829084">
        <time>2026-09-07T14:30:09+00:00Z</time>
      </trkpt>
      <trkpt lat="41.32768253" lon="-72.90830257">
        <time>2026-09-07T14:30:10+00:00Z</time>
      </trkpt>
      <trkpt lat="41.32770675" lon="-72.90831749">
        <time>2026-09-07T14:30:11+00:00Z</time>
      </trkpt>
      <trkpt lat="41.32772603" lon="-72.90832680">
        <time>2026-09-07T14:30:12+00:00Z</time>
      </trkpt>
      <trkpt lat="41.32774808" lon="-72.90833669">
        <time>2026-09-07T14:30:13+00:00Z</time>
      </trkpt>
      <trkpt lat="41.32776484" lon="-72.90834524">
        <time>2026-09-07T14:30:14+00:00Z</time>
      </trkpt>
      <trkpt lat="41.32778680" lon="-72.90835362">
        <time>2026-09-07T14:30:15+00:00Z</time>
      </trkpt>
      <trkpt lat="41.32780490" lon="-72.90836301">
        <time>2026-09-07T14:30:16+00:00Z</time>
      </trkpt>
      <trkpt lat="41.32783273" lon="-72.90837424">
        <time>2026-09-07T14:30:17+00:00Z</time>
      </trkpt>
      <trkpt lat="41.32785218" lon="-72.90838187">
        <time>2026-09-07T14:30:18+00:00Z</time>
      </trkpt>
      <trkpt lat="41.32787766" lon="-72.90839511">
        <time>2026-09-07T14:30:19+00:00Z</time>
      </trkpt>
      <trkpt lat="41.32789467" lon="-72.90840726">
        <time>2026-09-07T14:30:20+00:00Z</time>
      </trkpt>
      <trkpt lat="41.32792200" lon="-72.90842218">
        <time>2026-09-07T14:30:21+00:00Z</time>
      </trkpt>
      <trkpt lat="41.32793994" lon="-72.90843484">
        <time>2026-09-07T14:30:22+00:00Z</time>
      </trkpt>
      <trkpt lat="41.32796810" lon="-72.90844381">
        <time>2026-09-07T14:30:23+00:00Z</time>
      </trkpt>
      <trkpt lat="41.32798931" lon="-72.90845269">
        <time>2026-09-07T14:30:24+00:00Z</time>
      </trkpt>
      <trkpt lat="41.32801487" lon="-72.90846334">
        <time>2026-09-07T14:30:25+00:00Z</time>
      </trkpt>
      <trkpt lat="41.32803624" lon="-72.90847423">
        <time>2026-09-07T14:30:26+00:00Z</time>
      </trkpt>
      <trkpt lat="41.32805921" lon="-72.90848572">
        <time>2026-09-07T14:30:27+00:00Z</time>
      </trkpt>
      <trkpt lat="41.32808821" lon="-72.90849988">
        <time>2026-09-07T14:30:28+00:00Z</time>
      </trkpt>
      <trkpt lat="41.32811143" lon="-72.90851112">
        <time>2026-09-07T14:30:29+00:00Z</time>
      </trkpt>
      <trkpt lat="41.32813222" lon="-72.90852025">
        <time>2026-09-07T14:30:30+00:00Z</time>
      </trkpt>
      <trkpt lat="41.32815267" lon="-72.90852629">
        <time>2026-09-07T14:30:31+00:00Z</time>
      </trkpt>
      <trkpt lat="41.32817656" lon="-72.90852930">
        <time>2026-09-07T14:30:32+00:00Z</time>
      </trkpt>
      <trkpt lat="41.32819433" lon="-72.90853517">
        <time>2026-09-07T14:30:33+00:00Z</time>
      </trkpt>
      <trkpt lat="41.32822115" lon="-72.90853886">
        <time>2026-09-07T14:30:34+00:00Z</time>
      </trkpt>
      <trkpt lat="41.32823976" lon="-72.90854850">
        <time>2026-09-07T14:30:35+00:00Z</time>
      </trkpt>
      <trkpt lat="41.32826365" lon="-72.90856116">
        <time>2026-09-07T14:30:36+00:00Z</time>
      </trkpt>
      <trkpt lat="41.32828318" lon="-72.90856744">
        <time>2026-09-07T14:30:37+00:00Z</time>
      </trkpt>
      <trkpt lat="41.32830581" lon="-72.90857641">
        <time>2026-09-07T14:30:38+00:00Z</time>
      </trkpt>
      <trkpt lat="41.32832659" lon="-72.90858907">
        <time>2026-09-07T14:30:39+00:00Z</time>
      </trkpt>
      <trkpt lat="41.32835023" lon="-72.90859854">
        <time>2026-09-07T14:30:40+00:00Z</time>
      </trkpt>
      <trkpt lat="41.32837135" lon="-72.90860985">
        <time>2026-09-07T14:30:41+00:00Z</time>
      </trkpt>
      <trkpt lat="41.32839390" lon="-72.90861606">
        <time>2026-09-07T14:30:42+00:00Z</time>
      </trkpt>
      <trkpt lat="41.32841947" lon="-72.90862570">
        <time>2026-09-07T14:30:43+00:00Z</time>
      </trkpt>
      <trkpt lat="41.32844369" lon="-72.90863450">
        <time>2026-09-07T14:30:44+00:00Z</time>
      </trkpt>
      <trkpt lat="41.32846548" lon="-72.90864313">
        <time>2026-09-07T14:30:45+00:00Z</time>
      </trkpt>
      <trkpt lat="41.32848904" lon="-72.90864833">
        <time>2026-09-07T14:30:46+00:00Z</time>
      </trkpt>
      <trkpt lat="41.32851351" lon="-72.90865403">
        <time>2026-09-07T14:30:47+00:00Z</time>
      </trkpt>
      <trkpt lat="41.32853405" lon="-72.90866082">
        <time>2026-09-07T14:30:48+00:00Z</time>
      </trkpt>
      <trkpt lat="41.32855911" lon="-72.90867029">
        <time>2026-09-07T14:30:49+00:00Z</time>
      </trkpt>
      <trkpt lat="41.32857763" lon="-72.90867498">
        <time>2026-09-07T14:30:50+00:00Z</time>
      </trkpt>
      <trkpt lat="41.32859834" lon="-72.90868546">
        <time>2026-09-07T14:30:51+00:00Z</time>
      </trkpt>
      <trkpt lat="41.32861703" lon="-72.90869292">
        <time>2026-09-07T14:30:52+00:00Z</time>
      </trkpt>
      <trkpt lat="41.32864343" lon="-72.90869367">
        <time>2026-09-07T14:30:53+00:00Z</time>
      </trkpt>
      <trkpt lat="41.32866631" lon="-72.90869853">
        <time>2026-09-07T14:30:54+00:00Z</time>
      </trkpt>
      <trkpt lat="41.32868995" lon="-72.90870524">
        <time>2026-09-07T14:30:55+00:00Z</time>
      </trkpt>
      <trkpt lat="41.32871099" lon="-72.90870759">
        <time>2026-09-07T14:30:56+00:00Z</time>
      </trkpt>
      <trkpt lat="41.32873664" lon="-72.90871086">
        <time>2026-09-07T14:30:57+00:00Z</time>
      </trkpt>
      <trkpt lat="41.32876321" lon="-72.90871706">
        <time>2026-09-07T14:30:58+00:00Z</time>
      </trkpt>
      <trkpt lat="41.32878869" lon="-72.90872301">
        <time>2026-09-07T14:30:59+00:00Z</time>
      </trkpt>
      <trkpt lat="41.32881585" lon="-72.90872619">
        <time>2026-09-07T14:31:00+00:00Z</time>
      </trkpt>
      <trkpt lat="41.32884133" lon="-72.90873039">
        <time>2026-09-07T14:31:01+00:00Z</time>
      </trkpt>
      <trkpt lat="41.32886991" lon="-72.90873894">
        <time>2026-09-07T14:31:02+00:00Z</time>
      </trkpt>
      <trkpt lat="41.32889623" lon="-72.90874212">
        <time>2026-09-07T14:31:03+00:00Z</time>
      </trkpt>
      <trkpt lat="41.32892230" lon="-72.90875075">
        <time>2026-09-07T14:31:04+00:00Z</time>
      </trkpt>
      <trkpt lat="41.32894887" lon="-72.90875779">
        <time>2026-09-07T14:31:05+00:00Z</time>
      </trkpt>
      <trkpt lat="41.32897703" lon="-72.90876450">
        <time>2026-09-07T14:31:06+00:00Z</time>
      </trkpt>
      <trkpt lat="41.32900192" lon="-72.90876810">
        <time>2026-09-07T14:31:07+00:00Z</time>
      </trkpt>
      <trkpt lat="41.32902330" lon="-72.90877137">
        <time>2026-09-07T14:31:08+00:00Z</time>
      </trkpt>
      <trkpt lat="41.32904383" lon="-72.90877246">
        <time>2026-09-07T14:31:09+00:00Z</time>
      </trkpt>
      <trkpt lat="41.32906822" lon="-72.90876894">
        <time>2026-09-07T14:31:10+00:00Z</time>
      </trkpt>
      <trkpt lat="41.32908658" lon="-72.90877171">
        <time>2026-09-07T14:31:11+00:00Z</time>
      </trkpt>
      <trkpt lat="41.32911122" lon="-72.90876827">
        <time>2026-09-07T14:31:12+00:00Z</time>
      </trkpt>
      <trkpt lat="41.32913193" lon="-72.90876551">
        <time>2026-09-07T14:31:13+00:00Z</time>
      </trkpt>
      <trkpt lat="41.32915640" lon="-72.90876970">
        <time>2026-09-07T14:31:14+00:00Z</time>
      </trkpt>
      <trkpt lat="41.32917820" lon="-72.90877104">
        <time>2026-09-07T14:31:15+00:00Z</time>
      </trkpt>
      <trkpt lat="41.32920141" lon="-72.90876827">
        <time>2026-09-07T14:31:16+00:00Z</time>
      </trkpt>
      <trkpt lat="41.32922505" lon="-72.90876576">
        <time>2026-09-07T14:31:17+00:00Z</time>
      </trkpt>
      <trkpt lat="41.32925271" lon="-72.90876785">
        <time>2026-09-07T14:31:18+00:00Z</time>
      </trkpt>
      <trkpt lat="41.32927702" lon="-72.90876693">
        <time>2026-09-07T14:31:19+00:00Z</time>
      </trkpt>
      <trkpt lat="41.32929906" lon="-72.90876458">
        <time>2026-09-07T14:31:20+00:00Z</time>
      </trkpt>
      <trkpt lat="41.32932656" lon="-72.90876492">
        <time>2026-09-07T14:31:21+00:00Z</time>
      </trkpt>
      <trkpt lat="41.32934810" lon="-72.90876685">
        <time>2026-09-07T14:31:22+00:00Z</time>
      </trkpt>
      <trkpt lat="41.32937098" lon="-72.90877095">
        <time>2026-09-07T14:31:23+00:00Z</time>
      </trkpt>
      <trkpt lat="41.32939369" lon="-72.90877640">
        <time>2026-09-07T14:31:24+00:00Z</time>
      </trkpt>
      <trkpt lat="41.32941850" lon="-72.90877280">
        <time>2026-09-07T14:31:25+00:00Z</time>
      </trkpt>
      <trkpt lat="41.32944373" lon="-72.90877338">
        <time>2026-09-07T14:31:26+00:00Z</time>
      </trkpt>
      <trkpt lat="41.32947508" lon="-72.90876743">
        <time>2026-09-07T14:31:27+00:00Z</time>
      </trkpt>
      <trkpt lat="41.32950283" lon="-72.90876324">
        <time>2026-09-07T14:31:28+00:00Z</time>
      </trkpt>
      <trkpt lat="41.32953007" lon="-72.90876073">
        <time>2026-09-07T14:31:29+00:00Z</time>
      </trkpt>
      <trkpt lat="41.32955220" lon="-72.90876106">
        <time>2026-09-07T14:31:30+00:00Z</time>
      </trkpt>
      <trkpt lat="41.32957776" lon="-72.90876064">
        <time>2026-09-07T14:31:31+00:00Z</time>
      </trkpt>
      <trkpt lat="41.32960031" lon="-72.90876199">
        <time>2026-09-07T14:31:32+00:00Z</time>
      </trkpt>
      <trkpt lat="41.32962638" lon="-72.90876140">
        <time>2026-09-07T14:31:33+00:00Z</time>
      </trkpt>
      <trkpt lat="41.32964884" lon="-72.90875880">
        <time>2026-09-07T14:31:34+00:00Z</time>
      </trkpt>
      <trkpt lat="41.32967264" lon="-72.90875386">
        <time>2026-09-07T14:31:35+00:00Z</time>
      </trkpt>
      <trkpt lat="41.32969771" lon="-72.90875101">
        <time>2026-09-07T14:31:36+00:00Z</time>
      </trkpt>
      <trkpt lat="41.32972143" lon="-72.90875377">
        <time>2026-09-07T14:31:37+00:00Z</time>
      </trkpt>
      <trkpt lat="41.32974213" lon="-72.90875226">
        <time>2026-09-07T14:31:38+00:00Z</time>
      </trkpt>
      <trkpt lat="41.32976417" lon="-72.90874899">
        <time>2026-09-07T14:31:39+00:00Z</time>
      </trkpt>
      <trkpt lat="41.32979133" lon="-72.90875042">
        <time>2026-09-07T14:31:40+00:00Z</time>
      </trkpt>
      <trkpt lat="41.32981505" lon="-72.90874941">
        <time>2026-09-07T14:31:41+00:00Z</time>
      </trkpt>
      <trkpt lat="41.32983617" lon="-72.90874690">
        <time>2026-09-07T14:31:42+00:00Z</time>
      </trkpt>
      <trkpt lat="41.32985830" lon="-72.90874723">
        <time>2026-09-07T14:31:43+00:00Z</time>
      </trkpt>
      <trkpt lat="41.32988345" lon="-72.90874329">
        <time>2026-09-07T14:31:44+00:00Z</time>
      </trkpt>
      <trkpt lat="41.32990675" lon="-72.90874246">
        <time>2026-09-07T14:31:45+00:00Z</time>
      </trkpt>
      <trkpt lat="41.32993148" lon="-72.90873701">
        <time>2026-09-07T14:31:46+00:00Z</time>
      </trkpt>
      <trkpt lat="41.32995629" lon="-72.90873374">
        <time>2026-09-07T14:31:47+00:00Z</time>
      </trkpt>
      <trkpt lat="41.32998034" lon="-72.90873089">
        <time>2026-09-07T14:31:48+00:00Z</time>
      </trkpt>
      <trkpt lat="41.33000423" lon="-72.90872561">
        <time>2026-09-07T14:31:49+00:00Z</time>
      </trkpt>
      <trkpt lat="41.33002846" lon="-72.90872410">
        <time>2026-09-07T14:31:50+00:00Z</time>
      </trkpt>
      <trkpt lat="41.33004857" lon="-72.90872108">
        <time>2026-09-07T14:31:51+00:00Z</time>
      </trkpt>
      <trkpt lat="41.33007003" lon="-72.90872083">
        <time>2026-09-07T14:31:52+00:00Z</time>
      </trkpt>
      <trkpt lat="41.33008855" lon="-72.90871832">
        <time>2026-09-07T14:31:53+00:00Z</time>
      </trkpt>
      <trkpt lat="41.33010934" lon="-72.90871161">
        <time>2026-09-07T14:31:54+00:00Z</time>
      </trkpt>
      <trkpt lat="41.33012946" lon="-72.90871086">
        <time>2026-09-07T14:31:55+00:00Z</time>
      </trkpt>
      <trkpt lat="41.33014882" lon="-72.90870566">
        <time>2026-09-07T14:31:56+00:00Z</time>
      </trkpt>
      <trkpt lat="41.33016701" lon="-72.90869904">
        <time>2026-09-07T14:31:57+00:00Z</time>
      </trkpt>
      <trkpt lat="41.33018738" lon="-72.90869351">
        <time>2026-09-07T14:31:58+00:00Z</time>
      </trkpt>
      <trkpt lat="41.33021085" lon="-72.90868755">
        <time>2026-09-07T14:31:59+00:00Z</time>
      </trkpt>
      <trkpt lat="41.33022719" lon="-72.90869066">
        <time>2026-09-07T14:32:00+00:00Z</time>
      </trkpt>
      <trkpt lat="41.33025032" lon="-72.90868320">
        <time>2026-09-07T14:32:01+00:00Z</time>
      </trkpt>
      <trkpt lat="41.33027220" lon="-72.90867833">
        <time>2026-09-07T14:32:02+00:00Z</time>
      </trkpt>
      <trkpt lat="41.33029726" lon="-72.90867968">
        <time>2026-09-07T14:32:03+00:00Z</time>
      </trkpt>
      <trkpt lat="41.33031344" lon="-72.90868336">
        <time>2026-09-07T14:32:04+00:00Z</time>
      </trkpt>
      <trkpt lat="41.33033892" lon="-72.90869703">
        <time>2026-09-07T14:32:05+00:00Z</time>
      </trkpt>
      <trkpt lat="41.33035124" lon="-72.90871136">
        <time>2026-09-07T14:32:06+00:00Z</time>
      </trkpt>
      <trkpt lat="41.33037035" lon="-72.90873525">
        <time>2026-09-07T14:32:07+00:00Z</time>
      </trkpt>
      <trkpt lat="41.33037848" lon="-72.90875369">
        <time>2026-09-07T14:32:08+00:00Z</time>
      </trkpt>
      <trkpt lat="41.33038687" lon="-72.90878143">
        <time>2026-09-07T14:32:09+00:00Z</time>
      </trkpt>
      <trkpt lat="41.33039064" lon="-72.90880146">
        <time>2026-09-07T14:32:10+00:00Z</time>
      </trkpt>
      <trkpt lat="41.33039927" lon="-72.90883549">
        <time>2026-09-07T14:32:11+00:00Z</time>
      </trkpt>
      <trkpt lat="41.33040187" lon="-72.90885863">
        <time>2026-09-07T14:32:12+00:00Z</time>
      </trkpt>
      <trkpt lat="41.33040992" lon="-72.90888947">
        <time>2026-09-07T14:32:13+00:00Z</time>
      </trkpt>
      <trkpt lat="41.33041277" lon="-72.90891261">
        <time>2026-09-07T14:32:14+00:00Z</time>
      </trkpt>
      <trkpt lat="41.33041687" lon="-72.90894295">
        <time>2026-09-07T14:32:15+00:00Z</time>
      </trkpt>
      <trkpt lat="41.33041511" lon="-72.90897028">
        <time>2026-09-07T14:32:16+00:00Z</time>
      </trkpt>
      <trkpt lat="41.33041520" lon="-72.90900405">
        <time>2026-09-07T14:32:17+00:00Z</time>
      </trkpt>
      <trkpt lat="41.33041285" lon="-72.90902979">
        <time>2026-09-07T14:32:18+00:00Z</time>
      </trkpt>
      <trkpt lat="41.33041536" lon="-72.90906147">
        <time>2026-09-07T14:32:19+00:00Z</time>
      </trkpt>
      <trkpt lat="41.33041352" lon="-72.90908435">
        <time>2026-09-07T14:32:20+00:00Z</time>
      </trkpt>
      <trkpt lat="41.33041704" lon="-72.90911746">
        <time>2026-09-07T14:32:21+00:00Z</time>
      </trkpt>
      <trkpt lat="41.33041536" lon="-72.90914311">
        <time>2026-09-07T14:32:22+00:00Z</time>
      </trkpt>
      <trkpt lat="41.33041277" lon="-72.90917723">
        <time>2026-09-07T14:32:23+00:00Z</time>
      </trkpt>
      <trkpt lat="41.33041142" lon="-72.90920547">
        <time>2026-09-07T14:32:24+00:00Z</time>
      </trkpt>
      <trkpt lat="41.33041553" lon="-72.90923271">
        <time>2026-09-07T14:32:25+00:00Z</time>
      </trkpt>
      <trkpt lat="41.33041930" lon="-72.90926683">
        <time>2026-09-07T14:32:26+00:00Z</time>
      </trkpt>
      <trkpt lat="41.33041964" lon="-72.90929491">
        <time>2026-09-07T14:32:27+00:00Z</time>
      </trkpt>
      <trkpt lat="41.33042391" lon="-72.90933170">
        <time>2026-09-07T14:32:28+00:00Z</time>
      </trkpt>
      <trkpt lat="41.33042660" lon="-72.90935911">
        <time>2026-09-07T14:32:29+00:00Z</time>
      </trkpt>
      <trkpt lat="41.33042844" lon="-72.90940027">
        <time>2026-09-07T14:32:30+00:00Z</time>
      </trkpt>
      <trkpt lat="41.33043322" lon="-72.90942374">
        <time>2026-09-07T14:32:31+00:00Z</time>
      </trkpt>
      <trkpt lat="41.33043758" lon="-72.90945617">
        <time>2026-09-07T14:32:32+00:00Z</time>
      </trkpt>
      <trkpt lat="41.33044068" lon="-72.90947763">
        <time>2026-09-07T14:32:33+00:00Z</time>
      </trkpt>
      <trkpt lat="41.33044353" lon="-72.90950999">
        <time>2026-09-07T14:32:34+00:00Z</time>
      </trkpt>
      <trkpt lat="41.33044244" lon="-72.90953857">
        <time>2026-09-07T14:32:35+00:00Z</time>
      </trkpt>
      <trkpt lat="41.33044319" lon="-72.90956967">
        <time>2026-09-07T14:32:36+00:00Z</time>
      </trkpt>
      <trkpt lat="41.33044579" lon="-72.90960051">
        <time>2026-09-07T14:32:37+00:00Z</time>
      </trkpt>
      <trkpt lat="41.33044428" lon="-72.90962457">
        <time>2026-09-07T14:32:38+00:00Z</time>
      </trkpt>
      <trkpt lat="41.33044965" lon="-72.90966262">
        <time>2026-09-07T14:32:39+00:00Z</time>
      </trkpt>
      <trkpt lat="41.33045149" lon="-72.90968793">
        <time>2026-09-07T14:32:40+00:00Z</time>
      </trkpt>
      <trkpt lat="41.33045677" lon="-72.90972658">
        <time>2026-09-07T14:32:41+00:00Z</time>
      </trkpt>
      <trkpt lat="41.33045811" lon="-72.90975507">
        <time>2026-09-07T14:32:42+00:00Z</time>
      </trkpt>
      <trkpt lat="41.33045794" lon="-72.90979095">
        <time>2026-09-07T14:32:43+00:00Z</time>
      </trkpt>
      <trkpt lat="41.33045769" lon="-72.90981886">
        <time>2026-09-07T14:32:44+00:00Z</time>
      </trkpt>
      <trkpt lat="41.33045970" lon="-72.90984526">
        <time>2026-09-07T14:32:45+00:00Z</time>
      </trkpt>
      <trkpt lat="41.33046197" lon="-72.90987846">
        <time>2026-09-07T14:32:46+00:00Z</time>
      </trkpt>
      <trkpt lat="41.33046348" lon="-72.90990536">
        <time>2026-09-07T14:32:47+00:00Z</time>
      </trkpt>
      <trkpt lat="41.33046859" lon="-72.90993914">
        <time>2026-09-07T14:32:48+00:00Z</time>
      </trkpt>
      <trkpt lat="41.33047446" lon="-72.90996496">
        <time>2026-09-07T14:32:49+00:00Z</time>
      </trkpt>
      <trkpt lat="41.33047982" lon="-72.90999656">
        <time>2026-09-07T14:32:50+00:00Z</time>
      </trkpt>
      <trkpt lat="41.33048250" lon="-72.91002430">
        <time>2026-09-07T14:32:51+00:00Z</time>
      </trkpt>
      <trkpt lat="41.33048560" lon="-72.91005808">
        <time>2026-09-07T14:32:52+00:00Z</time>
      </trkpt>
      <trkpt lat="41.33048728" lon="-72.91008079">
        <time>2026-09-07T14:32:53+00:00Z</time>
      </trkpt>
      <trkpt lat="41.33049374" lon="-72.91011541">
        <time>2026-09-07T14:32:54+00:00Z</time>
      </trkpt>
      <trkpt lat="41.33049256" lon="-72.91014106">
        <time>2026-09-07T14:32:55+00:00Z</time>
      </trkpt>
      <trkpt lat="41.33049181" lon="-72.91017048">
        <time>2026-09-07T14:32:56+00:00Z</time>
      </trkpt>
      <trkpt lat="41.33049206" lon="-72.91019688">
        <time>2026-09-07T14:32:57+00:00Z</time>
      </trkpt>
      <trkpt lat="41.33049172" lon="-72.91022790">
        <time>2026-09-07T14:32:58+00:00Z</time>
      </trkpt>
      <trkpt lat="41.33049298" lon="-72.91024935">
        <time>2026-09-07T14:32:59+00:00Z</time>
      </trkpt>
      <trkpt lat="41.33049390" lon="-72.91027517">
        <time>2026-09-07T14:33:00+00:00Z</time>
      </trkpt>
      <trkpt lat="41.33050011" lon="-72.91031004">
        <time>2026-09-07T14:33:01+00:00Z</time>
      </trkpt>
      <trkpt lat="41.33050145" lon="-72.91034466">
        <time>2026-09-07T14:33:02+00:00Z</time>
      </trkpt>
      <trkpt lat="41.33050857" lon="-72.91038866">
        <time>2026-09-07T14:33:03+00:00Z</time>
      </trkpt>
      <trkpt lat="41.33051083" lon="-72.91041858">
        <time>2026-09-07T14:33:04+00:00Z</time>
      </trkpt>
      <trkpt lat="41.33051033" lon="-72.91045832">
        <time>2026-09-07T14:33:05+00:00Z</time>
      </trkpt>
      <trkpt lat="41.33051050" lon="-72.91048061">
        <time>2026-09-07T14:33:06+00:00Z</time>
      </trkpt>
      <trkpt lat="41.33051452" lon="-72.91051481">
        <time>2026-09-07T14:33:07+00:00Z</time>
      </trkpt>
      <trkpt lat="41.33051058" lon="-72.91054046">
        <time>2026-09-07T14:33:08+00:00Z</time>
      </trkpt>
      <trkpt lat="41.33051142" lon="-72.91057005">
        <time>2026-09-07T14:33:09+00:00Z</time>
      </trkpt>
      <trkpt lat="41.33051276" lon="-72.91059117">
        <time>2026-09-07T14:33:10+00:00Z</time>
      </trkpt>
      <trkpt lat="41.33051268" lon="-72.91061799">
        <time>2026-09-07T14:33:11+00:00Z</time>
      </trkpt>
      <trkpt lat="41.33051310" lon="-72.91064557">
        <time>2026-09-07T14:33:12+00:00Z</time>
      </trkpt>
      <trkpt lat="41.33051444" lon="-72.91067784">
        <time>2026-09-07T14:33:13+00:00Z</time>
      </trkpt>
      <trkpt lat="41.33051645" lon="-72.91070667">
        <time>2026-09-07T14:33:14+00:00Z</time>
      </trkpt>
      <trkpt lat="41.33051335" lon="-72.91073265">
        <time>2026-09-07T14:33:15+00:00Z</time>
      </trkpt>
      <trkpt lat="41.33051653" lon="-72.91076266">
        <time>2026-09-07T14:33:16+00:00Z</time>
      </trkpt>
      <trkpt lat="41.33051628" lon="-72.91078764">
        <time>2026-09-07T14:33:17+00:00Z</time>
      </trkpt>
      <trkpt lat="41.33051964" lon="-72.91081832">
        <time>2026-09-07T14:33:18+00:00Z</time>
      </trkpt>
      <trkpt lat="41.33051712" lon="-72.91084229">
        <time>2026-09-07T14:33:19+00:00Z</time>
      </trkpt>
      <trkpt lat="41.33052014" lon="-72.91087657">
        <time>2026-09-07T14:33:20+00:00Z</time>
      </trkpt>
      <trkpt lat="41.33052081" lon="-72.91090247">
        <time>2026-09-07T14:33:21+00:00Z</time>
      </trkpt>
      <trkpt lat="41.33052517" lon="-72.91093810">
        <time>2026-09-07T14:33:22+00:00Z</time>
      </trkpt>
      <trkpt lat="41.33052802" lon="-72.91096358">
        <time>2026-09-07T14:33:23+00:00Z</time>
      </trkpt>
      <trkpt lat="41.33052601" lon="-72.91099886">
        <time>2026-09-07T14:33:24+00:00Z</time>
      </trkpt>
      <trkpt lat="41.33052475" lon="-72.91102812">
        <time>2026-09-07T14:33:25+00:00Z</time>
      </trkpt>
      <trkpt lat="41.33052584" lon="-72.91105645">
        <time>2026-09-07T14:33:26+00:00Z</time>
      </trkpt>
      <trkpt lat="41.33052567" lon="-72.91108880">
        <time>2026-09-07T14:33:27+00:00Z</time>
      </trkpt>
      <trkpt lat="41.33052433" lon="-72.91111722">
        <time>2026-09-07T14:33:28+00:00Z</time>
      </trkpt>
      <trkpt lat="41.33052827" lon="-72.91115091">
        <time>2026-09-07T14:33:29+00:00Z</time>
      </trkpt>
      <trkpt lat="41.33052559" lon="-72.91117740">
        <time>2026-09-07T14:33:30+00:00Z</time>
      </trkpt>
      <trkpt lat="41.33052936" lon="-72.91121017">
        <time>2026-09-07T14:33:31+00:00Z</time>
      </trkpt>
      <trkpt lat="41.33052927" lon="-72.91124605">
        <time>2026-09-07T14:33:32+00:00Z</time>
      </trkpt>
      <trkpt lat="41.33053112" lon="-72.91127454">
        <time>2026-09-07T14:33:33+00:00Z</time>
      </trkpt>
      <trkpt lat="41.33052994" lon="-72.91130179">
        <time>2026-09-07T14:33:34+00:00Z</time>
      </trkpt>
      <trkpt lat="41.33053372" lon="-72.91133665">
        <time>2026-09-07T14:33:35+00:00Z</time>
      </trkpt>
      <trkpt lat="41.33053573" lon="-72.91136851">
        <time>2026-09-07T14:33:36+00:00Z</time>
      </trkpt>
      <trkpt lat="41.33053975" lon="-72.91140002">
        <time>2026-09-07T14:33:37+00:00Z</time>
      </trkpt>
      <trkpt lat="41.33054260" lon="-72.91142886">
        <time>2026-09-07T14:33:38+00:00Z</time>
      </trkpt>
      <trkpt lat="41.33054201" lon="-72.91145300">
        <time>2026-09-07T14:33:39+00:00Z</time>
      </trkpt>
      <trkpt lat="41.33054880" lon="-72.91148694">
        <time>2026-09-07T14:33:40+00:00Z</time>
      </trkpt>
      <trkpt lat="41.33055031" lon="-72.91151083">
        <time>2026-09-07T14:33:41+00:00Z</time>
      </trkpt>
      <trkpt lat="41.33055660" lon="-72.91154369">
        <time>2026-09-07T14:33:42+00:00Z</time>
      </trkpt>
      <trkpt lat="41.33055534" lon="-72.91156691">
        <time>2026-09-07T14:33:43+00:00Z</time>
      </trkpt>
      <trkpt lat="41.33056087" lon="-72.91160446">
        <time>2026-09-07T14:33:44+00:00Z</time>
      </trkpt>
      <trkpt lat="41.33055794" lon="-72.91163011">
        <time>2026-09-07T14:33:45+00:00Z</time>
      </trkpt>
      <trkpt lat="41.33056163" lon="-72.91166179">
        <time>2026-09-07T14:33:46+00:00Z</time>
      </trkpt>
      <trkpt lat="41.33055995" lon="-72.91169548">
        <time>2026-09-07T14:33:47+00:00Z</time>
      </trkpt>
      <trkpt lat="41.33056230" lon="-72.91172398">
        <time>2026-09-07T14:33:48+00:00Z</time>
      </trkpt>
      <trkpt lat="41.33056733" lon="-72.91176438">
        <time>2026-09-07T14:33:49+00:00Z</time>
      </trkpt>
      <trkpt lat="41.33056649" lon="-72.91178609">
        <time>2026-09-07T14:33:50+00:00Z</time>
      </trkpt>
      <trkpt lat="41.33056842" lon="-72.91182641">
        <time>2026-09-07T14:33:51+00:00Z</time>
      </trkpt>
      <trkpt lat="41.33056699" lon="-72.91185206">
        <time>2026-09-07T14:33:52+00:00Z</time>
      </trkpt>
      <trkpt lat="41.33057429" lon="-72.91188517">
        <time>2026-09-07T14:33:53+00:00Z</time>
      </trkpt>
      <trkpt lat="41.33057412" lon="-72.91191123">
        <time>2026-09-07T14:33:54+00:00Z</time>
      </trkpt>
      <trkpt lat="41.33057529" lon="-72.91194049">
        <time>2026-09-07T14:33:55+00:00Z</time>
      </trkpt>
      <trkpt lat="41.33057747" lon="-72.91197167">
        <time>2026-09-07T14:33:56+00:00Z</time>
      </trkpt>
      <trkpt lat="41.33057931" lon="-72.91199908">
        <time>2026-09-07T14:33:57+00:00Z</time>
      </trkpt>
      <trkpt lat="41.33057881" lon="-72.91202732">
        <time>2026-09-07T14:33:58+00:00Z</time>
      </trkpt>
      <trkpt lat="41.33058007" lon="-72.91205540">
        <time>2026-09-07T14:33:59+00:00Z</time>
      </trkpt>
      <trkpt lat="41.33057965" lon="-72.91207661">
        <time>2026-09-07T14:34:00+00:00Z</time>
      </trkpt>
      <trkpt lat="41.33057789" lon="-72.91209446">
        <time>2026-09-07T14:34:01+00:00Z</time>
      </trkpt>
      <trkpt lat="41.33057546" lon="-72.91211072">
        <time>2026-09-07T14:34:02+00:00Z</time>
      </trkpt>
      <trkpt lat="41.33057227" lon="-72.91213084">
        <time>2026-09-07T14:34:03+00:00Z</time>
      </trkpt>
      <trkpt lat="41.33057085" lon="-72.91214945">
        <time>2026-09-07T14:34:04+00:00Z</time>
      </trkpt>
      <trkpt lat="41.33056875" lon="-72.91216873">
        <time>2026-09-07T14:34:05+00:00Z</time>
      </trkpt>
      <trkpt lat="41.33056783" lon="-72.91218281">
        <time>2026-09-07T14:34:06+00:00Z</time>
      </trkpt>
      <trkpt lat="41.33056607" lon="-72.91219991">
        <time>2026-09-07T14:34:07+00:00Z</time>
      </trkpt>
      <trkpt lat="41.33056339" lon="-72.91221885">
        <time>2026-09-07T14:34:08+00:00Z</time>
      </trkpt>
      <trkpt lat="41.33056154" lon="-72.91223821">
        <time>2026-09-07T14:34:09+00:00Z</time>
      </trkpt>
      <trkpt lat="41.33056029" lon="-72.91225925">
        <time>2026-09-07T14:34:10+00:00Z</time>
      </trkpt>
      <trkpt lat="41.33056029" lon="-72.91227870">
        <time>2026-09-07T14:34:11+00:00Z</time>
      </trkpt>
      <trkpt lat="41.33056020" lon="-72.91229663">
        <time>2026-09-07T14:34:12+00:00Z</time>
      </trkpt>
      <trkpt lat="41.33056213" lon="-72.91231340">
        <time>2026-09-07T14:34:13+00:00Z</time>
      </trkpt>
      <trkpt lat="41.33056909" lon="-72.91232337">
        <time>2026-09-07T14:34:14+00:00Z</time>
      </trkpt>
      <trkpt lat="41.33057412" lon="-72.91233787">
        <time>2026-09-07T14:34:15+00:00Z</time>
      </trkpt>
      <trkpt lat="41.33057747" lon="-72.91234785">
        <time>2026-09-07T14:34:16+00:00Z</time>
      </trkpt>
      <trkpt lat="41.33058493" lon="-72.91235749">
        <time>2026-09-07T14:34:17+00:00Z</time>
      </trkpt>
      <trkpt lat="41.33058879" lon="-72.91236729">
        <time>2026-09-07T14:34:18+00:00Z</time>
      </trkpt>
      <trkpt lat="41.33058342" lon="-72.91238205">
        <time>2026-09-07T14:34:19+00:00Z</time>
      </trkpt>
      <trkpt lat="41.33057571" lon="-72.91239923">
        <time>2026-09-07T14:34:20+00:00Z</time>
      </trkpt>
      <trkpt lat="41.33057009" lon="-72.91241398">
        <time>2026-09-07T14:34:21+00:00Z</time>
      </trkpt>
      <trkpt lat="41.33056565" lon="-72.91243653">
        <time>2026-09-07T14:34:22+00:00Z</time>
      </trkpt>
      <trkpt lat="41.33056372" lon="-72.91246243">
        <time>2026-09-07T14:34:23+00:00Z</time>
      </trkpt>
      <trkpt lat="41.33056314" lon="-72.91248741">
        <time>2026-09-07T14:34:24+00:00Z</time>
      </trkpt>
      <trkpt lat="41.33056641" lon="-72.91251766">
        <time>2026-09-07T14:34:25+00:00Z</time>
      </trkpt>
      <trkpt lat="41.33056926" lon="-72.91254130">
        <time>2026-09-07T14:34:26+00:00Z</time>
      </trkpt>
      <trkpt lat="41.33057487" lon="-72.91257123">
        <time>2026-09-07T14:34:27+00:00Z</time>
      </trkpt>
      <trkpt lat="41.33057504" lon="-72.91259578">
        <time>2026-09-07T14:34:28+00:00Z</time>
      </trkpt>
      <trkpt lat="41.33057630" lon="-72.91262671">
        <time>2026-09-07T14:34:29+00:00Z</time>
      </trkpt>
      <trkpt lat="41.33057730" lon="-72.91265362">
        <time>2026-09-07T14:34:30+00:00Z</time>
      </trkpt>
      <trkpt lat="41.33058091" lon="-72.91268505">
        <time>2026-09-07T14:34:31+00:00Z</time>
      </trkpt>
      <trkpt lat="41.33058552" lon="-72.91271850">
        <time>2026-09-07T14:34:32+00:00Z</time>
      </trkpt>
      <trkpt lat="41.33058719" lon="-72.91274523">
        <time>2026-09-07T14:34:33+00:00Z</time>
      </trkpt>
      <trkpt lat="41.33059046" lon="-72.91278019">
        <time>2026-09-07T14:34:34+00:00Z</time>
      </trkpt>
      <trkpt lat="41.33059566" lon="-72.91280726">
        <time>2026-09-07T14:34:35+00:00Z</time>
      </trkpt>
      <trkpt lat="41.33060345" lon="-72.91284297">
        <time>2026-09-07T14:34:36+00:00Z</time>
      </trkpt>
      <trkpt lat="41.33060781" lon="-72.91286987">
        <time>2026-09-07T14:34:37+00:00Z</time>
      </trkpt>
      <trkpt lat="41.33061427" lon="-72.91290575">
        <time>2026-09-07T14:34:38+00:00Z</time>
      </trkpt>
      <trkpt lat="41.33061745" lon="-72.91293249">
        <time>2026-09-07T14:34:39+00:00Z</time>
      </trkpt>
      <trkpt lat="41.33061687" lon="-72.91297238">
        <time>2026-09-07T14:34:40+00:00Z</time>
      </trkpt>
      <trkpt lat="41.33061854" lon="-72.91300331">
        <time>2026-09-07T14:34:41+00:00Z</time>
      </trkpt>
      <trkpt lat="41.33061745" lon="-72.91303818">
        <time>2026-09-07T14:34:42+00:00Z</time>
      </trkpt>
      <trkpt lat="41.33061846" lon="-72.91306802">
        <time>2026-09-07T14:34:43+00:00Z</time>
      </trkpt>
      <trkpt lat="41.33062089" lon="-72.91309610">
        <time>2026-09-07T14:34:44+00:00Z</time>
      </trkpt>
      <trkpt lat="41.33062483" lon="-72.91313130">
        <time>2026-09-07T14:34:45+00:00Z</time>
      </trkpt>
      <trkpt lat="41.33062541" lon="-72.91315611">
        <time>2026-09-07T14:34:46+00:00Z</time>
      </trkpt>
      <trkpt lat="41.33062567" lon="-72.91319819">
        <time>2026-09-07T14:34:47+00:00Z</time>
      </trkpt>
      <trkpt lat="41.33062634" lon="-72.91322367">
        <time>2026-09-07T14:34:48+00:00Z</time>
      </trkpt>
      <trkpt lat="41.33062491" lon="-72.91326156">
        <time>2026-09-07T14:34:49+00:00Z</time>
      </trkpt>
      <trkpt lat="41.33062609" lon="-72.91329366">
        <time>2026-09-07T14:34:50+00:00Z</time>
      </trkpt>
      <trkpt lat="41.33062516" lon="-72.91333180">
        <time>2026-09-07T14:34:51+00:00Z</time>
      </trkpt>
      <trkpt lat="41.33062575" lon="-72.91337404">
        <time>2026-09-07T14:34:52+00:00Z</time>
      </trkpt>
      <trkpt lat="41.33062491" lon="-72.91340539">
        <time>2026-09-07T14:34:53+00:00Z</time>
      </trkpt>
      <trkpt lat="41.33062625" lon="-72.91344697">
        <time>2026-09-07T14:34:54+00:00Z</time>
      </trkpt>
      <trkpt lat="41.33062634" lon="-72.91347790">
        <time>2026-09-07T14:34:55+00:00Z</time>
      </trkpt>
      <trkpt lat="41.33063002" lon="-72.91351595">
        <time>2026-09-07T14:34:56+00:00Z</time>
      </trkpt>
      <trkpt lat="41.33063673" lon="-72.91355157">
        <time>2026-09-07T14:34:57+00:00Z</time>
      </trkpt>
      <trkpt lat="41.33064796" lon="-72.91358577">
        <time>2026-09-07T14:34:58+00:00Z</time>
      </trkpt>
      <trkpt lat="41.33066498" lon="-72.91361796">
        <time>2026-09-07T14:34:59+00:00Z</time>
      </trkpt>
      <trkpt lat="41.33068861" lon="-72.91363405">
        <time>2026-09-07T14:35:00+00:00Z</time>
      </trkpt>
      <trkpt lat="41.33071921" lon="-72.91363707">
        <time>2026-09-07T14:35:01+00:00Z</time>
      </trkpt>
      <trkpt lat="41.33074184" lon="-72.91364000">
        <time>2026-09-07T14:35:02+00:00Z</time>
      </trkpt>
      <trkpt lat="41.33076615" lon="-72.91363053">
        <time>2026-09-07T14:35:03+00:00Z</time>
      </trkpt>
      <trkpt lat="41.33078593" lon="-72.91362307">
        <time>2026-09-07T14:35:04+00:00Z</time>
      </trkpt>
      <trkpt lat="41.33081124" lon="-72.91361050">
        <time>2026-09-07T14:35:05+00:00Z</time>
      </trkpt>
      <trkpt lat="41.33083312" lon="-72.91360069">
        <time>2026-09-07T14:35:06+00:00Z</time>
      </trkpt>
      <trkpt lat="41.33085717" lon="-72.91359105">
        <time>2026-09-07T14:35:07+00:00Z</time>
      </trkpt>
      <trkpt lat="41.33088207" lon="-72.91357923">
        <time>2026-09-07T14:35:08+00:00Z</time>
      </trkpt>
      <trkpt lat="41.33090269" lon="-72.91357194">
        <time>2026-09-07T14:35:09+00:00Z</time>
      </trkpt>
      <trkpt lat="41.33092783" lon="-72.91355576">
        <time>2026-09-07T14:35:10+00:00Z</time>
      </trkpt>
      <trkpt lat="41.33094661" lon="-72.91354462">
        <time>2026-09-07T14:35:11+00:00Z</time>
      </trkpt>
      <trkpt lat="41.33097259" lon="-72.91352768">
        <time>2026-09-07T14:35:12+00:00Z</time>
      </trkpt>
      <trkpt lat="41.33098894" lon="-72.91352064">
        <time>2026-09-07T14:35:13+00:00Z</time>
      </trkpt>
      <trkpt lat="41.33101165" lon="-72.91350698">
        <time>2026-09-07T14:35:14+00:00Z</time>
      </trkpt>
      <trkpt lat="41.33103127" lon="-72.91350044">
        <time>2026-09-07T14:35:15+00:00Z</time>
      </trkpt>
      <trkpt lat="41.33105272" lon="-72.91349365">
        <time>2026-09-07T14:35:16+00:00Z</time>
      </trkpt>
      <trkpt lat="41.33107217" lon="-72.91348301">
        <time>2026-09-07T14:35:17+00:00Z</time>
      </trkpt>
      <trkpt lat="41.33109405" lon="-72.91347144">
        <time>2026-09-07T14:35:18+00:00Z</time>
      </trkpt>
      <trkpt lat="41.33111768" lon="-72.91346122">
        <time>2026-09-07T14:35:19+00:00Z</time>
      </trkpt>
      <trkpt lat="41.33114124" lon="-72.91345275">
        <time>2026-09-07T14:35:20+00:00Z</time>
      </trkpt>
      <trkpt lat="41.33116588" lon="-72.91344596">
        <time>2026-09-07T14:35:21+00:00Z</time>
      </trkpt>
      <trkpt lat="41.33118859" lon="-72.91344110">
        <time>2026-09-07T14:35:22+00:00Z</time>
      </trkpt>
      <trkpt lat="41.33121768" lon="-72.91343423">
        <time>2026-09-07T14:35:23+00:00Z</time>
      </trkpt>
      <trkpt lat="41.33123922" lon="-72.91343062">
        <time>2026-09-07T14:35:24+00:00Z</time>
      </trkpt>
      <trkpt lat="41.33126747" lon="-72.91341729">
        <time>2026-09-07T14:35:25+00:00Z</time>
      </trkpt>
      <trkpt lat="41.33129002" lon="-72.91340967">
        <time>2026-09-07T14:35:26+00:00Z</time>
      </trkpt>
      <trkpt lat="41.33131483" lon="-72.91339718">
        <time>2026-09-07T14:35:27+00:00Z</time>
      </trkpt>
      <trkpt lat="41.33133637" lon="-72.91338678">
        <time>2026-09-07T14:35:28+00:00Z</time>
      </trkpt>
      <trkpt lat="41.33135732" lon="-72.91337245">
        <time>2026-09-07T14:35:29+00:00Z</time>
      </trkpt>
      <trkpt lat="41.33138213" lon="-72.91336264">
        <time>2026-09-07T14:35:30+00:00Z</time>
      </trkpt>
      <trkpt lat="41.33140175" lon="-72.91335577">
        <time>2026-09-07T14:35:31+00:00Z</time>
      </trkpt>
      <trkpt lat="41.33142622" lon="-72.91334127">
        <time>2026-09-07T14:35:32+00:00Z</time>
      </trkpt>
      <trkpt lat="41.33144877" lon="-72.91333213">
        <time>2026-09-07T14:35:33+00:00Z</time>
      </trkpt>
      <trkpt lat="41.33147190" lon="-72.91331939">
        <time>2026-09-07T14:35:34+00:00Z</time>
      </trkpt>
      <trkpt lat="41.33149319" lon="-72.91331403">
        <time>2026-09-07T14:35:35+00:00Z</time>
      </trkpt>
      <trkpt lat="41.33151624" lon="-72.91330271">
        <time>2026-09-07T14:35:36+00:00Z</time>
      </trkpt>
      <trkpt lat="41.33154005" lon="-72.91329492">
        <time>2026-09-07T14:35:37+00:00Z</time>
      </trkpt>
      <trkpt lat="41.33156469" lon="-72.91327673">
        <time>2026-09-07T14:35:38+00:00Z</time>
      </trkpt>
      <trkpt lat="41.33158749" lon="-72.91326567">
        <time>2026-09-07T14:35:39+00:00Z</time>
      </trkpt>
      <trkpt lat="41.33161222" lon="-72.91324832">
        <time>2026-09-07T14:35:40+00:00Z</time>
      </trkpt>
      <trkpt lat="41.33163577" lon="-72.91323625">
        <time>2026-09-07T14:35:41+00:00Z</time>
      </trkpt>
      <trkpt lat="41.33165882" lon="-72.91322560">
        <time>2026-09-07T14:35:42+00:00Z</time>
      </trkpt>
      <trkpt lat="41.33168497" lon="-72.91321688">
        <time>2026-09-07T14:35:43+00:00Z</time>
      </trkpt>
      <trkpt lat="41.33170886" lon="-72.91321001">
        <time>2026-09-07T14:35:44+00:00Z</time>
      </trkpt>
      <trkpt lat="41.33173652" lon="-72.91319869">
        <time>2026-09-07T14:35:45+00:00Z</time>
      </trkpt>
      <trkpt lat="41.33175488" lon="-72.91318998">
        <time>2026-09-07T14:35:46+00:00Z</time>
      </trkpt>
      <trkpt lat="41.33178078" lon="-72.91317640">
        <time>2026-09-07T14:35:47+00:00Z</time>
      </trkpt>
      <trkpt lat="41.33180257" lon="-72.91316994">
        <time>2026-09-07T14:35:48+00:00Z</time>
      </trkpt>
      <trkpt lat="41.33182772" lon="-72.91316005">
        <time>2026-09-07T14:35:49+00:00Z</time>
      </trkpt>
      <trkpt lat="41.33185546" lon="-72.91315050">
        <time>2026-09-07T14:35:50+00:00Z</time>
      </trkpt>
      <trkpt lat="41.33187843" lon="-72.91314513">
        <time>2026-09-07T14:35:51+00:00Z</time>
      </trkpt>
      <trkpt lat="41.33190634" lon="-72.91312988">
        <time>2026-09-07T14:35:52+00:00Z</time>
      </trkpt>
      <trkpt lat="41.33192587" lon="-72.91312326">
        <time>2026-09-07T14:35:53+00:00Z</time>
      </trkpt>
      <trkpt lat="41.33195227" lon="-72.91310985">
        <time>2026-09-07T14:35:54+00:00Z</time>
      </trkpt>
      <trkpt lat="41.33197155" lon="-72.91310130">
        <time>2026-09-07T14:35:55+00:00Z</time>
      </trkpt>
      <trkpt lat="41.33199912" lon="-72.91308277">
        <time>2026-09-07T14:35:56+00:00Z</time>
      </trkpt>
      <trkpt lat="41.33202142" lon="-72.91307204">
        <time>2026-09-07T14:35:57+00:00Z</time>
      </trkpt>
      <trkpt lat="41.33204665" lon="-72.91305754">
        <time>2026-09-07T14:35:58+00:00Z</time>
      </trkpt>
      <trkpt lat="41.33207322" lon="-72.91304640">
        <time>2026-09-07T14:35:59+00:00Z</time>
      </trkpt>
      <trkpt lat="41.33209585" lon="-72.91303692">
        <time>2026-09-07T14:36:00+00:00Z</time>
      </trkpt>
      <trkpt lat="41.33212376" lon="-72.91302058">
        <time>2026-09-07T14:36:01+00:00Z</time>
      </trkpt>
      <trkpt lat="41.33214673" lon="-72.91300859">
        <time>2026-09-07T14:36:02+00:00Z</time>
      </trkpt>
      <trkpt lat="41.33217573" lon="-72.91299032">
        <time>2026-09-07T14:36:03+00:00Z</time>
      </trkpt>
      <trkpt lat="41.33219568" lon="-72.91298496">
        <time>2026-09-07T14:36:04+00:00Z</time>
      </trkpt>
      <trkpt lat="41.33222586" lon="-72.91297213">
        <time>2026-09-07T14:36:05+00:00Z</time>
      </trkpt>
      <trkpt lat="41.33225184" lon="-72.91296551">
        <time>2026-09-07T14:36:06+00:00Z</time>
      </trkpt>
      <trkpt lat="41.33227950" lon="-72.91295118">
        <time>2026-09-07T14:36:07+00:00Z</time>
      </trkpt>
      <trkpt lat="41.33230481" lon="-72.91294430">
        <time>2026-09-07T14:36:08+00:00Z</time>
      </trkpt>
      <trkpt lat="41.33232870" lon="-72.91292938">
        <time>2026-09-07T14:36:09+00:00Z</time>
      </trkpt>
      <trkpt lat="41.33235720" lon="-72.91291656">
        <time>2026-09-07T14:36:10+00:00Z</time>
      </trkpt>
      <trkpt lat="41.33238017" lon="-72.91290558">
        <time>2026-09-07T14:36:11+00:00Z</time>
      </trkpt>
      <trkpt lat="41.33240674" lon="-72.91289099">
        <time>2026-09-07T14:36:12+00:00Z</time>
      </trkpt>
      <trkpt lat="41.33242761" lon="-72.91288069">
        <time>2026-09-07T14:36:13+00:00Z</time>
      </trkpt>
      <trkpt lat="41.33245694" lon="-72.91286090">
        <time>2026-09-07T14:36:14+00:00Z</time>
      </trkpt>
      <trkpt lat="41.33247907" lon="-72.91285554">
        <time>2026-09-07T14:36:15+00:00Z</time>
      </trkpt>
      <trkpt lat="41.33250657" lon="-72.91284179">
        <time>2026-09-07T14:36:16+00:00Z</time>
      </trkpt>
      <trkpt lat="41.33253112" lon="-72.91283249">
        <time>2026-09-07T14:36:17+00:00Z</time>
      </trkpt>
      <trkpt lat="41.33255677" lon="-72.91281447">
        <time>2026-09-07T14:36:18+00:00Z</time>
      </trkpt>
      <trkpt lat="41.33258242" lon="-72.91280491">
        <time>2026-09-07T14:36:19+00:00Z</time>
      </trkpt>
      <trkpt lat="41.33260681" lon="-72.91278790">
        <time>2026-09-07T14:36:20+00:00Z</time>
      </trkpt>
      <trkpt lat="41.33263062" lon="-72.91277541">
        <time>2026-09-07T14:36:21+00:00Z</time>
      </trkpt>
      <trkpt lat="41.33264679" lon="-72.91276485">
        <time>2026-09-07T14:36:22+00:00Z</time>
      </trkpt>
      <trkpt lat="41.33267588" lon="-72.91274708">
        <time>2026-09-07T14:36:23+00:00Z</time>
      </trkpt>
      <trkpt lat="41.33269616" lon="-72.91274155">
        <time>2026-09-07T14:36:24+00:00Z</time>
      </trkpt>
      <trkpt lat="41.33272693" lon="-72.91272746">
        <time>2026-09-07T14:36:25+00:00Z</time>
      </trkpt>
      <trkpt lat="41.33275182" lon="-72.91271850">
        <time>2026-09-07T14:36:26+00:00Z</time>
      </trkpt>
      <trkpt lat="41.33278401" lon="-72.91270433">
        <time>2026-09-07T14:36:27+00:00Z</time>
      </trkpt>
      <trkpt lat="41.33280647" lon="-72.91269628">
        <time>2026-09-07T14:36:28+00:00Z</time>
      </trkpt>
      <trkpt lat="41.33283396" lon="-72.91267550">
        <time>2026-09-07T14:36:29+00:00Z</time>
      </trkpt>
      <trkpt lat="41.33285777" lon="-72.91266016">
        <time>2026-09-07T14:36:30+00:00Z</time>
      </trkpt>
      <trkpt lat="41.33288048" lon="-72.91264599">
        <time>2026-09-07T14:36:31+00:00Z</time>
      </trkpt>
      <trkpt lat="41.33290404" lon="-72.91263015">
        <time>2026-09-07T14:36:32+00:00Z</time>
      </trkpt>
      <trkpt lat="41.33292725" lon="-72.91261733">
        <time>2026-09-07T14:36:33+00:00Z</time>
      </trkpt>
      <trkpt lat="41.33295667" lon="-72.91260425">
        <time>2026-09-07T14:36:34+00:00Z</time>
      </trkpt>
      <trkpt lat="41.33297872" lon="-72.91259880">
        <time>2026-09-07T14:36:35+00:00Z</time>
      </trkpt>
      <trkpt lat="41.33300546" lon="-72.91258497">
        <time>2026-09-07T14:36:36+00:00Z</time>
      </trkpt>
      <trkpt lat="41.33302390" lon="-72.91257684">
        <time>2026-09-07T14:36:37+00:00Z</time>
      </trkpt>
      <trkpt lat="41.33305013" lon="-72.91256175">
        <time>2026-09-07T14:36:38+00:00Z</time>
      </trkpt>
      <trkpt lat="41.33306882" lon="-72.91255488">
        <time>2026-09-07T14:36:39+00:00Z</time>
      </trkpt>
      <trkpt lat="41.33309472" lon="-72.91253560">
        <time>2026-09-07T14:36:40+00:00Z</time>
      </trkpt>
      <trkpt lat="41.33311249" lon="-72.91252680">
        <time>2026-09-07T14:36:41+00:00Z</time>
      </trkpt>
      <trkpt lat="41.33313688" lon="-72.91251188">
        <time>2026-09-07T14:36:42+00:00Z</time>
      </trkpt>
      <trkpt lat="41.33315985" lon="-72.91250233">
        <time>2026-09-07T14:36:43+00:00Z</time>
      </trkpt>
      <trkpt lat="41.33318667" lon="-72.91249068">
        <time>2026-09-07T14:36:44+00:00Z</time>
      </trkpt>
      <trkpt lat="41.33320981" lon="-72.91247986">
        <time>2026-09-07T14:36:45+00:00Z</time>
      </trkpt>
      <trkpt lat="41.33322942" lon="-72.91246972">
        <time>2026-09-07T14:36:46+00:00Z</time>
      </trkpt>
      <trkpt lat="41.33325524" lon="-72.91245379">
        <time>2026-09-07T14:36:47+00:00Z</time>
      </trkpt>
      <trkpt lat="41.33327762" lon="-72.91244969">
        <time>2026-09-07T14:36:48+00:00Z</time>
      </trkpt>
      <trkpt lat="41.33330813" lon="-72.91243452">
        <time>2026-09-07T14:36:49+00:00Z</time>
      </trkpt>
      <trkpt lat="41.33333277" lon="-72.91242538">
        <time>2026-09-07T14:36:50+00:00Z</time>
      </trkpt>
      <trkpt lat="41.33336445" lon="-72.91240912">
        <time>2026-09-07T14:36:51+00:00Z</time>
      </trkpt>
      <trkpt lat="41.33339010" lon="-72.91240292">
        <time>2026-09-07T14:36:52+00:00Z</time>
      </trkpt>
      <trkpt lat="41.33342153" lon="-72.91238758">
        <time>2026-09-07T14:36:53+00:00Z</time>
      </trkpt>
      <trkpt lat="41.33344718" lon="-72.91238255">
        <time>2026-09-07T14:36:54+00:00Z</time>
      </trkpt>
      <trkpt lat="41.33347183" lon="-72.91236771">
        <time>2026-09-07T14:36:55+00:00Z</time>
      </trkpt>
      <trkpt lat="41.33349974" lon="-72.91235883">
        <time>2026-09-07T14:36:56+00:00Z</time>
      </trkpt>
      <trkpt lat="41.33352547" lon="-72.91234475">
        <time>2026-09-07T14:36:57+00:00Z</time>
      </trkpt>
      <trkpt lat="41.33355455" lon="-72.91232991">
        <time>2026-09-07T14:36:58+00:00Z</time>
      </trkpt>
      <trkpt lat="41.33357677" lon="-72.91232421">
        <time>2026-09-07T14:36:59+00:00Z</time>
      </trkpt>
      <trkpt lat="41.33360904" lon="-72.91230929">
        <time>2026-09-07T14:37:00+00:00Z</time>
      </trkpt>
      <trkpt lat="41.33362982" lon="-72.91230535">
        <time>2026-09-07T14:37:01+00:00Z</time>
      </trkpt>
      <trkpt lat="41.33366478" lon="-72.91227995">
        <time>2026-09-07T14:37:02+00:00Z</time>
      </trkpt>
      <trkpt lat="41.33368749" lon="-72.91227358">
        <time>2026-09-07T14:37:03+00:00Z</time>
      </trkpt>
      <trkpt lat="41.33371725" lon="-72.91225732">
        <time>2026-09-07T14:37:04+00:00Z</time>
      </trkpt>
      <trkpt lat="41.33373938" lon="-72.91225028">
        <time>2026-09-07T14:37:05+00:00Z</time>
      </trkpt>
      <trkpt lat="41.33376561" lon="-72.91223754">
        <time>2026-09-07T14:37:06+00:00Z</time>
      </trkpt>
      <trkpt lat="41.33378757" lon="-72.91223025">
        <time>2026-09-07T14:37:07+00:00Z</time>
      </trkpt>
      <trkpt lat="41.33381196" lon="-72.91221784">
        <time>2026-09-07T14:37:08+00:00Z</time>
      </trkpt>
      <trkpt lat="41.33383367" lon="-72.91220804">
        <time>2026-09-07T14:37:09+00:00Z</time>
      </trkpt>
      <trkpt lat="41.33385706" lon="-72.91219429">
        <time>2026-09-07T14:37:10+00:00Z</time>
      </trkpt>
      <trkpt lat="41.33388053" lon="-72.91218239">
        <time>2026-09-07T14:37:11+00:00Z</time>
      </trkpt>
      <trkpt lat="41.33390106" lon="-72.91217225">
        <time>2026-09-07T14:37:12+00:00Z</time>
      </trkpt>
      <trkpt lat="41.33392445" lon="-72.91216169">
        <time>2026-09-07T14:37:13+00:00Z</time>
      </trkpt>
      <trkpt lat="41.33394599" lon="-72.91215188">
        <time>2026-09-07T14:37:14+00:00Z</time>
      </trkpt>
      <trkpt lat="41.33396887" lon="-72.91213939">
        <time>2026-09-07T14:37:15+00:00Z</time>
      </trkpt>
      <trkpt lat="41.33399159" lon="-72.91212640">
        <time>2026-09-07T14:37:16+00:00Z</time>
      </trkpt>
      <trkpt lat="41.33401841" lon="-72.91210980">
        <time>2026-09-07T14:37:17+00:00Z</time>
      </trkpt>
      <trkpt lat="41.33404003" lon="-72.91210368">
        <time>2026-09-07T14:37:18+00:00Z</time>
      </trkpt>
      <trkpt lat="41.33406711" lon="-72.91208734">
        <time>2026-09-07T14:37:19+00:00Z</time>
      </trkpt>
      <trkpt lat="41.33408857" lon="-72.91208063">
        <time>2026-09-07T14:37:20+00:00Z</time>
      </trkpt>
      <trkpt lat="41.33411421" lon="-72.91206429">
        <time>2026-09-07T14:37:21+00:00Z</time>
      </trkpt>
      <trkpt lat="41.33413844" lon="-72.91205306">
        <time>2026-09-07T14:37:22+00:00Z</time>
      </trkpt>
      <trkpt lat="41.33416769" lon="-72.91203386">
        <time>2026-09-07T14:37:23+00:00Z</time>
      </trkpt>
      <trkpt lat="41.33418831" lon="-72.91202213">
        <time>2026-09-07T14:37:24+00:00Z</time>
      </trkpt>
      <trkpt lat="41.33421404" lon="-72.91200578">
        <time>2026-09-07T14:37:25+00:00Z</time>
      </trkpt>
      <trkpt lat="41.33423919" lon="-72.91199019">
        <time>2026-09-07T14:37:26+00:00Z</time>
      </trkpt>
      <trkpt lat="41.33425855" lon="-72.91197888">
        <time>2026-09-07T14:37:27+00:00Z</time>
      </trkpt>
      <trkpt lat="41.33429082" lon="-72.91195549">
        <time>2026-09-07T14:37:28+00:00Z</time>
      </trkpt>
      <trkpt lat="41.33431060" lon="-72.91194443">
        <time>2026-09-07T14:37:29+00:00Z</time>
      </trkpt>
      <trkpt lat="41.33433885" lon="-72.91192858">
        <time>2026-09-07T14:37:30+00:00Z</time>
      </trkpt>
      <trkpt lat="41.33436064" lon="-72.91192037">
        <time>2026-09-07T14:37:31+00:00Z</time>
      </trkpt>
      <trkpt lat="41.33438805" lon="-72.91190537">
        <time>2026-09-07T14:37:32+00:00Z</time>
      </trkpt>
      <trkpt lat="41.33441186" lon="-72.91189916">
        <time>2026-09-07T14:37:33+00:00Z</time>
      </trkpt>
      <trkpt lat="41.33443583" lon="-72.91188802">
        <time>2026-09-07T14:37:34+00:00Z</time>
      </trkpt>
      <trkpt lat="41.33446391" lon="-72.91187787">
        <time>2026-09-07T14:37:35+00:00Z</time>
      </trkpt>
      <trkpt lat="41.33448528" lon="-72.91187125">
        <time>2026-09-07T14:37:36+00:00Z</time>
      </trkpt>
      <trkpt lat="41.33451831" lon="-72.91185658">
        <time>2026-09-07T14:37:37+00:00Z</time>
      </trkpt>
      <trkpt lat="41.33453884" lon="-72.91185558">
        <time>2026-09-07T14:37:38+00:00Z</time>
      </trkpt>
      <trkpt lat="41.33456516" lon="-72.91184242">
        <time>2026-09-07T14:37:39+00:00Z</time>
      </trkpt>
      <trkpt lat="41.33458536" lon="-72.91183513">
        <time>2026-09-07T14:37:40+00:00Z</time>
      </trkpt>
      <trkpt lat="41.33461076" lon="-72.91181803">
        <time>2026-09-07T14:37:41+00:00Z</time>
      </trkpt>
      <trkpt lat="41.33463565" lon="-72.91180839">
        <time>2026-09-07T14:37:42+00:00Z</time>
      </trkpt>
      <trkpt lat="41.33465770" lon="-72.91179665">
        <time>2026-09-07T14:37:43+00:00Z</time>
      </trkpt>
      <trkpt lat="41.33468452" lon="-72.91177989">
        <time>2026-09-07T14:37:44+00:00Z</time>
      </trkpt>
      <trkpt lat="41.33470573" lon="-72.91177033">
        <time>2026-09-07T14:37:45+00:00Z</time>
      </trkpt>
      <trkpt lat="41.33473163" lon="-72.91175634">
        <time>2026-09-07T14:37:46+00:00Z</time>
      </trkpt>
      <trkpt lat="41.33475007" lon="-72.91175223">
        <time>2026-09-07T14:37:47+00:00Z</time>
      </trkpt>
      <trkpt lat="41.33477873" lon="-72.91173588">
        <time>2026-09-07T14:37:48+00:00Z</time>
      </trkpt>
      <trkpt lat="41.33479650" lon="-72.91172583">
        <time>2026-09-07T14:37:49+00:00Z</time>
      </trkpt>
      <trkpt lat="41.33481947" lon="-72.91170931">
        <time>2026-09-07T14:37:50+00:00Z</time>
      </trkpt>
      <trkpt lat="41.33484151" lon="-72.91169783">
        <time>2026-09-07T14:37:51+00:00Z</time>
      </trkpt>
      <trkpt lat="41.33486783" lon="-72.91167503">
        <time>2026-09-07T14:37:52+00:00Z</time>
      </trkpt>
      <trkpt lat="41.33488954" lon="-72.91166254">
        <time>2026-09-07T14:37:53+00:00Z</time>
      </trkpt>
      <trkpt lat="41.33491519" lon="-72.91164838">
        <time>2026-09-07T14:37:54+00:00Z</time>
      </trkpt>
      <trkpt lat="41.33493992" lon="-72.91163606">
        <time>2026-09-07T14:37:55+00:00Z</time>
      </trkpt>
      <trkpt lat="41.33496481" lon="-72.91162876">
        <time>2026-09-07T14:37:56+00:00Z</time>
      </trkpt>
      <trkpt lat="41.33499473" lon="-72.91161426">
        <time>2026-09-07T14:37:57+00:00Z</time>
      </trkpt>
      <trkpt lat="41.33501703" lon="-72.91160429">
        <time>2026-09-07T14:37:58+00:00Z</time>
      </trkpt>
      <trkpt lat="41.33504486" lon="-72.91159431">
        <time>2026-09-07T14:37:59+00:00Z</time>
      </trkpt>
      <trkpt lat="41.33506581" lon="-72.91159146">
        <time>2026-09-07T14:38:00+00:00Z</time>
      </trkpt>
      <trkpt lat="41.33509439" lon="-72.91157596">
        <time>2026-09-07T14:38:01+00:00Z</time>
      </trkpt>
      <trkpt lat="41.33511233" lon="-72.91156950">
        <time>2026-09-07T14:38:02+00:00Z</time>
      </trkpt>
      <trkpt lat="41.33513890" lon="-72.91155433">
        <time>2026-09-07T14:38:03+00:00Z</time>
      </trkpt>
      <trkpt lat="41.33515810" lon="-72.91154771">
        <time>2026-09-07T14:38:04+00:00Z</time>
      </trkpt>
      <trkpt lat="41.33518282" lon="-72.91153212">
        <time>2026-09-07T14:38:05+00:00Z</time>
      </trkpt>
      <trkpt lat="41.33520470" lon="-72.91152257">
        <time>2026-09-07T14:38:06+00:00Z</time>
      </trkpt>
      <trkpt lat="41.33522951" lon="-72.91150823">
        <time>2026-09-07T14:38:07+00:00Z</time>
      </trkpt>
      <trkpt lat="41.33525189" lon="-72.91149708">
        <time>2026-09-07T14:38:08+00:00Z</time>
      </trkpt>
      <trkpt lat="41.33527913" lon="-72.91148577">
        <time>2026-09-07T14:38:09+00:00Z</time>
      </trkpt>
      <trkpt lat="41.33530738" lon="-72.91148636">
        <time>2026-09-07T14:38:10+00:00Z</time>
      </trkpt>
      <trkpt lat="41.33532666" lon="-72.91149482">
        <time>2026-09-07T14:38:11+00:00Z</time>
      </trkpt>
      <trkpt lat="41.33533730" lon="-72.91152055">
        <time>2026-09-07T14:38:12+00:00Z</time>
      </trkpt>
      <trkpt lat="41.33533512" lon="-72.91153975">
        <time>2026-09-07T14:38:13+00:00Z</time>
      </trkpt>
      <trkpt lat="41.33531190" lon="-72.91156447">
        <time>2026-09-07T14:38:14+00:00Z</time>
      </trkpt>
      <trkpt lat="41.33529355" lon="-72.91157579">
        <time>2026-09-07T14:38:15+00:00Z</time>
      </trkpt>
      <trkpt lat="41.33526388" lon="-72.91159146">
        <time>2026-09-07T14:38:16+00:00Z</time>
      </trkpt>
      <trkpt lat="41.33524200" lon="-72.91159691">
        <time>2026-09-07T14:38:17+00:00Z</time>
      </trkpt>
      <trkpt lat="41.33521006" lon="-72.91160756">
        <time>2026-09-07T14:38:18+00:00Z</time>
      </trkpt>
      <trkpt lat="41.33519028" lon="-72.91161175">
        <time>2026-09-07T14:38:19+00:00Z</time>
      </trkpt>
      <trkpt lat="41.33516455" lon="-72.91161904">
        <time>2026-09-07T14:38:20+00:00Z</time>
      </trkpt>
      <trkpt lat="41.33514133" lon="-72.91162172">
        <time>2026-09-07T14:38:21+00:00Z</time>
      </trkpt>
      <trkpt lat="41.33511518" lon="-72.91162876">
        <time>2026-09-07T14:38:22+00:00Z</time>
      </trkpt>
      <trkpt lat="41.33509230" lon="-72.91163396">
        <time>2026-09-07T14:38:23+00:00Z</time>
      </trkpt>
      <trkpt lat="41.33506992" lon="-72.91164251">
        <time>2026-09-07T14:38:24+00:00Z</time>
      </trkpt>
      <trkpt lat="41.33504678" lon="-72.91165290">
        <time>2026-09-07T14:38:25+00:00Z</time>
      </trkpt>
      <trkpt lat="41.33502734" lon="-72.91166363">
        <time>2026-09-07T14:38:26+00:00Z</time>
      </trkpt>
      <trkpt lat="41.33500043" lon="-72.91167797">
        <time>2026-09-07T14:38:27+00:00Z</time>
      </trkpt>
      <trkpt lat="41.33498183" lon="-72.91168559">
        <time>2026-09-07T14:38:28+00:00Z</time>
      </trkpt>
      <trkpt lat="41.33495710" lon="-72.91169649">
        <time>2026-09-07T14:38:29+00:00Z</time>
      </trkpt>
      <trkpt lat="41.33493673" lon="-72.91170412">
        <time>2026-09-07T14:38:30+00:00Z</time>
      </trkpt>
      <trkpt lat="41.33491418" lon="-72.91171971">
        <time>2026-09-07T14:38:31+00:00Z</time>
      </trkpt>
      <trkpt lat="41.33489457" lon="-72.91172625">
        <time>2026-09-07T14:38:32+00:00Z</time>
      </trkpt>
      <trkpt lat="41.33487219" lon="-72.91173580">
        <time>2026-09-07T14:38:33+00:00Z</time>
      </trkpt>
      <trkpt lat="41.33485090" lon="-72.91174552">
        <time>2026-09-07T14:38:34+00:00Z</time>
      </trkpt>
      <trkpt lat="41.33482433" lon="-72.91176120">
        <time>2026-09-07T14:38:35+00:00Z</time>
      </trkpt>
      <trkpt lat="41.33480463" lon="-72.91177352">
        <time>2026-09-07T14:38:36+00:00Z</time>
      </trkpt>
      <trkpt lat="41.33478066" lon="-72.91179154">
        <time>2026-09-07T14:38:37+00:00Z</time>
      </trkpt>
      <trkpt lat="41.33476146" lon="-72.91180026">
        <time>2026-09-07T14:38:38+00:00Z</time>
      </trkpt>
      <trkpt lat="41.33473590" lon="-72.91181593">
        <time>2026-09-07T14:38:39+00:00Z</time>
      </trkpt>
      <trkpt lat="41.33471821" lon="-72.91182566">
        <time>2026-09-07T14:38:40+00:00Z</time>
      </trkpt>
      <trkpt lat="41.33469190" lon="-72.91183362">
        <time>2026-09-07T14:38:41+00:00Z</time>
      </trkpt>
      <trkpt lat="41.33467178" lon="-72.91184091">
        <time>2026-09-07T14:38:42+00:00Z</time>
      </trkpt>
      <trkpt lat="41.33464831" lon="-72.91185030">
        <time>2026-09-07T14:38:43+00:00Z</time>
      </trkpt>
      <trkpt lat="41.33462928" lon="-72.91185952">
        <time>2026-09-07T14:38:44+00:00Z</time>
      </trkpt>
      <trkpt lat="41.33460648" lon="-72.91186932">
        <time>2026-09-07T14:38:45+00:00Z</time>
      </trkpt>
      <trkpt lat="41.33458477" lon="-72.91187536">
        <time>2026-09-07T14:38:46+00:00Z</time>
      </trkpt>
      <trkpt lat="41.33456198" lon="-72.91188466">
        <time>2026-09-07T14:38:47+00:00Z</time>
      </trkpt>
      <trkpt lat="41.33453717" lon="-72.91189028">
        <time>2026-09-07T14:38:48+00:00Z</time>
      </trkpt>
      <trkpt lat="41.33451797" lon="-72.91189330">
        <time>2026-09-07T14:38:49+00:00Z</time>
      </trkpt>
      <trkpt lat="41.33449333" lon="-72.91190168">
        <time>2026-09-07T14:38:50+00:00Z</time>
      </trkpt>
      <trkpt lat="41.33447371" lon="-72.91190855">
        <time>2026-09-07T14:38:51+00:00Z</time>
      </trkpt>
      <trkpt lat="41.33445125" lon="-72.91191936">
        <time>2026-09-07T14:38:52+00:00Z</time>
      </trkpt>
      <trkpt lat="41.33443432" lon="-72.91192708">
        <time>2026-09-07T14:38:53+00:00Z</time>
      </trkpt>
      <trkpt lat="41.33440909" lon="-72.91194216">
        <time>2026-09-07T14:38:54+00:00Z</time>
      </trkpt>
      <trkpt lat="41.33438973" lon="-72.91195096">
        <time>2026-09-07T14:38:55+00:00Z</time>
      </trkpt>
      <trkpt lat="41.33436902" lon="-72.91196639">
        <time>2026-09-07T14:38:56+00:00Z</time>
      </trkpt>
      <trkpt lat="41.33434648" lon="-72.91197435">
        <time>2026-09-07T14:38:57+00:00Z</time>
      </trkpt>
      <trkpt lat="41.33431957" lon="-72.91198709">
        <time>2026-09-07T14:38:58+00:00Z</time>
      </trkpt>
      <trkpt lat="41.33429551" lon="-72.91199815">
        <time>2026-09-07T14:38:59+00:00Z</time>
      </trkpt>
      <trkpt lat="41.33427104" lon="-72.91201291">
        <time>2026-09-07T14:39:00+00:00Z</time>
      </trkpt>
      <trkpt lat="41.33424774" lon="-72.91202389">
        <time>2026-09-07T14:39:01+00:00Z</time>
      </trkpt>
      <trkpt lat="41.33422343" lon="-72.91203353">
        <time>2026-09-07T14:39:02+00:00Z</time>
      </trkpt>
      <trkpt lat="41.33420147" lon="-72.91204283">
        <time>2026-09-07T14:39:03+00:00Z</time>
      </trkpt>
      <trkpt lat="41.33417850" lon="-72.91204534">
        <time>2026-09-07T14:39:04+00:00Z</time>
      </trkpt>
      <trkpt lat="41.33415855" lon="-72.91204744">
        <time>2026-09-07T14:39:05+00:00Z</time>
      </trkpt>
      <trkpt lat="41.33413726" lon="-72.91205314">
        <time>2026-09-07T14:39:06+00:00Z</time>
      </trkpt>
      <trkpt lat="41.33411220" lon="-72.91206378">
        <time>2026-09-07T14:39:07+00:00Z</time>
      </trkpt>
      <trkpt lat="41.33409519" lon="-72.91206957">
        <time>2026-09-07T14:39:08+00:00Z</time>
      </trkpt>
      <trkpt lat="41.33407013" lon="-72.91207887">
        <time>2026-09-07T14:39:09+00:00Z</time>
      </trkpt>
      <trkpt lat="41.33404640" lon="-72.91208658">
        <time>2026-09-07T14:39:10+00:00Z</time>
      </trkpt>
      <trkpt lat="41.33402067" lon="-72.91209782">
        <time>2026-09-07T14:39:11+00:00Z</time>
      </trkpt>
      <trkpt lat="41.33399611" lon="-72.91210477">
        <time>2026-09-07T14:39:12+00:00Z</time>
      </trkpt>
      <trkpt lat="41.33397399" lon="-72.91211735">
        <time>2026-09-07T14:39:13+00:00Z</time>
      </trkpt>
      <trkpt lat="41.33394985" lon="-72.91212866">
        <time>2026-09-07T14:39:14+00:00Z</time>
      </trkpt>
      <trkpt lat="41.33392864" lon="-72.91213939">
        <time>2026-09-07T14:39:15+00:00Z</time>
      </trkpt>
      <trkpt lat="41.33390366" lon="-72.91215104">
        <time>2026-09-07T14:39:16+00:00Z</time>
      </trkpt>
      <trkpt lat="41.33388782" lon="-72.91215775">
        <time>2026-09-07T14:39:17+00:00Z</time>
      </trkpt>
      <trkpt lat="41.33386686" lon="-72.91217166">
        <time>2026-09-07T14:39:18+00:00Z</time>
      </trkpt>
      <trkpt lat="41.33385010" lon="-72.91218046">
        <time>2026-09-07T14:39:19+00:00Z</time>
      </trkpt>
      <trkpt lat="41.33382487" lon="-72.91218943">
        <time>2026-09-07T14:39:20+00:00Z</time>
      </trkpt>
      <trkpt lat="41.33380199" lon="-72.91219831">
        <time>2026-09-07T14:39:21+00:00Z</time>
      </trkpt>
      <trkpt lat="41.33378137" lon="-72.91220712">
        <time>2026-09-07T14:39:22+00:00Z</time>
      </trkpt>
      <trkpt lat="41.33375664" lon="-72.91221835">
        <time>2026-09-07T14:39:23+00:00Z</time>
      </trkpt>
      <trkpt lat="41.33373510" lon="-72.91223033">
        <time>2026-09-07T14:39:24+00:00Z</time>
      </trkpt>
      <trkpt lat="41.33370945" lon="-72.91223939">
        <time>2026-09-07T14:39:25+00:00Z</time>
      </trkpt>
      <trkpt lat="41.33368975" lon="-72.91225129">
        <time>2026-09-07T14:39:26+00:00Z</time>
      </trkpt>
      <trkpt lat="41.33366453" lon="-72.91226059">
        <time>2026-09-07T14:39:27+00:00Z</time>
      </trkpt>
      <trkpt lat="41.33364785" lon="-72.91226679">
        <time>2026-09-07T14:39:28+00:00Z</time>
      </trkpt>
      <trkpt lat="41.33362262" lon="-72.91228515">
        <time>2026-09-07T14:39:29+00:00Z</time>
      </trkpt>
      <trkpt lat="41.33360518" lon="-72.91229052">
        <time>2026-09-07T14:39:30+00:00Z</time>
      </trkpt>
      <trkpt lat="41.33358163" lon="-72.91230191">
        <time>2026-09-07T14:39:31+00:00Z</time>
      </trkpt>
      <trkpt lat="41.33356193" lon="-72.91231164">
        <time>2026-09-07T14:39:32+00:00Z</time>
      </trkpt>
      <trkpt lat="41.33353888" lon="-72.91232388">
        <time>2026-09-07T14:39:33+00:00Z</time>
      </trkpt>
      <trkpt lat="41.33351482" lon="-72.91233159">
        <time>2026-09-07T14:39:34+00:00Z</time>
      </trkpt>
      <trkpt lat="41.33349353" lon="-72.91233687">
        <time>2026-09-07T14:39:35+00:00Z</time>
      </trkpt>
      <trkpt lat="41.33346504" lon="-72.91235313">
        <time>2026-09-07T14:39:36+00:00Z</time>
      </trkpt>
      <trkpt lat="41.33344626" lon="-72.91236201">
        <time>2026-09-07T14:39:37+00:00Z</time>
      </trkpt>
      <trkpt lat="41.33341684" lon="-72.91238112">
        <time>2026-09-07T14:39:38+00:00Z</time>
      </trkpt>
      <trkpt lat="41.33339840" lon="-72.91238816">
        <time>2026-09-07T14:39:39+00:00Z</time>
      </trkpt>
      <trkpt lat="41.33337107" lon="-72.91240602">
        <time>2026-09-07T14:39:40+00:00Z</time>
      </trkpt>
      <trkpt lat="41.33334945" lon="-72.91241339">
        <time>2026-09-07T14:39:41+00:00Z</time>
      </trkpt>
      <trkpt lat="41.33332254" lon="-72.91243401">
        <time>2026-09-07T14:39:42+00:00Z</time>
      </trkpt>
      <trkpt lat="41.33330318" lon="-72.91244449">
        <time>2026-09-07T14:39:43+00:00Z</time>
      </trkpt>
      <trkpt lat="41.33328248" lon="-72.91245530">
        <time>2026-09-07T14:39:44+00:00Z</time>
      </trkpt>
      <trkpt lat="41.33326278" lon="-72.91246360">
        <time>2026-09-07T14:39:45+00:00Z</time>
      </trkpt>
      <trkpt lat="41.33324166" lon="-72.91247274">
        <time>2026-09-07T14:39:46+00:00Z</time>
      </trkpt>
      <trkpt lat="41.33321836" lon="-72.91248389">
        <time>2026-09-07T14:39:47+00:00Z</time>
      </trkpt>
      <trkpt lat="41.33319883" lon="-72.91249545">
        <time>2026-09-07T14:39:48+00:00Z</time>
      </trkpt>
      <trkpt lat="41.33317561" lon="-72.91251104">
        <time>2026-09-07T14:39:49+00:00Z</time>
      </trkpt>
      <trkpt lat="41.33315776" lon="-72.91251658">
        <time>2026-09-07T14:39:50+00:00Z</time>
      </trkpt>
      <trkpt lat="41.33312909" lon="-72.91253183">
        <time>2026-09-07T14:39:51+00:00Z</time>
      </trkpt>
      <trkpt lat="41.33311031" lon="-72.91253979">
        <time>2026-09-07T14:39:52+00:00Z</time>
      </trkpt>
      <trkpt lat="41.33308215" lon="-72.91255136">
        <time>2026-09-07T14:39:53+00:00Z</time>
      </trkpt>
      <trkpt lat="41.33306430" lon="-72.91255857">
        <time>2026-09-07T14:39:54+00:00Z</time>
      </trkpt>
      <trkpt lat="41.33303731" lon="-72.91257299">
        <time>2026-09-07T14:39:55+00:00Z</time>
      </trkpt>
      <trkpt lat="41.33302381" lon="-72.91257500">
        <time>2026-09-07T14:39:56+00:00Z</time>
      </trkpt>
      <trkpt lat="41.33299808" lon="-72.91258723">
        <time>2026-09-07T14:39:57+00:00Z</time>
      </trkpt>
      <trkpt lat="41.33298031" lon="-72.91259319">
        <time>2026-09-07T14:39:58+00:00Z</time>
      </trkpt>
      <trkpt lat="41.33295525" lon="-72.91260928">
        <time>2026-09-07T14:39:59+00:00Z</time>
      </trkpt>
      <trkpt lat="41.33293740" lon="-72.91261490">
        <time>2026-09-07T14:40:00+00:00Z</time>
      </trkpt>
      <trkpt lat="41.33291778" lon="-72.91262479">
        <time>2026-09-07T14:40:01+00:00Z</time>
      </trkpt>
      <trkpt lat="41.33289699" lon="-72.91263736">
        <time>2026-09-07T14:40:02+00:00Z</time>
      </trkpt>
      <trkpt lat="41.33287696" lon="-72.91264893">
        <time>2026-09-07T14:40:03+00:00Z</time>
      </trkpt>
      <trkpt lat="41.33285793" lon="-72.91266108">
        <time>2026-09-07T14:40:04+00:00Z</time>
      </trkpt>
      <trkpt lat="41.33284167" lon="-72.91266846">
        <time>2026-09-07T14:40:05+00:00Z</time>
      </trkpt>
      <trkpt lat="41.33281535" lon="-72.91267935">
        <time>2026-09-07T14:40:06+00:00Z</time>
      </trkpt>
      <trkpt lat="41.33279826" lon="-72.91268187">
        <time>2026-09-07T14:40:07+00:00Z</time>
      </trkpt>
      <trkpt lat="41.33277185" lon="-72.91269201">
        <time>2026-09-07T14:40:08+00:00Z</time>
      </trkpt>
      <trkpt lat="41.33275324" lon="-72.91269913">
        <time>2026-09-07T14:40:09+00:00Z</time>
      </trkpt>
      <trkpt lat="41.33272525" lon="-72.91271791">
        <time>2026-09-07T14:40:10+00:00Z</time>
      </trkpt>
      <trkpt lat="41.33270429" lon="-72.91272948">
        <time>2026-09-07T14:40:11+00:00Z</time>
      </trkpt>
      <trkpt lat="41.33267957" lon="-72.91274372">
        <time>2026-09-07T14:40:12+00:00Z</time>
      </trkpt>
      <trkpt lat="41.33265870" lon="-72.91275630">
        <time>2026-09-07T14:40:13+00:00Z</time>
      </trkpt>
      <trkpt lat="41.33263942" lon="-72.91276451">
        <time>2026-09-07T14:40:14+00:00Z</time>
      </trkpt>
      <trkpt lat="41.33261872" lon="-72.91277952">
        <time>2026-09-07T14:40:15+00:00Z</time>
      </trkpt>
      <trkpt lat="41.33260245" lon="-72.91279226">
        <time>2026-09-07T14:40:16+00:00Z</time>
      </trkpt>
      <trkpt lat="41.33257865" lon="-72.91280936">
        <time>2026-09-07T14:40:17+00:00Z</time>
      </trkpt>
      <trkpt lat="41.33255853" lon="-72.91281338">
        <time>2026-09-07T14:40:18+00:00Z</time>
      </trkpt>
      <trkpt lat="41.33252945" lon="-72.91283132">
        <time>2026-09-07T14:40:19+00:00Z</time>
      </trkpt>
      <trkpt lat="41.33251587" lon="-72.91284104">
        <time>2026-09-07T14:40:20+00:00Z</time>
      </trkpt>
      <trkpt lat="41.33249391" lon="-72.91285998">
        <time>2026-09-07T14:40:21+00:00Z</time>
      </trkpt>
      <trkpt lat="41.33247966" lon="-72.91287004">
        <time>2026-09-07T14:40:22+00:00Z</time>
      </trkpt>
      <trkpt lat="41.33245384" lon="-72.91288706">
        <time>2026-09-07T14:40:23+00:00Z</time>
      </trkpt>
      <trkpt lat="41.33243582" lon="-72.91289795">
        <time>2026-09-07T14:40:24+00:00Z</time>
      </trkpt>
      <trkpt lat="41.33241160" lon="-72.91290717">
        <time>2026-09-07T14:40:25+00:00Z</time>
      </trkpt>
      <trkpt lat="41.33239115" lon="-72.91291455">
        <time>2026-09-07T14:40:26+00:00Z</time>
      </trkpt>
      <trkpt lat="41.33236961" lon="-72.91292100">
        <time>2026-09-07T14:40:27+00:00Z</time>
      </trkpt>
      <trkpt lat="41.33234479" lon="-72.91293114">
        <time>2026-09-07T14:40:28+00:00Z</time>
      </trkpt>
      <trkpt lat="41.33232946" lon="-72.91293500">
        <time>2026-09-07T14:40:29+00:00Z</time>
      </trkpt>
      <trkpt lat="41.33230372" lon="-72.91294858">
        <time>2026-09-07T14:40:30+00:00Z</time>
      </trkpt>
      <trkpt lat="41.33228528" lon="-72.91295101">
        <time>2026-09-07T14:40:31+00:00Z</time>
      </trkpt>
      <trkpt lat="41.33225955" lon="-72.91296543">
        <time>2026-09-07T14:40:32+00:00Z</time>
      </trkpt>
      <trkpt lat="41.33224136" lon="-72.91297263">
        <time>2026-09-07T14:40:33+00:00Z</time>
      </trkpt>
      <trkpt lat="41.33221697" lon="-72.91298353">
        <time>2026-09-07T14:40:34+00:00Z</time>
      </trkpt>
      <trkpt lat="41.33219509" lon="-72.91299250">
        <time>2026-09-07T14:40:35+00:00Z</time>
      </trkpt>
      <trkpt lat="41.33217330" lon="-72.91300130">
        <time>2026-09-07T14:40:36+00:00Z</time>
      </trkpt>
      <trkpt lat="41.33215075" lon="-72.91301672">
        <time>2026-09-07T14:40:37+00:00Z</time>
      </trkpt>
      <trkpt lat="41.33213080" lon="-72.91302443">
        <time>2026-09-07T14:40:38+00:00Z</time>
      </trkpt>
      <trkpt lat="41.33210549" lon="-72.91303650">
        <time>2026-09-07T14:40:39+00:00Z</time>
      </trkpt>
      <trkpt lat="41.33208822" lon="-72.91304489">
        <time>2026-09-07T14:40:40+00:00Z</time>
      </trkpt>
      <trkpt lat="41.33206283" lon="-72.91305721">
        <time>2026-09-07T14:40:41+00:00Z</time>
      </trkpt>
      <trkpt lat="41.33204430" lon="-72.91306391">
        <time>2026-09-07T14:40:42+00:00Z</time>
      </trkpt>
      <trkpt lat="41.33202058" lon="-72.91307682">
        <time>2026-09-07T14:40:43+00:00Z</time>
      </trkpt>
      <trkpt lat="41.33200072" lon="-72.91308529">
        <time>2026-09-07T14:40:44+00:00Z</time>
      </trkpt>
      <trkpt lat="41.33197943" lon="-72.91310071">
        <time>2026-09-07T14:40:45+00:00Z</time>
      </trkpt>
      <trkpt lat="41.33195948" lon="-72.91311362">
        <time>2026-09-07T14:40:46+00:00Z</time>
      </trkpt>
      <trkpt lat="41.33193911" lon="-72.91312317">
        <time>2026-09-07T14:40:47+00:00Z</time>
      </trkpt>
      <trkpt lat="41.33191690" lon="-72.91313407">
        <time>2026-09-07T14:40:48+00:00Z</time>
      </trkpt>
      <trkpt lat="41.33189779" lon="-72.91314170">
        <time>2026-09-07T14:40:49+00:00Z</time>
      </trkpt>
      <trkpt lat="41.33187289" lon="-72.91315025">
        <time>2026-09-07T14:40:50+00:00Z</time>
      </trkpt>
      <trkpt lat="41.33185320" lon="-72.91315637">
        <time>2026-09-07T14:40:51+00:00Z</time>
      </trkpt>
      <trkpt lat="41.33182419" lon="-72.91316827">
        <time>2026-09-07T14:40:52+00:00Z</time>
      </trkpt>
      <trkpt lat="41.33180332" lon="-72.91317506">
        <time>2026-09-07T14:40:53+00:00Z</time>
      </trkpt>
      <trkpt lat="41.33177709" lon="-72.91319015">
        <time>2026-09-07T14:40:54+00:00Z</time>
      </trkpt>
      <trkpt lat="41.33175714" lon="-72.91319576">
        <time>2026-09-07T14:40:55+00:00Z</time>
      </trkpt>
      <trkpt lat="41.33173510" lon="-72.91320641">
        <time>2026-09-07T14:40:56+00:00Z</time>
      </trkpt>
      <trkpt lat="41.33171263" lon="-72.91321755">
        <time>2026-09-07T14:40:57+00:00Z</time>
      </trkpt>
      <trkpt lat="41.33168967" lon="-72.91322694">
        <time>2026-09-07T14:40:58+00:00Z</time>
      </trkpt>
      <trkpt lat="41.33166167" lon="-72.91324136">
        <time>2026-09-07T14:40:59+00:00Z</time>
      </trkpt>
      <trkpt lat="41.33164390" lon="-72.91324815">
        <time>2026-09-07T14:41:00+00:00Z</time>
      </trkpt>
      <trkpt lat="41.33161741" lon="-72.91326047">
        <time>2026-09-07T14:41:01+00:00Z</time>
      </trkpt>
      <trkpt lat="41.33159797" lon="-72.91326785">
        <time>2026-09-07T14:41:02+00:00Z</time>
      </trkpt>
      <trkpt lat="41.33156947" lon="-72.91328360">
        <time>2026-09-07T14:41:03+00:00Z</time>
      </trkpt>
      <trkpt lat="41.33154307" lon="-72.91329165">
        <time>2026-09-07T14:41:04+00:00Z</time>
      </trkpt>
      <trkpt lat="41.33152178" lon="-72.91330162">
        <time>2026-09-07T14:41:05+00:00Z</time>
      </trkpt>
      <trkpt lat="41.33149227" lon="-72.91331948">
        <time>2026-09-07T14:41:06+00:00Z</time>
      </trkpt>
      <trkpt lat="41.33147500" lon="-72.91333138">
        <time>2026-09-07T14:41:07+00:00Z</time>
      </trkpt>
      <trkpt lat="41.33144776" lon="-72.91335150">
        <time>2026-09-07T14:41:08+00:00Z</time>
      </trkpt>
      <trkpt lat="41.33142924" lon="-72.91336365">
        <time>2026-09-07T14:41:09+00:00Z</time>
      </trkpt>
      <trkpt lat="41.33140627" lon="-72.91337849">
        <time>2026-09-07T14:41:10+00:00Z</time>
      </trkpt>
      <trkpt lat="41.33138322" lon="-72.91338804">
        <time>2026-09-07T14:41:11+00:00Z</time>
      </trkpt>
      <trkpt lat="41.33135959" lon="-72.91339299">
        <time>2026-09-07T14:41:12+00:00Z</time>
      </trkpt>
      <trkpt lat="41.33133519" lon="-72.91340573">
        <time>2026-09-07T14:41:13+00:00Z</time>
      </trkpt>
      <trkpt lat="41.33131407" lon="-72.91341260">
        <time>2026-09-07T14:41:14+00:00Z</time>
      </trkpt>
      <trkpt lat="41.33129136" lon="-72.91342132">
        <time>2026-09-07T14:41:15+00:00Z</time>
      </trkpt>
      <trkpt lat="41.33127174" lon="-72.91342685">
        <time>2026-09-07T14:41:16+00:00Z</time>
      </trkpt>
      <trkpt lat="41.33124744" lon="-72.91343993">
        <time>2026-09-07T14:41:17+00:00Z</time>
      </trkpt>
      <trkpt lat="41.33122707" lon="-72.91345091">
        <time>2026-09-07T14:41:18+00:00Z</time>
      </trkpt>
      <trkpt lat="41.33120393" lon="-72.91346423">
        <time>2026-09-07T14:41:19+00:00Z</time>
      </trkpt>
      <trkpt lat="41.33118013" lon="-72.91347806">
        <time>2026-09-07T14:41:20+00:00Z</time>
      </trkpt>
      <trkpt lat="41.33115926" lon="-72.91348686">
        <time>2026-09-07T14:41:21+00:00Z</time>
      </trkpt>
      <trkpt lat="41.33113344" lon="-72.91349768">
        <time>2026-09-07T14:41:22+00:00Z</time>
      </trkpt>
      <trkpt lat="41.33111500" lon="-72.91350807">
        <time>2026-09-07T14:41:23+00:00Z</time>
      </trkpt>
      <trkpt lat="41.33109111" lon="-72.91352274">
        <time>2026-09-07T14:41:24+00:00Z</time>
      </trkpt>
      <trkpt lat="41.33106940" lon="-72.91353204">
        <time>2026-09-07T14:41:25+00:00Z</time>
      </trkpt>
      <trkpt lat="41.33104241" lon="-72.91354596">
        <time>2026-09-07T14:41:26+00:00Z</time>
      </trkpt>
      <trkpt lat="41.33101677" lon="-72.91355643">
        <time>2026-09-07T14:41:27+00:00Z</time>
      </trkpt>
      <trkpt lat="41.33099707" lon="-72.91355937">
        <time>2026-09-07T14:41:28+00:00Z</time>
      </trkpt>
      <trkpt lat="41.33096631" lon="-72.91357253">
        <time>2026-09-07T14:41:29+00:00Z</time>
      </trkpt>
      <trkpt lat="41.33094795" lon="-72.91358183">
        <time>2026-09-07T14:41:30+00:00Z</time>
      </trkpt>
      <trkpt lat="41.33091861" lon="-72.91359189">
        <time>2026-09-07T14:41:31+00:00Z</time>
      </trkpt>
      <trkpt lat="41.33090051" lon="-72.91359935">
        <time>2026-09-07T14:41:32+00:00Z</time>
      </trkpt>
      <trkpt lat="41.33087981" lon="-72.91361234">
        <time>2026-09-07T14:41:33+00:00Z</time>
      </trkpt>
      <trkpt lat="41.33085709" lon="-72.91362206">
        <time>2026-09-07T14:41:34+00:00Z</time>
      </trkpt>
      <trkpt lat="41.33083823" lon="-72.91363137">
        <time>2026-09-07T14:41:35+00:00Z</time>
      </trkpt>
      <trkpt lat="41.33081677" lon="-72.91364151">
        <time>2026-09-07T14:41:36+00:00Z</time>
      </trkpt>
      <trkpt lat="41.33079791" lon="-72.91364956">
        <time>2026-09-07T14:41:37+00:00Z</time>
      </trkpt>
      <trkpt lat="41.33077042" lon="-72.91366389">
        <time>2026-09-07T14:41:38+00:00Z</time>
      </trkpt>
      <trkpt lat="41.33074955" lon="-72.91367278">
        <time>2026-09-07T14:41:39+00:00Z</time>
      </trkpt>
      <trkpt lat="41.33072264" lon="-72.91368753">
        <time>2026-09-07T14:41:40+00:00Z</time>
      </trkpt>
      <trkpt lat="41.33070395" lon="-72.91369591">
        <time>2026-09-07T14:41:41+00:00Z</time>
      </trkpt>
      <trkpt lat="41.33068199" lon="-72.91370957">
        <time>2026-09-07T14:41:42+00:00Z</time>
      </trkpt>
      <trkpt lat="41.33066230" lon="-72.91371678">
        <time>2026-09-07T14:41:43+00:00Z</time>
      </trkpt>
      <trkpt lat="41.33063807" lon="-72.91372273">
        <time>2026-09-07T14:41:44+00:00Z</time>
      </trkpt>
      <trkpt lat="41.33061469" lon="-72.91372784">
        <time>2026-09-07T14:41:45+00:00Z</time>
      </trkpt>
      <trkpt lat="41.33059172" lon="-72.91372893">
        <time>2026-09-07T14:41:46+00:00Z</time>
      </trkpt>
      <trkpt lat="41.33056498" lon="-72.91373857">
        <time>2026-09-07T14:41:47+00:00Z</time>
      </trkpt>
      <trkpt lat="41.33054545" lon="-72.91374360">
        <time>2026-09-07T14:41:48+00:00Z</time>
      </trkpt>
      <trkpt lat="41.33051922" lon="-72.91375877">
        <time>2026-09-07T14:41:49+00:00Z</time>
      </trkpt>
      <trkpt lat="41.33050044" lon="-72.91376707">
        <time>2026-09-07T14:41:50+00:00Z</time>
      </trkpt>
      <trkpt lat="41.33047814" lon="-72.91377520">
        <time>2026-09-07T14:41:51+00:00Z</time>
      </trkpt>
      <trkpt lat="41.33045635" lon="-72.91378484">
        <time>2026-09-07T14:41:52+00:00Z</time>
      </trkpt>
      <trkpt lat="41.33043573" lon="-72.91379104">
        <time>2026-09-07T14:41:53+00:00Z</time>
      </trkpt>
      <trkpt lat="41.33041201" lon="-72.91380127">
        <time>2026-09-07T14:41:54+00:00Z</time>
      </trkpt>
      <trkpt lat="41.33039190" lon="-72.91381057">
        <time>2026-09-07T14:41:55+00:00Z</time>
      </trkpt>
      <trkpt lat="41.33036457" lon="-72.91382248">
        <time>2026-09-07T14:41:56+00:00Z</time>
      </trkpt>
      <trkpt lat="41.33034470" lon="-72.91383010">
        <time>2026-09-07T14:41:57+00:00Z</time>
      </trkpt>
      <trkpt lat="41.33032098" lon="-72.91384460">
        <time>2026-09-07T14:41:58+00:00Z</time>
      </trkpt>
      <trkpt lat="41.33029869" lon="-72.91385550">
        <time>2026-09-07T14:41:59+00:00Z</time>
      </trkpt>
      <trkpt lat="41.33027891" lon="-72.91386874">
        <time>2026-09-07T14:42:00+00:00Z</time>
      </trkpt>
      <trkpt lat="41.33025049" lon="-72.91388375">
        <time>2026-09-07T14:42:01+00:00Z</time>
      </trkpt>
      <trkpt lat="41.33022903" lon="-72.91389003">
        <time>2026-09-07T14:42:02+00:00Z</time>
      </trkpt>
      <trkpt lat="41.33020355" lon="-72.91390261">
        <time>2026-09-07T14:42:03+00:00Z</time>
      </trkpt>
      <trkpt lat="41.33018528" lon="-72.91390856">
        <time>2026-09-07T14:42:04+00:00Z</time>
      </trkpt>
      <trkpt lat="41.33016516" lon="-72.91391753">
        <time>2026-09-07T14:42:05+00:00Z</time>
      </trkpt>
      <trkpt lat="41.33014555" lon="-72.91392725">
        <time>2026-09-07T14:42:06+00:00Z</time>
      </trkpt>
      <trkpt lat="41.33012736" lon="-72.91393722">
        <time>2026-09-07T14:42:07+00:00Z</time>
      </trkpt>
      <trkpt lat="41.33010616" lon="-72.91394988">
        <time>2026-09-07T14:42:08+00:00Z</time>
      </trkpt>
      <trkpt lat="41.33008529" lon="-72.91395885">
        <time>2026-09-07T14:42:09+00:00Z</time>
      </trkpt>
      <trkpt lat="41.33005695" lon="-72.91397075">
        <time>2026-09-07T14:42:10+00:00Z</time>
      </trkpt>
      <trkpt lat="41.33003483" lon="-72.91398098">
        <time>2026-09-07T14:42:11+00:00Z</time>
      </trkpt>
      <trkpt lat="41.33000608" lon="-72.91399430">
        <time>2026-09-07T14:42:12+00:00Z</time>
      </trkpt>
      <trkpt lat="41.32998328" lon="-72.91400453">
        <time>2026-09-07T14:42:13+00:00Z</time>
      </trkpt>
      <trkpt lat="41.32995746" lon="-72.91401182">
        <time>2026-09-07T14:42:14+00:00Z</time>
      </trkpt>
      <trkpt lat="41.32993005" lon="-72.91402180">
        <time>2026-09-07T14:42:15+00:00Z</time>
      </trkpt>
      <trkpt lat="41.32990910" lon="-72.91403144">
        <time>2026-09-07T14:42:16+00:00Z</time>
      </trkpt>
      <trkpt lat="41.32988345" lon="-72.91404460">
        <time>2026-09-07T14:42:17+00:00Z</time>
      </trkpt>
      <trkpt lat="41.32986384" lon="-72.91404812">
        <time>2026-09-07T14:42:18+00:00Z</time>
      </trkpt>
      <trkpt lat="41.32983685" lon="-72.91405868">
        <time>2026-09-07T14:42:19+00:00Z</time>
      </trkpt>
      <trkpt lat="41.32981706" lon="-72.91406480">
        <time>2026-09-07T14:42:20+00:00Z</time>
      </trkpt>
      <trkpt lat="41.32978924" lon="-72.91407888">
        <time>2026-09-07T14:42:21+00:00Z</time>
      </trkpt>
      <trkpt lat="41.32976920" lon="-72.91408793">
        <time>2026-09-07T14:42:22+00:00Z</time>
      </trkpt>
      <trkpt lat="41.32974708" lon="-72.91410176">
        <time>2026-09-07T14:42:23+00:00Z</time>
      </trkpt>
      <trkpt lat="41.32972386" lon="-72.91411534">
        <time>2026-09-07T14:42:24+00:00Z</time>
      </trkpt>
      <trkpt lat="41.32970491" lon="-72.91412221">
        <time>2026-09-07T14:42:25+00:00Z</time>
      </trkpt>
      <trkpt lat="41.32968044" lon="-72.91413621">
        <time>2026-09-07T14:42:26+00:00Z</time>
      </trkpt>
      <trkpt lat="41.32965940" lon="-72.91414442">
        <time>2026-09-07T14:42:27+00:00Z</time>
      </trkpt>
      <trkpt lat="41.32963601" lon="-72.91416052">
        <time>2026-09-07T14:42:28+00:00Z</time>
      </trkpt>
      <trkpt lat="41.32961447" lon="-72.91417317">
        <time>2026-09-07T14:42:29+00:00Z</time>
      </trkpt>
      <trkpt lat="41.32958983" lon="-72.91418399">
        <time>2026-09-07T14:42:30+00:00Z</time>
      </trkpt>
      <trkpt lat="41.32956301" lon="-72.91419664">
        <time>2026-09-07T14:42:31+00:00Z</time>
      </trkpt>
      <trkpt lat="41.32954524" lon="-72.91420444">
        <time>2026-09-07T14:42:32+00:00Z</time>
      </trkpt>
      <trkpt lat="41.32952328" lon="-72.91421944">
        <time>2026-09-07T14:42:33+00:00Z</time>
      </trkpt>
      <trkpt lat="41.32950408" lon="-72.91422824">
        <time>2026-09-07T14:42:34+00:00Z</time>
      </trkpt>
      <trkpt lat="41.32948162" lon="-72.91424409">
        <time>2026-09-07T14:42:35+00:00Z</time>
      </trkpt>
      <trkpt lat="41.32945899" lon="-72.91425607">
        <time>2026-09-07T14:42:36+00:00Z</time>
      </trkpt>
      <trkpt lat="41.32943787" lon="-72.91426672">
        <time>2026-09-07T14:42:37+00:00Z</time>
      </trkpt>
      <trkpt lat="41.32941255" lon="-72.91428591">
        <time>2026-09-07T14:42:38+00:00Z</time>
      </trkpt>
      <trkpt lat="41.32939495" lon="-72.91429597">
        <time>2026-09-07T14:42:39+00:00Z</time>
      </trkpt>
      <trkpt lat="41.32937199" lon="-72.91431324">
        <time>2026-09-07T14:42:40+00:00Z</time>
      </trkpt>
      <trkpt lat="41.32935807" lon="-72.91433268">
        <time>2026-09-07T14:42:41+00:00Z</time>
      </trkpt>
      <trkpt lat="41.32933703" lon="-72.91435079">
        <time>2026-09-07T14:42:42+00:00Z</time>
      </trkpt>
      <trkpt lat="41.32931809" lon="-72.91435515">
        <time>2026-09-07T14:42:43+00:00Z</time>
      </trkpt>
      <trkpt lat="41.32929722" lon="-72.91436059">
        <time>2026-09-07T14:42:44+00:00Z</time>
      </trkpt>
      <trkpt lat="41.32927207" lon="-72.91436294">
        <time>2026-09-07T14:42:45+00:00Z</time>
      </trkpt>
      <trkpt lat="41.32924793" lon="-72.91436571">
        <time>2026-09-07T14:42:46+00:00Z</time>
      </trkpt>
      <trkpt lat="41.32922656" lon="-72.91437409">
        <time>2026-09-07T14:42:47+00:00Z</time>
      </trkpt>
      <trkpt lat="41.32920971" lon="-72.91437878">
        <time>2026-09-07T14:42:48+00:00Z</time>
      </trkpt>
      <trkpt lat="41.32917853" lon="-72.91439898">
        <time>2026-09-07T14:42:49+00:00Z</time>
      </trkpt>
      <trkpt lat="41.32916210" lon="-72.91440410">
        <time>2026-09-07T14:42:50+00:00Z</time>
      </trkpt>
      <trkpt lat="41.32913629" lon="-72.91440845">
        <time>2026-09-07T14:42:51+00:00Z</time>
      </trkpt>
      <trkpt lat="41.32911785" lon="-72.91440946">
        <time>2026-09-07T14:42:52+00:00Z</time>
      </trkpt>
      <trkpt lat="41.32909622" lon="-72.91441692">
        <time>2026-09-07T14:42:53+00:00Z</time>
      </trkpt>
      <trkpt lat="41.32907594" lon="-72.91442212">
        <time>2026-09-07T14:42:54+00:00Z</time>
      </trkpt>
      <trkpt lat="41.32905154" lon="-72.91443335">
        <time>2026-09-07T14:42:55+00:00Z</time>
      </trkpt>
      <trkpt lat="41.32902908" lon="-72.91444089">
        <time>2026-09-07T14:42:56+00:00Z</time>
      </trkpt>
      <trkpt lat="41.32901014" lon="-72.91445003">
        <time>2026-09-07T14:42:57+00:00Z</time>
      </trkpt>
      <trkpt lat="41.32898625" lon="-72.91446285">
        <time>2026-09-07T14:42:58+00:00Z</time>
      </trkpt>
      <trkpt lat="41.32896873" lon="-72.91447073">
        <time>2026-09-07T14:42:59+00:00Z</time>
      </trkpt>
      <trkpt lat="41.32894585" lon="-72.91448138">
        <time>2026-09-07T14:43:00+00:00Z</time>
      </trkpt>
      <trkpt lat="41.32892800" lon="-72.91448750">
        <time>2026-09-07T14:43:01+00:00Z</time>
      </trkpt>
      <trkpt lat="41.32890143" lon="-72.91449923">
        <time>2026-09-07T14:43:02+00:00Z</time>
      </trkpt>
      <trkpt lat="41.32888575" lon="-72.91450946">
        <time>2026-09-07T14:43:03+00:00Z</time>
      </trkpt>
      <trkpt lat="41.32886245" lon="-72.91452337">
        <time>2026-09-07T14:43:04+00:00Z</time>
      </trkpt>
      <trkpt lat="41.32884250" lon="-72.91452614">
        <time>2026-09-07T14:43:05+00:00Z</time>
      </trkpt>
      <trkpt lat="41.32881895" lon="-72.91454039">
        <time>2026-09-07T14:43:06+00:00Z</time>
      </trkpt>
      <trkpt lat="41.32880277" lon="-72.91455111">
        <time>2026-09-07T14:43:07+00:00Z</time>
      </trkpt>
      <trkpt lat="41.32877754" lon="-72.91456394">
        <time>2026-09-07T14:43:08+00:00Z</time>
      </trkpt>
      <trkpt lat="41.32876044" lon="-72.91457291">
        <time>2026-09-07T14:43:09+00:00Z</time>
      </trkpt>
      <trkpt lat="41.32873873" lon="-72.91458908">
        <time>2026-09-07T14:43:10+00:00Z</time>
      </trkpt>
      <trkpt lat="41.32872063" lon="-72.91459495">
        <time>2026-09-07T14:43:11+00:00Z</time>
      </trkpt>
      <trkpt lat="41.32869674" lon="-72.91460920">
        <time>2026-09-07T14:43:12+00:00Z</time>
      </trkpt>
      <trkpt lat="41.32867830" lon="-72.91461683">
        <time>2026-09-07T14:43:13+00:00Z</time>
      </trkpt>
      <trkpt lat="41.32865491" lon="-72.91462773">
        <time>2026-09-07T14:43:14+00:00Z</time>
      </trkpt>
      <trkpt lat="41.32863371" lon="-72.91463954">
        <time>2026-09-07T14:43:15+00:00Z</time>
      </trkpt>
      <trkpt lat="41.32861460" lon="-72.91464625">
        <time>2026-09-07T14:43:16+00:00Z</time>
      </trkpt>
      <trkpt lat="41.32859389" lon="-72.91466008">
        <time>2026-09-07T14:43:17+00:00Z</time>
      </trkpt>
      <trkpt lat="41.32857554" lon="-72.91466637">
        <time>2026-09-07T14:43:18+00:00Z</time>
      </trkpt>
      <trkpt lat="41.32854855" lon="-72.91468120">
        <time>2026-09-07T14:43:19+00:00Z</time>
      </trkpt>
      <trkpt lat="41.32852885" lon="-72.91468891">
        <time>2026-09-07T14:43:20+00:00Z</time>
      </trkpt>
      <trkpt lat="41.32850345" lon="-72.91470232">
        <time>2026-09-07T14:43:21+00:00Z</time>
      </trkpt>
      <trkpt lat="41.32848644" lon="-72.91470928">
        <time>2026-09-07T14:43:22+00:00Z</time>
      </trkpt>
      <trkpt lat="41.32846339" lon="-72.91472202">
        <time>2026-09-07T14:43:23+00:00Z</time>
      </trkpt>
      <trkpt lat="41.32844470" lon="-72.91473560">
        <time>2026-09-07T14:43:24+00:00Z</time>
      </trkpt>
      <trkpt lat="41.32842139" lon="-72.91475278">
        <time>2026-09-07T14:43:25+00:00Z</time>
      </trkpt>
      <trkpt lat="41.32840136" lon="-72.91476376">
        <time>2026-09-07T14:43:26+00:00Z</time>
      </trkpt>
      <trkpt lat="41.32838066" lon="-72.91477558">
        <time>2026-09-07T14:43:27+00:00Z</time>
      </trkpt>
      <trkpt lat="41.32835979" lon="-72.91478740">
        <time>2026-09-07T14:43:28+00:00Z</time>
      </trkpt>
      <trkpt lat="41.32834118" lon="-72.91479595">
        <time>2026-09-07T14:43:29+00:00Z</time>
      </trkpt>
      <trkpt lat="41.32831628" lon="-72.91480525">
        <time>2026-09-07T14:43:30+00:00Z</time>
      </trkpt>
      <trkpt lat="41.32829835" lon="-72.91481456">
        <time>2026-09-07T14:43:31+00:00Z</time>
      </trkpt>
      <trkpt lat="41.32827865" lon="-72.91482219">
        <time>2026-09-07T14:43:32+00:00Z</time>
      </trkpt>
      <trkpt lat="41.32825686" lon="-72.91483107">
        <time>2026-09-07T14:43:33+00:00Z</time>
      </trkpt>
      <trkpt lat="41.32823515" lon="-72.91484297">
        <time>2026-09-07T14:43:34+00:00Z</time>
      </trkpt>
      <trkpt lat="41.32821168" lon="-72.91485295">
        <time>2026-09-07T14:43:35+00:00Z</time>
      </trkpt>
      <trkpt lat="41.32819056" lon="-72.91486125">
        <time>2026-09-07T14:43:36+00:00Z</time>
      </trkpt>
      <trkpt lat="41.32816281" lon="-72.91487407">
        <time>2026-09-07T14:43:37+00:00Z</time>
      </trkpt>
      <trkpt lat="41.32814093" lon="-72.91488010">
        <time>2026-09-07T14:43:38+00:00Z</time>
      </trkpt>
      <trkpt lat="41.32811403" lon="-72.91489058">
        <time>2026-09-07T14:43:39+00:00Z</time>
      </trkpt>
      <trkpt lat="41.32809173" lon="-72.91489720">
        <time>2026-09-07T14:43:40+00:00Z</time>
      </trkpt>
      <trkpt lat="41.32806843" lon="-72.91491522">
        <time>2026-09-07T14:43:41+00:00Z</time>
      </trkpt>
      <trkpt lat="41.32805041" lon="-72.91492361">
        <time>2026-09-07T14:43:42+00:00Z</time>
      </trkpt>
      <trkpt lat="41.32802870" lon="-72.91493434">
        <time>2026-09-07T14:43:43+00:00Z</time>
      </trkpt>
      <trkpt lat="41.32800573" lon="-72.91494481">
        <time>2026-09-07T14:43:44+00:00Z</time>
      </trkpt>
      <trkpt lat="41.32798528" lon="-72.91495185">
        <time>2026-09-07T14:43:45+00:00Z</time>
      </trkpt>
      <trkpt lat="41.32795787" lon="-72.91496677">
        <time>2026-09-07T14:43:46+00:00Z</time>
      </trkpt>
      <trkpt lat="41.32793985" lon="-72.91497281">
        <time>2026-09-07T14:43:47+00:00Z</time>
      </trkpt>
      <trkpt lat="41.32791555" lon="-72.91498354">
        <time>2026-09-07T14:43:48+00:00Z</time>
      </trkpt>
      <trkpt lat="41.32789928" lon="-72.91498848">
        <time>2026-09-07T14:43:49+00:00Z</time>
      </trkpt>
      <trkpt lat="41.32787850" lon="-72.91499955">
        <time>2026-09-07T14:43:50+00:00Z</time>
      </trkpt>
      <trkpt lat="41.32785939" lon="-72.91500977">
        <time>2026-09-07T14:43:51+00:00Z</time>
      </trkpt>
      <trkpt lat="41.32783961" lon="-72.91502084">
        <time>2026-09-07T14:43:52+00:00Z</time>
      </trkpt>
      <trkpt lat="41.32781798" lon="-72.91502964">
        <time>2026-09-07T14:43:53+00:00Z</time>
      </trkpt>
      <trkpt lat="41.32779904" lon="-72.91503802">
        <time>2026-09-07T14:43:54+00:00Z</time>
      </trkpt>
      <trkpt lat="41.32777515" lon="-72.91504917">
        <time>2026-09-07T14:43:55+00:00Z</time>
      </trkpt>
      <trkpt lat="41.32775654" lon="-72.91505663">
        <time>2026-09-07T14:43:56+00:00Z</time>
      </trkpt>
      <trkpt lat="41.32773156" lon="-72.91506853">
        <time>2026-09-07T14:43:57+00:00Z</time>
      </trkpt>
      <trkpt lat="41.32771321" lon="-72.91507398">
        <time>2026-09-07T14:43:58+00:00Z</time>
      </trkpt>
      <trkpt lat="41.32769058" lon="-72.91508873">
        <time>2026-09-07T14:43:59+00:00Z</time>
      </trkpt>
      <trkpt lat="41.32766937" lon="-72.91509887">
        <time>2026-09-07T14:44:00+00:00Z</time>
      </trkpt>
      <trkpt lat="41.32764841" lon="-72.91511128">
        <time>2026-09-07T14:44:01+00:00Z</time>
      </trkpt>
      <trkpt lat="41.32762679" lon="-72.91512251">
        <time>2026-09-07T14:44:02+00:00Z</time>
      </trkpt>
      <trkpt lat="41.32760298" lon="-72.91513466">
        <time>2026-09-07T14:44:03+00:00Z</time>
      </trkpt>
      <trkpt lat="41.32757884" lon="-72.91514480">
        <time>2026-09-07T14:44:04+00:00Z</time>
      </trkpt>
      <trkpt lat="41.32755839" lon="-72.91515277">
        <time>2026-09-07T14:44:05+00:00Z</time>
      </trkpt>
      <trkpt lat="41.32753341" lon="-72.91516568">
        <time>2026-09-07T14:44:06+00:00Z</time>
      </trkpt>
      <trkpt lat="41.32751372" lon="-72.91516911">
        <time>2026-09-07T14:44:07+00:00Z</time>
      </trkpt>
      <trkpt lat="41.32748907" lon="-72.91517758">
        <time>2026-09-07T14:44:08+00:00Z</time>
      </trkpt>
      <trkpt lat="41.32746988" lon="-72.91518378">
        <time>2026-09-07T14:44:09+00:00Z</time>
      </trkpt>
      <trkpt lat="41.32744566" lon="-72.91519342">
        <time>2026-09-07T14:44:10+00:00Z</time>
      </trkpt>
      <trkpt lat="41.32742353" lon="-72.91520155">
        <time>2026-09-07T14:44:11+00:00Z</time>
      </trkpt>
      <trkpt lat="41.32740383" lon="-72.91521178">
        <time>2026-09-07T14:44:12+00:00Z</time>
      </trkpt>
      <trkpt lat="41.32738103" lon="-72.91522083">
        <time>2026-09-07T14:44:13+00:00Z</time>
      </trkpt>
      <trkpt lat="41.32736142" lon="-72.91523164">
        <time>2026-09-07T14:44:14+00:00Z</time>
      </trkpt>
      <trkpt lat="41.32733929" lon="-72.91524564">
        <time>2026-09-07T14:44:15+00:00Z</time>
      </trkpt>
      <trkpt lat="41.32732236" lon="-72.91525469">
        <time>2026-09-07T14:44:16+00:00Z</time>
      </trkpt>
      <trkpt lat="41.32729704" lon="-72.91526425">
        <time>2026-09-07T14:44:17+00:00Z</time>
      </trkpt>
      <trkpt lat="41.32727659" lon="-72.91526902">
        <time>2026-09-07T14:44:18+00:00Z</time>
      </trkpt>
      <trkpt lat="41.32724944" lon="-72.91527799">
        <time>2026-09-07T14:44:19+00:00Z</time>
      </trkpt>
      <trkpt lat="41.32722999" lon="-72.91528319">
        <time>2026-09-07T14:44:20+00:00Z</time>
      </trkpt>
      <trkpt lat="41.32720727" lon="-72.91529970">
        <time>2026-09-07T14:44:21+00:00Z</time>
      </trkpt>
      <trkpt lat="41.32718590" lon="-72.91530909">
        <time>2026-09-07T14:44:22+00:00Z</time>
      </trkpt>
      <trkpt lat="41.32716637" lon="-72.91531865">
        <time>2026-09-07T14:44:23+00:00Z</time>
      </trkpt>
      <trkpt lat="41.32714106" lon="-72.91533298">
        <time>2026-09-07T14:44:24+00:00Z</time>
      </trkpt>
      <trkpt lat="41.32712337" lon="-72.91534371">
        <time>2026-09-07T14:44:25+00:00Z</time>
      </trkpt>
      <trkpt lat="41.32710250" lon="-72.91535452">
        <time>2026-09-07T14:44:26+00:00Z</time>
      </trkpt>
      <trkpt lat="41.32708607" lon="-72.91536433">
        <time>2026-09-07T14:44:27+00:00Z</time>
      </trkpt>
      <trkpt lat="41.32706537" lon="-72.91537413">
        <time>2026-09-07T14:44:28+00:00Z</time>
      </trkpt>
      <trkpt lat="41.32704584" lon="-72.91538310">
        <time>2026-09-07T14:44:29+00:00Z</time>
      </trkpt>
      <trkpt lat="41.32702983" lon="-72.91539727">
        <time>2026-09-07T14:44:30+00:00Z</time>
      </trkpt>
      <trkpt lat="41.32700670" lon="-72.91541101">
        <time>2026-09-07T14:44:31+00:00Z</time>
      </trkpt>
      <trkpt lat="41.32698675" lon="-72.91542032">
        <time>2026-09-07T14:44:32+00:00Z</time>
      </trkpt>
      <trkpt lat="41.32696185" lon="-72.91543356">
        <time>2026-09-07T14:44:33+00:00Z</time>
      </trkpt>
      <trkpt lat="41.32694392" lon="-72.91544404">
        <time>2026-09-07T14:44:34+00:00Z</time>
      </trkpt>
      <trkpt lat="41.32692003" lon="-72.91545804">
        <time>2026-09-07T14:44:35+00:00Z</time>
      </trkpt>
      <trkpt lat="41.32690159" lon="-72.91546801">
        <time>2026-09-07T14:44:36+00:00Z</time>
      </trkpt>
      <trkpt lat="41.32687611" lon="-72.91547874">
        <time>2026-09-07T14:44:37+00:00Z</time>
      </trkpt>
      <trkpt lat="41.32685549" lon="-72.91548846">
        <time>2026-09-07T14:44:38+00:00Z</time>
      </trkpt>
      <trkpt lat="41.32682992" lon="-72.91550028">
        <time>2026-09-07T14:44:39+00:00Z</time>
      </trkpt>
      <trkpt lat="41.32680603" lon="-72.91550900">
        <time>2026-09-07T14:44:40+00:00Z</time>
      </trkpt>
      <trkpt lat="41.32678516" lon="-72.91552082">
        <time>2026-09-07T14:44:41+00:00Z</time>
      </trkpt>
      <trkpt lat="41.32676194" lon="-72.91553532">
        <time>2026-09-07T14:44:42+00:00Z</time>
      </trkpt>
      <trkpt lat="41.32674334" lon="-72.91554672">
        <time>2026-09-07T14:44:43+00:00Z</time>
      </trkpt>
      <trkpt lat="41.32672171" lon="-72.91555971">
        <time>2026-09-07T14:44:44+00:00Z</time>
      </trkpt>
      <trkpt lat="41.32670386" lon="-72.91556155">
        <time>2026-09-07T14:44:45+00:00Z</time>
      </trkpt>
      <trkpt lat="41.32667913" lon="-72.91557597">
        <time>2026-09-07T14:44:46+00:00Z</time>
      </trkpt>
      <trkpt lat="41.32666379" lon="-72.91558075">
        <time>2026-09-07T14:44:47+00:00Z</time>
      </trkpt>
      <trkpt lat="41.32664099" lon="-72.91559064">
        <time>2026-09-07T14:44:48+00:00Z</time>
      </trkpt>
      <trkpt lat="41.32662230" lon="-72.91559827">
        <time>2026-09-07T14:44:49+00:00Z</time>
      </trkpt>
      <trkpt lat="41.32659682" lon="-72.91560925">
        <time>2026-09-07T14:44:50+00:00Z</time>
      </trkpt>
      <trkpt lat="41.32657352" lon="-72.91561821">
        <time>2026-09-07T14:44:51+00:00Z</time>
      </trkpt>
      <trkpt lat="41.32654871" lon="-72.91562551">
        <time>2026-09-07T14:44:52+00:00Z</time>
      </trkpt>
      <trkpt lat="41.32652340" lon="-72.91564043">
        <time>2026-09-07T14:44:53+00:00Z</time>
      </trkpt>
      <trkpt lat="41.32650445" lon="-72.91565157">
        <time>2026-09-07T14:44:54+00:00Z</time>
      </trkpt>
      <trkpt lat="41.32647738" lon="-72.91566515">
        <time>2026-09-07T14:44:55+00:00Z</time>
      </trkpt>
      <trkpt lat="41.32646011" lon="-72.91567144">
        <time>2026-09-07T14:44:56+00:00Z</time>
      </trkpt>
      <trkpt lat="41.32643513" lon="-72.91568284">
        <time>2026-09-07T14:44:57+00:00Z</time>
      </trkpt>
      <trkpt lat="41.32641745" lon="-72.91569122">
        <time>2026-09-07T14:44:58+00:00Z</time>
      </trkpt>
      <trkpt lat="41.32639398" lon="-72.91570371">
        <time>2026-09-07T14:44:59+00:00Z</time>
      </trkpt>
      <trkpt lat="41.32637252" lon="-72.91571679">
        <time>2026-09-07T14:45:00+00:00Z</time>
      </trkpt>
      <trkpt lat="41.32635467" lon="-72.91572148">
        <time>2026-09-07T14:45:01+00:00Z</time>
      </trkpt>
      <trkpt lat="41.32632575" lon="-72.91573657">
        <time>2026-09-07T14:45:02+00:00Z</time>
      </trkpt>
      <trkpt lat="41.32630832" lon="-72.91574369">
        <time>2026-09-07T14:45:03+00:00Z</time>
      </trkpt>
      <trkpt lat="41.32628242" lon="-72.91576163">
        <time>2026-09-07T14:45:04+00:00Z</time>
      </trkpt>
      <trkpt lat="41.32626129" lon="-72.91576951">
        <time>2026-09-07T14:45:05+00:00Z</time>
      </trkpt>
      <trkpt lat="41.32623833" lon="-72.91578703">
        <time>2026-09-07T14:45:06+00:00Z</time>
      </trkpt>
      <trkpt lat="41.32622031" lon="-72.91579767">
        <time>2026-09-07T14:45:07+00:00Z</time>
      </trkpt>
      <trkpt lat="41.32619633" lon="-72.91580806">
        <time>2026-09-07T14:45:08+00:00Z</time>
      </trkpt>
      <trkpt lat="41.32617094" lon="-72.91581594">
        <time>2026-09-07T14:45:09+00:00Z</time>
      </trkpt>
      <trkpt lat="41.32614856" lon="-72.91582181">
        <time>2026-09-07T14:45:10+00:00Z</time>
      </trkpt>
      <trkpt lat="41.32612425" lon="-72.91583648">
        <time>2026-09-07T14:45:11+00:00Z</time>
      </trkpt>
      <trkpt lat="41.32610698" lon="-72.91583891">
        <time>2026-09-07T14:45:12+00:00Z</time>
      </trkpt>
      <trkpt lat="41.32608083" lon="-72.91585375">
        <time>2026-09-07T14:45:13+00:00Z</time>
      </trkpt>
      <trkpt lat="41.32606021" lon="-72.91586221">
        <time>2026-09-07T14:45:14+00:00Z</time>
      </trkpt>
      <trkpt lat="41.32603431" lon="-72.91587789">
        <time>2026-09-07T14:45:15+00:00Z</time>
      </trkpt>
      <trkpt lat="41.32601403" lon="-72.91588476">
        <time>2026-09-07T14:45:16+00:00Z</time>
      </trkpt>
      <trkpt lat="41.32599316" lon="-72.91589725">
        <time>2026-09-07T14:45:17+00:00Z</time>
      </trkpt>
      <trkpt lat="41.32597363" lon="-72.91590597">
        <time>2026-09-07T14:45:18+00:00Z</time>
      </trkpt>
      <trkpt lat="41.32595384" lon="-72.91591845">
        <time>2026-09-07T14:45:19+00:00Z</time>
      </trkpt>
      <trkpt lat="41.32593331" lon="-72.91592818">
        <time>2026-09-07T14:45:20+00:00Z</time>
      </trkpt>
      <trkpt lat="41.32591344" lon="-72.91593723">
        <time>2026-09-07T14:45:21+00:00Z</time>
      </trkpt>
      <trkpt lat="41.32588805" lon="-72.91595249">
        <time>2026-09-07T14:45:22+00:00Z</time>
      </trkpt>
      <trkpt lat="41.32586533" lon="-72.91596556">
        <time>2026-09-07T14:45:23+00:00Z</time>
      </trkpt>
      <trkpt lat="41.32584572" lon="-72.91597662">
        <time>2026-09-07T14:45:24+00:00Z</time>
      </trkpt>
      <trkpt lat="41.32582041" lon="-72.91598434">
        <time>2026-09-07T14:45:25+00:00Z</time>
      </trkpt>
      <trkpt lat="41.32579979" lon="-72.91599372">
        <time>2026-09-07T14:45:26+00:00Z</time>
      </trkpt>
      <trkpt lat="41.32577782" lon="-72.91600211">
        <time>2026-09-07T14:45:27+00:00Z</time>
      </trkpt>
      <trkpt lat="41.32575821" lon="-72.91601024">
        <time>2026-09-07T14:45:28+00:00Z</time>
      </trkpt>
      <trkpt lat="41.32573340" lon="-72.91602105">
        <time>2026-09-07T14:45:29+00:00Z</time>
      </trkpt>
      <trkpt lat="41.32571949" lon="-72.91602532">
        <time>2026-09-07T14:45:30+00:00Z</time>
      </trkpt>
      <trkpt lat="41.32569384" lon="-72.91604142">
        <time>2026-09-07T14:45:31+00:00Z</time>
      </trkpt>
      <trkpt lat="41.32567582" lon="-72.91604779">
        <time>2026-09-07T14:45:32+00:00Z</time>
      </trkpt>
      <trkpt lat="41.32564874" lon="-72.91606380">
        <time>2026-09-07T14:45:33+00:00Z</time>
      </trkpt>
      <trkpt lat="41.32563156" lon="-72.91607218">
        <time>2026-09-07T14:45:34+00:00Z</time>
      </trkpt>
      <trkpt lat="41.32560784" lon="-72.91608609">
        <time>2026-09-07T14:45:35+00:00Z</time>
      </trkpt>
      <trkpt lat="41.32558932" lon="-72.91609565">
        <time>2026-09-07T14:45:36+00:00Z</time>
      </trkpt>
      <trkpt lat="41.32556518" lon="-72.91610998">
        <time>2026-09-07T14:45:37+00:00Z</time>
      </trkpt>
      <trkpt lat="41.32554900" lon="-72.91611962">
        <time>2026-09-07T14:45:38+00:00Z</time>
      </trkpt>
      <trkpt lat="41.32552788" lon="-72.91612943">
        <time>2026-09-07T14:45:39+00:00Z</time>
      </trkpt>
      <trkpt lat="41.32550784" lon="-72.91614024">
        <time>2026-09-07T14:45:40+00:00Z</time>
      </trkpt>
      <trkpt lat="41.32548789" lon="-72.91615248">
        <time>2026-09-07T14:45:41+00:00Z</time>
      </trkpt>
      <trkpt lat="41.32546392" lon="-72.91616480">
        <time>2026-09-07T14:45:42+00:00Z</time>
      </trkpt>
      <trkpt lat="41.32544456" lon="-72.91617016">
        <time>2026-09-07T14:45:43+00:00Z</time>
      </trkpt>
      <trkpt lat="41.32541573" lon="-72.91618550">
        <time>2026-09-07T14:45:44+00:00Z</time>
      </trkpt>
      <trkpt lat="41.32539863" lon="-72.91619238">
        <time>2026-09-07T14:45:45+00:00Z</time>
      </trkpt>
      <trkpt lat="41.32537130" lon="-72.91621325">
        <time>2026-09-07T14:45:46+00:00Z</time>
      </trkpt>
      <trkpt lat="41.32535647" lon="-72.91622347">
        <time>2026-09-07T14:45:47+00:00Z</time>
      </trkpt>
      <trkpt lat="41.32532881" lon="-72.91623990">
        <time>2026-09-07T14:45:48+00:00Z</time>
      </trkpt>
      <trkpt lat="41.32531129" lon="-72.91624418">
        <time>2026-09-07T14:45:49+00:00Z</time>
      </trkpt>
      <trkpt lat="41.32528421" lon="-72.91626052">
        <time>2026-09-07T14:45:50+00:00Z</time>
      </trkpt>
      <trkpt lat="41.32526561" lon="-72.91626253">
        <time>2026-09-07T14:45:51+00:00Z</time>
      </trkpt>
      <trkpt lat="41.32523954" lon="-72.91626982">
        <time>2026-09-07T14:45:52+00:00Z</time>
      </trkpt>
      <trkpt lat="41.32521917" lon="-72.91627318">
        <time>2026-09-07T14:45:53+00:00Z</time>
      </trkpt>
      <trkpt lat="41.32519612" lon="-72.91628449">
        <time>2026-09-07T14:45:54+00:00Z</time>
      </trkpt>
      <trkpt lat="41.32517190" lon="-72.91629413">
        <time>2026-09-07T14:45:55+00:00Z</time>
      </trkpt>
      <trkpt lat="41.32515161" lon="-72.91630427">
        <time>2026-09-07T14:45:56+00:00Z</time>
      </trkpt>
      <trkpt lat="41.32512756" lon="-72.91631693">
        <time>2026-09-07T14:45:57+00:00Z</time>
      </trkpt>
      <trkpt lat="41.32511155" lon="-72.91632347">
        <time>2026-09-07T14:45:58+00:00Z</time>
      </trkpt>
      <trkpt lat="41.32508355" lon="-72.91633973">
        <time>2026-09-07T14:45:59+00:00Z</time>
      </trkpt>
      <trkpt lat="41.32506737" lon="-72.91634400">
        <time>2026-09-07T14:46:00+00:00Z</time>
      </trkpt>
      <trkpt lat="41.32503913" lon="-72.91635708">
        <time>2026-09-07T14:46:01+00:00Z</time>
      </trkpt>
      <trkpt lat="41.32502111" lon="-72.91636219">
        <time>2026-09-07T14:46:02+00:00Z</time>
      </trkpt>
      <trkpt lat="41.32499512" lon="-72.91637912">
        <time>2026-09-07T14:46:03+00:00Z</time>
      </trkpt>
      <trkpt lat="41.32497777" lon="-72.91638256">
        <time>2026-09-07T14:46:04+00:00Z</time>
      </trkpt>
      <trkpt lat="41.32495489" lon="-72.91639547">
        <time>2026-09-07T14:46:05+00:00Z</time>
      </trkpt>
      <trkpt lat="41.32493326" lon="-72.91640293">
        <time>2026-09-07T14:46:06+00:00Z</time>
      </trkpt>
      <trkpt lat="41.32490837" lon="-72.91641483">
        <time>2026-09-07T14:46:07+00:00Z</time>
      </trkpt>
      <trkpt lat="41.32488792" lon="-72.91642556">
        <time>2026-09-07T14:46:08+00:00Z</time>
      </trkpt>
      <trkpt lat="41.32486478" lon="-72.91643185">
        <time>2026-09-07T14:46:09+00:00Z</time>
      </trkpt>
      <trkpt lat="41.32483905" lon="-72.91644643">
        <time>2026-09-07T14:46:10+00:00Z</time>
      </trkpt>
      <trkpt lat="41.32482287" lon="-72.91645180">
        <time>2026-09-07T14:46:11+00:00Z</time>
      </trkpt>
      <trkpt lat="41.32479446" lon="-72.91646915">
        <time>2026-09-07T14:46:12+00:00Z</time>
      </trkpt>
      <trkpt lat="41.32477476" lon="-72.91647652">
        <time>2026-09-07T14:46:13+00:00Z</time>
      </trkpt>
      <trkpt lat="41.32474819" lon="-72.91648884">
        <time>2026-09-07T14:46:14+00:00Z</time>
      </trkpt>
      <trkpt lat="41.32472640" lon="-72.91649546">
        <time>2026-09-07T14:46:15+00:00Z</time>
      </trkpt>
      <trkpt lat="41.32470033" lon="-72.91650812">
        <time>2026-09-07T14:46:16+00:00Z</time>
      </trkpt>
      <trkpt lat="41.32467686" lon="-72.91651675">
        <time>2026-09-07T14:46:17+00:00Z</time>
      </trkpt>
      <trkpt lat="41.32465197" lon="-72.91652732">
        <time>2026-09-07T14:46:18+00:00Z</time>
      </trkpt>
      <trkpt lat="41.32462523" lon="-72.91653754">
        <time>2026-09-07T14:46:19+00:00Z</time>
      </trkpt>
      <trkpt lat="41.32460436" lon="-72.91654517">
        <time>2026-09-07T14:46:20+00:00Z</time>
      </trkpt>
      <trkpt lat="41.32457569" lon="-72.91655892">
        <time>2026-09-07T14:46:21+00:00Z</time>
      </trkpt>
      <trkpt lat="41.32456052" lon="-72.91656487">
        <time>2026-09-07T14:46:22+00:00Z</time>
      </trkpt>
      <trkpt lat="41.32453437" lon="-72.91658088">
        <time>2026-09-07T14:46:23+00:00Z</time>
      </trkpt>
      <trkpt lat="41.32451735" lon="-72.91658800">
        <time>2026-09-07T14:46:24+00:00Z</time>
      </trkpt>
      <trkpt lat="41.32449095" lon="-72.91660275">
        <time>2026-09-07T14:46:25+00:00Z</time>
      </trkpt>
      <trkpt lat="41.32447100" lon="-72.91660745">
        <time>2026-09-07T14:46:26+00:00Z</time>
      </trkpt>
      <trkpt lat="41.32444887" lon="-72.91661751">
        <time>2026-09-07T14:46:27+00:00Z</time>
      </trkpt>
      <trkpt lat="41.32442867" lon="-72.91662622">
        <time>2026-09-07T14:46:28+00:00Z</time>
      </trkpt>
      <trkpt lat="41.32440805" lon="-72.91663544">
        <time>2026-09-07T14:46:29+00:00Z</time>
      </trkpt>
      <trkpt lat="41.32438425" lon="-72.91664483">
        <time>2026-09-07T14:46:30+00:00Z</time>
      </trkpt>
      <trkpt lat="41.32436430" lon="-72.91665137">
        <time>2026-09-07T14:46:31+00:00Z</time>
      </trkpt>
      <trkpt lat="41.32433924" lon="-72.91666310">
        <time>2026-09-07T14:46:32+00:00Z</time>
      </trkpt>
      <trkpt lat="41.32431887" lon="-72.91666570">
        <time>2026-09-07T14:46:33+00:00Z</time>
      </trkpt>
      <trkpt lat="41.32429096" lon="-72.91668272">
        <time>2026-09-07T14:46:34+00:00Z</time>
      </trkpt>
      <trkpt lat="41.32426866" lon="-72.91668884">
        <time>2026-09-07T14:46:35+00:00Z</time>
      </trkpt>
      <trkpt lat="41.32424385" lon="-72.91669873">
        <time>2026-09-07T14:46:36+00:00Z</time>
      </trkpt>
      <trkpt lat="41.32422323" lon="-72.91670904">
        <time>2026-09-07T14:46:37+00:00Z</time>
      </trkpt>
      <trkpt lat="41.32420094" lon="-72.91671968">
        <time>2026-09-07T14:46:38+00:00Z</time>
      </trkpt>
      <trkpt lat="41.32417629" lon="-72.91673510">
        <time>2026-09-07T14:46:39+00:00Z</time>
      </trkpt>
      <trkpt lat="41.32415450" lon="-72.91674751">
        <time>2026-09-07T14:46:40+00:00Z</time>
      </trkpt>
      <trkpt lat="41.32412902" lon="-72.91676075">
        <time>2026-09-07T14:46:41+00:00Z</time>
      </trkpt>
      <trkpt lat="41.32411050" lon="-72.91677131">
        <time>2026-09-07T14:46:42+00:00Z</time>
      </trkpt>
      <trkpt lat="41.32408577" lon="-72.91678347">
        <time>2026-09-07T14:46:43+00:00Z</time>
      </trkpt>
      <trkpt lat="41.32406859" lon="-72.91678816">
        <time>2026-09-07T14:46:44+00:00Z</time>
      </trkpt>
      <trkpt lat="41.32404671" lon="-72.91679998">
        <time>2026-09-07T14:46:45+00:00Z</time>
      </trkpt>
      <trkpt lat="41.32402919" lon="-72.91680845">
        <time>2026-09-07T14:46:46+00:00Z</time>
      </trkpt>
      <trkpt lat="41.32400966" lon="-72.91682144">
        <time>2026-09-07T14:46:47+00:00Z</time>
      </trkpt>
      <trkpt lat="41.32398988" lon="-72.91683158">
        <time>2026-09-07T14:46:48+00:00Z</time>
      </trkpt>
      <trkpt lat="41.32396893" lon="-72.91684055">
        <time>2026-09-07T14:46:49+00:00Z</time>
      </trkpt>
      <trkpt lat="41.32394864" lon="-72.91685119">
        <time>2026-09-07T14:46:50+00:00Z</time>
      </trkpt>
      <trkpt lat="41.32392651" lon="-72.91686335">
        <time>2026-09-07T14:46:51+00:00Z</time>
      </trkpt>
      <trkpt lat="41.32390028" lon="-72.91687693">
        <time>2026-09-07T14:46:52+00:00Z</time>
      </trkpt>
      <trkpt lat="41.32388142" lon="-72.91688774">
        <time>2026-09-07T14:46:53+00:00Z</time>
      </trkpt>
      <trkpt lat="41.32385544" lon="-72.91689704">
        <time>2026-09-07T14:46:54+00:00Z</time>
      </trkpt>
      <trkpt lat="41.32383549" lon="-72.91690056">
        <time>2026-09-07T14:46:55+00:00Z</time>
      </trkpt>
      <trkpt lat="41.32381068" lon="-72.91691272">
        <time>2026-09-07T14:46:56+00:00Z</time>
      </trkpt>
      <trkpt lat="41.32378955" lon="-72.91691858">
        <time>2026-09-07T14:46:57+00:00Z</time>
      </trkpt>
      <trkpt lat="41.32376240" lon="-72.91692831">
        <time>2026-09-07T14:46:58+00:00Z</time>
      </trkpt>
      <trkpt lat="41.32373951" lon="-72.91693367">
        <time>2026-09-07T14:46:59+00:00Z</time>
      </trkpt>
      <trkpt lat="41.32371529" lon="-72.91694297">
        <time>2026-09-07T14:47:00+00:00Z</time>
      </trkpt>
      <trkpt lat="41.32369484" lon="-72.91694826">
        <time>2026-09-07T14:47:01+00:00Z</time>
      </trkpt>
      <trkpt lat="41.32368520" lon="-72.91696100">
        <time>2026-09-07T14:47:02+00:00Z</time>
      </trkpt>
      <trkpt lat="41.32366978" lon="-72.91697348">
        <time>2026-09-07T14:47:03+00:00Z</time>
      </trkpt>
      <trkpt lat="41.32365259" lon="-72.91698178">
        <time>2026-09-07T14:47:04+00:00Z</time>
      </trkpt>
      <trkpt lat="41.32363306" lon="-72.91698908">
        <time>2026-09-07T14:47:05+00:00Z</time>
      </trkpt>
      <trkpt lat="41.32361831" lon="-72.91699427">
        <time>2026-09-07T14:47:06+00:00Z</time>
      </trkpt>
      <trkpt lat="41.32360733" lon="-72.91700047">
        <time>2026-09-07T14:47:07+00:00Z</time>
      </trkpt>
      <trkpt lat="41.32359618" lon="-72.91700534">
        <time>2026-09-07T14:47:08+00:00Z</time>
      </trkpt>
      <trkpt lat="41.32358520" lon="-72.91700986">
        <time>2026-09-07T14:47:09+00:00Z</time>
      </trkpt>
      <trkpt lat="41.32357489" lon="-72.91701514">
        <time>2026-09-07T14:47:10+00:00Z</time>
      </trkpt>
      <trkpt lat="41.32356517" lon="-72.91702017">
        <time>2026-09-07T14:47:11+00:00Z</time>
      </trkpt>
      <trkpt lat="41.32355360" lon="-72.91702445">
        <time>2026-09-07T14:47:12+00:00Z</time>
      </trkpt>
      <trkpt lat="41.32354271" lon="-72.91702881">
        <time>2026-09-07T14:47:13+00:00Z</time>
      </trkpt>
      <trkpt lat="41.32353164" lon="-72.91703576">
        <time>2026-09-07T14:47:14+00:00Z</time>
      </trkpt>
      <trkpt lat="41.32352293" lon="-72.91704515">
        <time>2026-09-07T14:47:15+00:00Z</time>
      </trkpt>
      <trkpt lat="41.32350993" lon="-72.91705772">
        <time>2026-09-07T14:47:16+00:00Z</time>
      </trkpt>
      <trkpt lat="41.32350180" lon="-72.91706468">
        <time>2026-09-07T14:47:17+00:00Z</time>
      </trkpt>
      <trkpt lat="41.32348873" lon="-72.91707641">
        <time>2026-09-07T14:47:18+00:00Z</time>
      </trkpt>
      <trkpt lat="41.32347892" lon="-72.91708346">
        <time>2026-09-07T14:47:19+00:00Z</time>
      </trkpt>
      <trkpt lat="41.32346660" lon="-72.91709368">
        <time>2026-09-07T14:47:20+00:00Z</time>
      </trkpt>
      <trkpt lat="41.32345579" lon="-72.91710240">
        <time>2026-09-07T14:47:21+00:00Z</time>
      </trkpt>
      <trkpt lat="41.32344380" lon="-72.91711086">
        <time>2026-09-07T14:47:22+00:00Z</time>
      </trkpt>
      <trkpt lat="41.32343064" lon="-72.91711992">
        <time>2026-09-07T14:47:23+00:00Z</time>
      </trkpt>
      <trkpt lat="41.32341513" lon="-72.91712964">
        <time>2026-09-07T14:47:24+00:00Z</time>
      </trkpt>
      <trkpt lat="41.32339929" lon="-72.91713735">
        <time>2026-09-07T14:47:25+00:00Z</time>
      </trkpt>
      <trkpt lat="41.32337926" lon="-72.91714590">
        <time>2026-09-07T14:47:26+00:00Z</time>
      </trkpt>
      <trkpt lat="41.32335797" lon="-72.91715428">
        <time>2026-09-07T14:47:27+00:00Z</time>
      </trkpt>
      <trkpt lat="41.32333911" lon="-72.91715219">
        <time>2026-09-07T14:47:28+00:00Z</time>
      </trkpt>
      <trkpt lat="41.32331807" lon="-72.91716367">
        <time>2026-09-07T14:47:29+00:00Z</time>
      </trkpt>
      <trkpt lat="41.32330013" lon="-72.91716820">
        <time>2026-09-07T14:47:30+00:00Z</time>
      </trkpt>
      <trkpt lat="41.32327926" lon="-72.91717909">
        <time>2026-09-07T14:47:31+00:00Z</time>
      </trkpt>
      <trkpt lat="41.32325990" lon="-72.91718630">
        <time>2026-09-07T14:47:32+00:00Z</time>
      </trkpt>
      <trkpt lat="41.32323652" lon="-72.91719108">
        <time>2026-09-07T14:47:33+00:00Z</time>
      </trkpt>
      <trkpt lat="41.32321028" lon="-72.91720164">
        <time>2026-09-07T14:47:34+00:00Z</time>
      </trkpt>
      <trkpt lat="41.32319343" lon="-72.91720776">
        <time>2026-09-07T14:47:35+00:00Z</time>
      </trkpt>
      <trkpt lat="41.32316720" lon="-72.91721899">
        <time>2026-09-07T14:47:36+00:00Z</time>
      </trkpt>
      <trkpt lat="41.32314758" lon="-72.91722838">
        <time>2026-09-07T14:47:37+00:00Z</time>
      </trkpt>
      <trkpt lat="41.32312680" lon="-72.91724196">
        <time>2026-09-07T14:47:38+00:00Z</time>
      </trkpt>
      <trkpt lat="41.32310417" lon="-72.91725528">
        <time>2026-09-07T14:47:39+00:00Z</time>
      </trkpt>
      <trkpt lat="41.32308614" lon="-72.91726283">
        <time>2026-09-07T14:47:40+00:00Z</time>
      </trkpt>
      <trkpt lat="41.32306536" lon="-72.91727934">
        <time>2026-09-07T14:47:41+00:00Z</time>
      </trkpt>
      <trkpt lat="41.32304893" lon="-72.91728965">
        <time>2026-09-07T14:47:42+00:00Z</time>
      </trkpt>
      <trkpt lat="41.32302655" lon="-72.91730440">
        <time>2026-09-07T14:47:43+00:00Z</time>
      </trkpt>
      <trkpt lat="41.32301029" lon="-72.91731630">
        <time>2026-09-07T14:47:44+00:00Z</time>
      </trkpt>
      <trkpt lat="41.32298841" lon="-72.91733072">
        <time>2026-09-07T14:47:45+00:00Z</time>
      </trkpt>
      <trkpt lat="41.32296863" lon="-72.91734346">
        <time>2026-09-07T14:47:46+00:00Z</time>
      </trkpt>
      <trkpt lat="41.32294751" lon="-72.91735654">
        <time>2026-09-07T14:47:47+00:00Z</time>
      </trkpt>
      <trkpt lat="41.32292320" lon="-72.91737255">
        <time>2026-09-07T14:47:48+00:00Z</time>
      </trkpt>
      <trkpt lat="41.32290484" lon="-72.91738143">
        <time>2026-09-07T14:47:49+00:00Z</time>
      </trkpt>
      <trkpt lat="41.32287861" lon="-72.91739836">
        <time>2026-09-07T14:47:50+00:00Z</time>
      </trkpt>
      <trkpt lat="41.32286017" lon="-72.91740901">
        <time>2026-09-07T14:47:51+00:00Z</time>
      </trkpt>
      <trkpt lat="41.32284005" lon="-72.91742560">
        <time>2026-09-07T14:47:52+00:00Z</time>
      </trkpt>
      <trkpt lat="41.32282186" lon="-72.91743885">
        <time>2026-09-07T14:47:53+00:00Z</time>
      </trkpt>
      <trkpt lat="41.32280594" lon="-72.91744874">
        <time>2026-09-07T14:47:54+00:00Z</time>
      </trkpt>
      <trkpt lat="41.32278448" lon="-72.91746056">
        <time>2026-09-07T14:47:55+00:00Z</time>
      </trkpt>
      <trkpt lat="41.32276855" lon="-72.91746508">
        <time>2026-09-07T14:47:56+00:00Z</time>
      </trkpt>
      <trkpt lat="41.32274291" lon="-72.91747833">
        <time>2026-09-07T14:47:57+00:00Z</time>
      </trkpt>
      <trkpt lat="41.32272597" lon="-72.91748461">
        <time>2026-09-07T14:47:58+00:00Z</time>
      </trkpt>
      <trkpt lat="41.32270401" lon="-72.91749811">
        <time>2026-09-07T14:47:59+00:00Z</time>
      </trkpt>
      <trkpt lat="41.32268582" lon="-72.91750867">
        <time>2026-09-07T14:48:00+00:00Z</time>
      </trkpt>
      <trkpt lat="41.32266479" lon="-72.91751839">
        <time>2026-09-07T14:48:01+00:00Z</time>
      </trkpt>
      <trkpt lat="41.32264199" lon="-72.91753189">
        <time>2026-09-07T14:48:02+00:00Z</time>
      </trkpt>
      <trkpt lat="41.32262355" lon="-72.91754094">
        <time>2026-09-07T14:48:03+00:00Z</time>
      </trkpt>
      <trkpt lat="41.32259689" lon="-72.91755276">
        <time>2026-09-07T14:48:04+00:00Z</time>
      </trkpt>
      <trkpt lat="41.32257577" lon="-72.91755728">
        <time>2026-09-07T14:48:05+00:00Z</time>
      </trkpt>
      <trkpt lat="41.32255046" lon="-72.91756977">
        <time>2026-09-07T14:48:06+00:00Z</time>
      </trkpt>
      <trkpt lat="41.32252690" lon="-72.91757572">
        <time>2026-09-07T14:48:07+00:00Z</time>
      </trkpt>
      <trkpt lat="41.32250478" lon="-72.91758654">
        <time>2026-09-07T14:48:08+00:00Z</time>
      </trkpt>
      <trkpt lat="41.32248064" lon="-72.91759727">
        <time>2026-09-07T14:48:09+00:00Z</time>
      </trkpt>
      <trkpt lat="41.32245968" lon="-72.91761001">
        <time>2026-09-07T14:48:10+00:00Z</time>
      </trkpt>
      <trkpt lat="41.32243403" lon="-72.91762677">
        <time>2026-09-07T14:48:11+00:00Z</time>
      </trkpt>
      <trkpt lat="41.32241174" lon="-72.91763222">
        <time>2026-09-07T14:48:12+00:00Z</time>
      </trkpt>
      <trkpt lat="41.32238718" lon="-72.91764328">
        <time>2026-09-07T14:48:13+00:00Z</time>
      </trkpt>
      <trkpt lat="41.32236606" lon="-72.91765435">
        <time>2026-09-07T14:48:14+00:00Z</time>
      </trkpt>
      <trkpt lat="41.32234996" lon="-72.91766189">
        <time>2026-09-07T14:48:15+00:00Z</time>
      </trkpt>
      <trkpt lat="41.32232733" lon="-72.91767044">
        <time>2026-09-07T14:48:16+00:00Z</time>
      </trkpt>
      <trkpt lat="41.32231174" lon="-72.91767647">
        <time>2026-09-07T14:48:17+00:00Z</time>
      </trkpt>
      <trkpt lat="41.32229003" lon="-72.91768704">
        <time>2026-09-07T14:48:18+00:00Z</time>
      </trkpt>
      <trkpt lat="41.32226933" lon="-72.91769626">
        <time>2026-09-07T14:48:19+00:00Z</time>
      </trkpt>
      <trkpt lat="41.32224712" lon="-72.91771017">
        <time>2026-09-07T14:48:20+00:00Z</time>
      </trkpt>
      <trkpt lat="41.32222784" lon="-72.91771788">
        <time>2026-09-07T14:48:21+00:00Z</time>
      </trkpt>
      <trkpt lat="41.32220655" lon="-72.91772936">
        <time>2026-09-07T14:48:22+00:00Z</time>
      </trkpt>
      <trkpt lat="41.32218543" lon="-72.91774160">
        <time>2026-09-07T14:48:23+00:00Z</time>
      </trkpt>
      <trkpt lat="41.32216615" lon="-72.91774973">
        <time>2026-09-07T14:48:24+00:00Z</time>
      </trkpt>
      <trkpt lat="41.32214092" lon="-72.91776549">
        <time>2026-09-07T14:48:25+00:00Z</time>
      </trkpt>
      <trkpt lat="41.32212005" lon="-72.91777723">
        <time>2026-09-07T14:48:26+00:00Z</time>
      </trkpt>
      <trkpt lat="41.32209482" lon="-72.91779055">
        <time>2026-09-07T14:48:27+00:00Z</time>
      </trkpt>
      <trkpt lat="41.32207680" lon="-72.91779726">
        <time>2026-09-07T14:48:28+00:00Z</time>
      </trkpt>
      <trkpt lat="41.32205182" lon="-72.91780757">
        <time>2026-09-07T14:48:29+00:00Z</time>
      </trkpt>
      <trkpt lat="41.32202994" lon="-72.91781746">
        <time>2026-09-07T14:48:30+00:00Z</time>
      </trkpt>
      <trkpt lat="41.32201108" lon="-72.91782618">
        <time>2026-09-07T14:48:31+00:00Z</time>
      </trkpt>
      <trkpt lat="41.32198552" lon="-72.91784185">
        <time>2026-09-07T14:48:32+00:00Z</time>
      </trkpt>
      <trkpt lat="41.32196791" lon="-72.91785057">
        <time>2026-09-07T14:48:33+00:00Z</time>
      </trkpt>
      <trkpt lat="41.32194252" lon="-72.91786809">
        <time>2026-09-07T14:48:34+00:00Z</time>
      </trkpt>
      <trkpt lat="41.32192559" lon="-72.91787638">
        <time>2026-09-07T14:48:35+00:00Z</time>
      </trkpt>
      <trkpt lat="41.32190279" lon="-72.91789055">
        <time>2026-09-07T14:48:36+00:00Z</time>
      </trkpt>
      <trkpt lat="41.32188074" lon="-72.91790186">
        <time>2026-09-07T14:48:37+00:00Z</time>
      </trkpt>
      <trkpt lat="41.32186423" lon="-72.91790849">
        <time>2026-09-07T14:48:38+00:00Z</time>
      </trkpt>
      <trkpt lat="41.32183816" lon="-72.91792081">
        <time>2026-09-07T14:48:39+00:00Z</time>
      </trkpt>
      <trkpt lat="41.32182006" lon="-72.91792206">
        <time>2026-09-07T14:48:40+00:00Z</time>
      </trkpt>
      <trkpt lat="41.32179416" lon="-72.91793489">
        <time>2026-09-07T14:48:41+00:00Z</time>
      </trkpt>
      <trkpt lat="41.32176750" lon="-72.91794411">
        <time>2026-09-07T14:48:42+00:00Z</time>
      </trkpt>
      <trkpt lat="41.32174789" lon="-72.91795475">
        <time>2026-09-07T14:48:43+00:00Z</time>
      </trkpt>
      <trkpt lat="41.32171939" lon="-72.91797630">
        <time>2026-09-07T14:48:44+00:00Z</time>
      </trkpt>
      <trkpt lat="41.32170171" lon="-72.91798359">
        <time>2026-09-07T14:48:45+00:00Z</time>
      </trkpt>
      <trkpt lat="41.32167991" lon="-72.91799490">
        <time>2026-09-07T14:48:46+00:00Z</time>
      </trkpt>
      <trkpt lat="41.32166147" lon="-72.91800261">
        <time>2026-09-07T14:48:47+00:00Z</time>
      </trkpt>
      <trkpt lat="41.32163784" lon="-72.91800982">
        <time>2026-09-07T14:48:48+00:00Z</time>
      </trkpt>
      <trkpt lat="41.32161378" lon="-72.91802173">
        <time>2026-09-07T14:48:49+00:00Z</time>
      </trkpt>
      <trkpt lat="41.32159676" lon="-72.91802793">
        <time>2026-09-07T14:48:50+00:00Z</time>
      </trkpt>
      <trkpt lat="41.32157003" lon="-72.91804369">
        <time>2026-09-07T14:48:51+00:00Z</time>
      </trkpt>
      <trkpt lat="41.32155494" lon="-72.91804553">
        <time>2026-09-07T14:48:52+00:00Z</time>
      </trkpt>
      <trkpt lat="41.32152694" lon="-72.91805902">
        <time>2026-09-07T14:48:53+00:00Z</time>
      </trkpt>
      <trkpt lat="41.32150875" lon="-72.91806330">
        <time>2026-09-07T14:48:54+00:00Z</time>
      </trkpt>
      <trkpt lat="41.32148453" lon="-72.91807713">
        <time>2026-09-07T14:48:55+00:00Z</time>
      </trkpt>
      <trkpt lat="41.32146467" lon="-72.91808652">
        <time>2026-09-07T14:48:56+00:00Z</time>
      </trkpt>
      <trkpt lat="41.32144053" lon="-72.91809398">
        <time>2026-09-07T14:48:57+00:00Z</time>
      </trkpt>
      <trkpt lat="41.32141546" lon="-72.91810588">
        <time>2026-09-07T14:48:58+00:00Z</time>
      </trkpt>
      <trkpt lat="41.32139845" lon="-72.91811057">
        <time>2026-09-07T14:48:59+00:00Z</time>
      </trkpt>
      <trkpt lat="41.32137045" lon="-72.91812667">
        <time>2026-09-07T14:49:00+00:00Z</time>
      </trkpt>
      <trkpt lat="41.32135428" lon="-72.91813019">
        <time>2026-09-07T14:49:01+00:00Z</time>
      </trkpt>
      <trkpt lat="41.32132729" lon="-72.91814511">
        <time>2026-09-07T14:49:02+00:00Z</time>
      </trkpt>
      <trkpt lat="41.32130625" lon="-72.91815190">
        <time>2026-09-07T14:49:03+00:00Z</time>
      </trkpt>
      <trkpt lat="41.32128471" lon="-72.91815684">
        <time>2026-09-07T14:49:04+00:00Z</time>
      </trkpt>
      <trkpt lat="41.32126207" lon="-72.91816640">
        <time>2026-09-07T14:49:05+00:00Z</time>
      </trkpt>
      <trkpt lat="41.32124607" lon="-72.91817126">
        <time>2026-09-07T14:49:06+00:00Z</time>
      </trkpt>
      <trkpt lat="41.32121975" lon="-72.91818886">
        <time>2026-09-07T14:49:07+00:00Z</time>
      </trkpt>
      <trkpt lat="41.32120742" lon="-72.91819238">
        <time>2026-09-07T14:49:08+00:00Z</time>
      </trkpt>
      <trkpt lat="41.32117826" lon="-72.91820931">
        <time>2026-09-07T14:49:09+00:00Z</time>
      </trkpt>
      <trkpt lat="41.32115705" lon="-72.91821250">
        <time>2026-09-07T14:49:10+00:00Z</time>
      </trkpt>
      <trkpt lat="41.32112956" lon="-72.91822457">
        <time>2026-09-07T14:49:11+00:00Z</time>
      </trkpt>
      <trkpt lat="41.32110793" lon="-72.91823429">
        <time>2026-09-07T14:49:12+00:00Z</time>
      </trkpt>
      <trkpt lat="41.32108949" lon="-72.91824234">
        <time>2026-09-07T14:49:13+00:00Z</time>
      </trkpt>
      <trkpt lat="41.32106401" lon="-72.91825550">
        <time>2026-09-07T14:49:14+00:00Z</time>
      </trkpt>
      <trkpt lat="41.32104574" lon="-72.91826220">
        <time>2026-09-07T14:49:15+00:00Z</time>
      </trkpt>
      <trkpt lat="41.32101959" lon="-72.91827410">
        <time>2026-09-07T14:49:16+00:00Z</time>
      </trkpt>
      <trkpt lat="41.32100048" lon="-72.91827888">
        <time>2026-09-07T14:49:17+00:00Z</time>
      </trkpt>
      <trkpt lat="41.32097617" lon="-72.91829414">
        <time>2026-09-07T14:49:18+00:00Z</time>
      </trkpt>
      <trkpt lat="41.32095622" lon="-72.91830327">
        <time>2026-09-07T14:49:19+00:00Z</time>
      </trkpt>
      <trkpt lat="41.32093200" lon="-72.91831685">
        <time>2026-09-07T14:49:20+00:00Z</time>
      </trkpt>
      <trkpt lat="41.32091104" lon="-72.91832557">
        <time>2026-09-07T14:49:21+00:00Z</time>
      </trkpt>
      <trkpt lat="41.32089126" lon="-72.91833563">
        <time>2026-09-07T14:49:22+00:00Z</time>
      </trkpt>
      <trkpt lat="41.32087106" lon="-72.91834770">
        <time>2026-09-07T14:49:23+00:00Z</time>
      </trkpt>
      <trkpt lat="41.32085463" lon="-72.91835130">
        <time>2026-09-07T14:49:24+00:00Z</time>
      </trkpt>
      <trkpt lat="41.32083083" lon="-72.91836245">
        <time>2026-09-07T14:49:25+00:00Z</time>
      </trkpt>
      <trkpt lat="41.32081121" lon="-72.91836530">
        <time>2026-09-07T14:49:26+00:00Z</time>
      </trkpt>
      <trkpt lat="41.32078791" lon="-72.91837477">
        <time>2026-09-07T14:49:27+00:00Z</time>
      </trkpt>
      <trkpt lat="41.32077157" lon="-72.91837955">
        <time>2026-09-07T14:49:28+00:00Z</time>
      </trkpt>
      <trkpt lat="41.32075187" lon="-72.91839011">
        <time>2026-09-07T14:49:29+00:00Z</time>
      </trkpt>
      <trkpt lat="41.32073175" lon="-72.91840092">
        <time>2026-09-07T14:49:30+00:00Z</time>
      </trkpt>
      <trkpt lat="41.32071272" lon="-72.91840855">
        <time>2026-09-07T14:49:31+00:00Z</time>
      </trkpt>
      <trkpt lat="41.32068783" lon="-72.91842238">
        <time>2026-09-07T14:49:32+00:00Z</time>
      </trkpt>
      <trkpt lat="41.32066621" lon="-72.91843261">
        <time>2026-09-07T14:49:33+00:00Z</time>
      </trkpt>
      <trkpt lat="41.32064081" lon="-72.91844225">
        <time>2026-09-07T14:49:34+00:00Z</time>
      </trkpt>
      <trkpt lat="41.32062287" lon="-72.91844996">
        <time>2026-09-07T14:49:35+00:00Z</time>
      </trkpt>
      <trkpt lat="41.32060007" lon="-72.91846421">
        <time>2026-09-07T14:49:36+00:00Z</time>
      </trkpt>
      <trkpt lat="41.32057861" lon="-72.91847276">
        <time>2026-09-07T14:49:37+00:00Z</time>
      </trkpt>
      <trkpt lat="41.32055825" lon="-72.91848449">
        <time>2026-09-07T14:49:38+00:00Z</time>
      </trkpt>
      <trkpt lat="41.32053721" lon="-72.91849924">
        <time>2026-09-07T14:49:39+00:00Z</time>
      </trkpt>
      <trkpt lat="41.32051793" lon="-72.91850595">
        <time>2026-09-07T14:49:40+00:00Z</time>
      </trkpt>
      <trkpt lat="41.32049278" lon="-72.91851852">
        <time>2026-09-07T14:49:41+00:00Z</time>
      </trkpt>
      <trkpt lat="41.32047384" lon="-72.91852263">
        <time>2026-09-07T14:49:42+00:00Z</time>
      </trkpt>
      <trkpt lat="41.32044836" lon="-72.91853746">
        <time>2026-09-07T14:49:43+00:00Z</time>
      </trkpt>
      <trkpt lat="41.32042808" lon="-72.91854350">
        <time>2026-09-07T14:49:44+00:00Z</time>
      </trkpt>
      <trkpt lat="41.32040310" lon="-72.91855113">
        <time>2026-09-07T14:49:45+00:00Z</time>
      </trkpt>
      <trkpt lat="41.32037904" lon="-72.91855993">
        <time>2026-09-07T14:49:46+00:00Z</time>
      </trkpt>
      <trkpt lat="41.32036370" lon="-72.91856336">
        <time>2026-09-07T14:49:47+00:00Z</time>
      </trkpt>
      <trkpt lat="41.32034543" lon="-72.91858097">
        <time>2026-09-07T14:49:48+00:00Z</time>
      </trkpt>
      <trkpt lat="41.32033059" lon="-72.91859161">
        <time>2026-09-07T14:49:49+00:00Z</time>
      </trkpt>
      <trkpt lat="41.32030830" lon="-72.91860343">
        <time>2026-09-07T14:49:50+00:00Z</time>
      </trkpt>
      <trkpt lat="41.32029321" lon="-72.91860913">
        <time>2026-09-07T14:49:51+00:00Z</time>
      </trkpt>
      <trkpt lat="41.32027033" lon="-72.91862262">
        <time>2026-09-07T14:49:52+00:00Z</time>
      </trkpt>
      <trkpt lat="41.32025113" lon="-72.91862656">
        <time>2026-09-07T14:49:53+00:00Z</time>
      </trkpt>
      <trkpt lat="41.32022750" lon="-72.91863863">
        <time>2026-09-07T14:49:54+00:00Z</time>
      </trkpt>
      <trkpt lat="41.32020721" lon="-72.91864660">
        <time>2026-09-07T14:49:55+00:00Z</time>
      </trkpt>
      <trkpt lat="41.32018684" lon="-72.91865548">
        <time>2026-09-07T14:49:56+00:00Z</time>
      </trkpt>
      <trkpt lat="41.32016388" lon="-72.91866571">
        <time>2026-09-07T14:49:57+00:00Z</time>
      </trkpt>
      <trkpt lat="41.32014720" lon="-72.91867283">
        <time>2026-09-07T14:49:58+00:00Z</time>
      </trkpt>
      <trkpt lat="41.32012700" lon="-72.91867920">
        <time>2026-09-07T14:49:59+00:00Z</time>
      </trkpt>
      <trkpt lat="41.32011057" lon="-72.91868532">
        <time>2026-09-07T14:50:00+00:00Z</time>
      </trkpt>
      <trkpt lat="41.32008643" lon="-72.91869923">
        <time>2026-09-07T14:50:01+00:00Z</time>
      </trkpt>
      <trkpt lat="41.32007184" lon="-72.91870443">
        <time>2026-09-07T14:50:02+00:00Z</time>
      </trkpt>
      <trkpt lat="41.32004561" lon="-72.91871265">
        <time>2026-09-07T14:50:03+00:00Z</time>
      </trkpt>
      <trkpt lat="41.32002625" lon="-72.91871868">
        <time>2026-09-07T14:50:04+00:00Z</time>
      </trkpt>
      <trkpt lat="41.32000236" lon="-72.91873083">
        <time>2026-09-07T14:50:05+00:00Z</time>
      </trkpt>
      <trkpt lat="41.31998132" lon="-72.91873888">
        <time>2026-09-07T14:50:06+00:00Z</time>
      </trkpt>
      <trkpt lat="41.31995819" lon="-72.91875045">
        <time>2026-09-07T14:50:07+00:00Z</time>
      </trkpt>
      <trkpt lat="41.31993815" lon="-72.91875984">
        <time>2026-09-07T14:50:08+00:00Z</time>
      </trkpt>
      <trkpt lat="41.31991879" lon="-72.91877140">
        <time>2026-09-07T14:50:09+00:00Z</time>
      </trkpt>
      <trkpt lat="41.31989457" lon="-72.91878423">
        <time>2026-09-07T14:50:10+00:00Z</time>
      </trkpt>
      <trkpt lat="41.31987764" lon="-72.91879202">
        <time>2026-09-07T14:50:11+00:00Z</time>
      </trkpt>
      <trkpt lat="41.31985517" lon="-72.91880594">
        <time>2026-09-07T14:50:12+00:00Z</time>
      </trkpt>
      <trkpt lat="41.31983522" lon="-72.91881306">
        <time>2026-09-07T14:50:13+00:00Z</time>
      </trkpt>
      <trkpt lat="41.31981452" lon="-72.91882974">
        <time>2026-09-07T14:50:14+00:00Z</time>
      </trkpt>
      <trkpt lat="41.31979524" lon="-72.91884097">
        <time>2026-09-07T14:50:15+00:00Z</time>
      </trkpt>
      <trkpt lat="41.31977672" lon="-72.91885145">
        <time>2026-09-07T14:50:16+00:00Z</time>
      </trkpt>
      <trkpt lat="41.31975928" lon="-72.91885983">
        <time>2026-09-07T14:50:17+00:00Z</time>
      </trkpt>
      <trkpt lat="41.31974160" lon="-72.91886545">
        <time>2026-09-07T14:50:18+00:00Z</time>
      </trkpt>
      <trkpt lat="41.31971754" lon="-72.91887215">
        <time>2026-09-07T14:50:19+00:00Z</time>
      </trkpt>
      <trkpt lat="41.31969784" lon="-72.91887634">
        <time>2026-09-07T14:50:20+00:00Z</time>
      </trkpt>
      <trkpt lat="41.31967178" lon="-72.91888892">
        <time>2026-09-07T14:50:21+00:00Z</time>
      </trkpt>
      <trkpt lat="41.31964982" lon="-72.91889881">
        <time>2026-09-07T14:50:22+00:00Z</time>
      </trkpt>
      <trkpt lat="41.31962635" lon="-72.91891607">
        <time>2026-09-07T14:50:23+00:00Z</time>
      </trkpt>
      <trkpt lat="41.31960564" lon="-72.91892119">
        <time>2026-09-07T14:50:24+00:00Z</time>
      </trkpt>
      <trkpt lat="41.31958318" lon="-72.91892915">
        <time>2026-09-07T14:50:25+00:00Z</time>
      </trkpt>
      <trkpt lat="41.31955954" lon="-72.91894147">
        <time>2026-09-07T14:50:26+00:00Z</time>
      </trkpt>
      <trkpt lat="41.31954018" lon="-72.91895044">
        <time>2026-09-07T14:50:27+00:00Z</time>
      </trkpt>
      <trkpt lat="41.31951730" lon="-72.91895798">
        <time>2026-09-07T14:50:28+00:00Z</time>
      </trkpt>
      <trkpt lat="41.31949861" lon="-72.91896561">
        <time>2026-09-07T14:50:29+00:00Z</time>
      </trkpt>
      <trkpt lat="41.31947162" lon="-72.91897307">
        <time>2026-09-07T14:50:30+00:00Z</time>
      </trkpt>
      <trkpt lat="41.31945184" lon="-72.91897978">
        <time>2026-09-07T14:50:31+00:00Z</time>
      </trkpt>
      <trkpt lat="41.31942761" lon="-72.91899227">
        <time>2026-09-07T14:50:32+00:00Z</time>
      </trkpt>
      <trkpt lat="41.31940724" lon="-72.91900015">
        <time>2026-09-07T14:50:33+00:00Z</time>
      </trkpt>
      <trkpt lat="41.31938595" lon="-72.91901263">
        <time>2026-09-07T14:50:34+00:00Z</time>
      </trkpt>
      <trkpt lat="41.31936399" lon="-72.91902504">
        <time>2026-09-07T14:50:35+00:00Z</time>
      </trkpt>
      <trkpt lat="41.31934522" lon="-72.91903376">
        <time>2026-09-07T14:50:36+00:00Z</time>
      </trkpt>
      <trkpt lat="41.31931756" lon="-72.91904742">
        <time>2026-09-07T14:50:37+00:00Z</time>
      </trkpt>
      <trkpt lat="41.31930004" lon="-72.91905664">
        <time>2026-09-07T14:50:38+00:00Z</time>
      </trkpt>
      <trkpt lat="41.31927758" lon="-72.91907089">
        <time>2026-09-07T14:50:39+00:00Z</time>
      </trkpt>
      <trkpt lat="41.31925469" lon="-72.91908061">
        <time>2026-09-07T14:50:40+00:00Z</time>
      </trkpt>
      <trkpt lat="41.31922963" lon="-72.91909117">
        <time>2026-09-07T14:50:41+00:00Z</time>
      </trkpt>
      <trkpt lat="41.31920717" lon="-72.91910039">
        <time>2026-09-07T14:50:42+00:00Z</time>
      </trkpt>
      <trkpt lat="41.31918387" lon="-72.91911179">
        <time>2026-09-07T14:50:43+00:00Z</time>
      </trkpt>
      <trkpt lat="41.31915956" lon="-72.91912680">
        <time>2026-09-07T14:50:44+00:00Z</time>
      </trkpt>
      <trkpt lat="41.31914212" lon="-72.91913476">
        <time>2026-09-07T14:50:45+00:00Z</time>
      </trkpt>
      <trkpt lat="41.31911882" lon="-72.91914800">
        <time>2026-09-07T14:50:46+00:00Z</time>
      </trkpt>
      <trkpt lat="41.31910072" lon="-72.91915454">
        <time>2026-09-07T14:50:47+00:00Z</time>
      </trkpt>
      <trkpt lat="41.31907767" lon="-72.91916661">
        <time>2026-09-07T14:50:48+00:00Z</time>
      </trkpt>
      <trkpt lat="41.31905830" lon="-72.91917482">
        <time>2026-09-07T14:50:49+00:00Z</time>
      </trkpt>
      <trkpt lat="41.31903785" lon="-72.91918756">
        <time>2026-09-07T14:50:50+00:00Z</time>
      </trkpt>
      <trkpt lat="41.31901489" lon="-72.91919963">
        <time>2026-09-07T14:50:51+00:00Z</time>
      </trkpt>
      <trkpt lat="41.31899293" lon="-72.91920668">
        <time>2026-09-07T14:50:52+00:00Z</time>
      </trkpt>
      <trkpt lat="41.31896770" lon="-72.91922243">
        <time>2026-09-07T14:50:53+00:00Z</time>
      </trkpt>
      <trkpt lat="41.31894733" lon="-72.91923073">
        <time>2026-09-07T14:50:54+00:00Z</time>
      </trkpt>
      <trkpt lat="41.31892084" lon="-72.91924280">
        <time>2026-09-07T14:50:55+00:00Z</time>
      </trkpt>
      <trkpt lat="41.31889813" lon="-72.91925445">
        <time>2026-09-07T14:50:56+00:00Z</time>
      </trkpt>
      <trkpt lat="41.31887860" lon="-72.91926585">
        <time>2026-09-07T14:50:57+00:00Z</time>
      </trkpt>
      <trkpt lat="41.31886032" lon="-72.91927675">
        <time>2026-09-07T14:50:58+00:00Z</time>
      </trkpt>
      <trkpt lat="41.31884381" lon="-72.91928505">
        <time>2026-09-07T14:50:59+00:00Z</time>
      </trkpt>
      <trkpt lat="41.31881984" lon="-72.91929418">
        <time>2026-09-07T14:51:00+00:00Z</time>
      </trkpt>
      <trkpt lat="41.31880400" lon="-72.91930290">
        <time>2026-09-07T14:51:01+00:00Z</time>
      </trkpt>
      <trkpt lat="41.31878262" lon="-72.91931648">
        <time>2026-09-07T14:51:02+00:00Z</time>
      </trkpt>
      <trkpt lat="41.31875882" lon="-72.91933140">
        <time>2026-09-07T14:51:03+00:00Z</time>
      </trkpt>
      <trkpt lat="41.31873812" lon="-72.91934271">
        <time>2026-09-07T14:51:04+00:00Z</time>
      </trkpt>
      <trkpt lat="41.31871507" lon="-72.91935604">
        <time>2026-09-07T14:51:05+00:00Z</time>
      </trkpt>
      <trkpt lat="41.31869319" lon="-72.91936434">
        <time>2026-09-07T14:51:06+00:00Z</time>
      </trkpt>
      <trkpt lat="41.31866620" lon="-72.91938161">
        <time>2026-09-07T14:51:07+00:00Z</time>
      </trkpt>
      <trkpt lat="41.31864843" lon="-72.91938731">
        <time>2026-09-07T14:51:08+00:00Z</time>
      </trkpt>
      <trkpt lat="41.31862437" lon="-72.91940231">
        <time>2026-09-07T14:51:09+00:00Z</time>
      </trkpt>
      <trkpt lat="41.31860669" lon="-72.91940809">
        <time>2026-09-07T14:51:10+00:00Z</time>
      </trkpt>
      <trkpt lat="41.31858515" lon="-72.91941840">
        <time>2026-09-07T14:51:11+00:00Z</time>
      </trkpt>
      <trkpt lat="41.31856570" lon="-72.91942452">
        <time>2026-09-07T14:51:12+00:00Z</time>
      </trkpt>
      <trkpt lat="41.31854433" lon="-72.91943584">
        <time>2026-09-07T14:51:13+00:00Z</time>
      </trkpt>
      <trkpt lat="41.31852153" lon="-72.91944548">
        <time>2026-09-07T14:51:14+00:00Z</time>
      </trkpt>
      <trkpt lat="41.31850443" lon="-72.91945570">
        <time>2026-09-07T14:51:15+00:00Z</time>
      </trkpt>
      <trkpt lat="41.31847920" lon="-72.91946433">
        <time>2026-09-07T14:51:16+00:00Z</time>
      </trkpt>
      <trkpt lat="41.31845891" lon="-72.91947255">
        <time>2026-09-07T14:51:17+00:00Z</time>
      </trkpt>
      <trkpt lat="41.31843218" lon="-72.91948965">
        <time>2026-09-07T14:51:18+00:00Z</time>
      </trkpt>
      <trkpt lat="41.31841399" lon="-72.91949677">
        <time>2026-09-07T14:51:19+00:00Z</time>
      </trkpt>
      <trkpt lat="41.31838934" lon="-72.91950608">
        <time>2026-09-07T14:51:20+00:00Z</time>
      </trkpt>
      <trkpt lat="41.31836923" lon="-72.91950968">
        <time>2026-09-07T14:51:21+00:00Z</time>
      </trkpt>
      <trkpt lat="41.31834853" lon="-72.91951370">
        <time>2026-09-07T14:51:22+00:00Z</time>
      </trkpt>
      <trkpt lat="41.31832363" lon="-72.91952150">
        <time>2026-09-07T14:51:23+00:00Z</time>
      </trkpt>
      <trkpt lat="41.31830310" lon="-72.91952326">
        <time>2026-09-07T14:51:24+00:00Z</time>
      </trkpt>
      <trkpt lat="41.31827761" lon="-72.91953290">
        <time>2026-09-07T14:51:25+00:00Z</time>
      </trkpt>
      <trkpt lat="41.31825901" lon="-72.91953935">
        <time>2026-09-07T14:51:26+00:00Z</time>
      </trkpt>
      <trkpt lat="41.31823294" lon="-72.91955335">
        <time>2026-09-07T14:51:27+00:00Z</time>
      </trkpt>
      <trkpt lat="41.31821098" lon="-72.91956073">
        <time>2026-09-07T14:51:28+00:00Z</time>
      </trkpt>
      <trkpt lat="41.31818508" lon="-72.91957154">
        <time>2026-09-07T14:51:29+00:00Z</time>
      </trkpt>
      <trkpt lat="41.31816060" lon="-72.91957690">
        <time>2026-09-07T14:51:30+00:00Z</time>
      </trkpt>
      <trkpt lat="41.31813915" lon="-72.91958696">
        <time>2026-09-07T14:51:31+00:00Z</time>
      </trkpt>
      <trkpt lat="41.31811542" lon="-72.91959970">
        <time>2026-09-07T14:51:32+00:00Z</time>
      </trkpt>
      <trkpt lat="41.31809631" lon="-72.91960850">
        <time>2026-09-07T14:51:33+00:00Z</time>
      </trkpt>
      <trkpt lat="41.31807419" lon="-72.91962007">
        <time>2026-09-07T14:51:34+00:00Z</time>
      </trkpt>
      <trkpt lat="41.31805424" lon="-72.91962753">
        <time>2026-09-07T14:51:35+00:00Z</time>
      </trkpt>
      <trkpt lat="41.31803093" lon="-72.91963600">
        <time>2026-09-07T14:51:36+00:00Z</time>
      </trkpt>
      <trkpt lat="41.31801501" lon="-72.91963960">
        <time>2026-09-07T14:51:37+00:00Z</time>
      </trkpt>
      <trkpt lat="41.31799355" lon="-72.91965527">
        <time>2026-09-07T14:51:38+00:00Z</time>
      </trkpt>
      <trkpt lat="41.31797561" lon="-72.91965796">
        <time>2026-09-07T14:51:39+00:00Z</time>
      </trkpt>
      <trkpt lat="41.31795106" lon="-72.91967263">
        <time>2026-09-07T14:51:40+00:00Z</time>
      </trkpt>
      <trkpt lat="41.31792859" lon="-72.91968042">
        <time>2026-09-07T14:51:41+00:00Z</time>
      </trkpt>
      <trkpt lat="41.31790588" lon="-72.91969031">
        <time>2026-09-07T14:51:42+00:00Z</time>
      </trkpt>
      <trkpt lat="41.31788174" lon="-72.91970079">
        <time>2026-09-07T14:51:43+00:00Z</time>
      </trkpt>
      <trkpt lat="41.31786355" lon="-72.91971303">
        <time>2026-09-07T14:51:44+00:00Z</time>
      </trkpt>
      <trkpt lat="41.31783949" lon="-72.91972593">
        <time>2026-09-07T14:51:45+00:00Z</time>
      </trkpt>
      <trkpt lat="41.31782072" lon="-72.91973733">
        <time>2026-09-07T14:51:46+00:00Z</time>
      </trkpt>
      <trkpt lat="41.31779565" lon="-72.91975502">
        <time>2026-09-07T14:51:47+00:00Z</time>
      </trkpt>
      <trkpt lat="41.31777646" lon="-72.91976457">
        <time>2026-09-07T14:51:48+00:00Z</time>
      </trkpt>
      <trkpt lat="41.31775031" lon="-72.91978033">
        <time>2026-09-07T14:51:49+00:00Z</time>
      </trkpt>
      <trkpt lat="41.31773371" lon="-72.91978796">
        <time>2026-09-07T14:51:50+00:00Z</time>
      </trkpt>
      <trkpt lat="41.31771024" lon="-72.91980590">
        <time>2026-09-07T14:51:51+00:00Z</time>
      </trkpt>
      <trkpt lat="41.31768979" lon="-72.91981579">
        <time>2026-09-07T14:51:52+00:00Z</time>
      </trkpt>
      <trkpt lat="41.31767001" lon="-72.91982836">
        <time>2026-09-07T14:51:53+00:00Z</time>
      </trkpt>
      <trkpt lat="41.31764327" lon="-72.91984672">
        <time>2026-09-07T14:51:54+00:00Z</time>
      </trkpt>
      <trkpt lat="41.31762542" lon="-72.91985627">
        <time>2026-09-07T14:51:55+00:00Z</time>
      </trkpt>
      <trkpt lat="41.31759784" lon="-72.91987756">
        <time>2026-09-07T14:51:56+00:00Z</time>
      </trkpt>
      <trkpt lat="41.31758141" lon="-72.91988628">
        <time>2026-09-07T14:51:57+00:00Z</time>
      </trkpt>
      <trkpt lat="41.31755250" lon="-72.91990162">
        <time>2026-09-07T14:51:58+00:00Z</time>
      </trkpt>
      <trkpt lat="41.31753565" lon="-72.91990355">
        <time>2026-09-07T14:51:59+00:00Z</time>
      </trkpt>
      <trkpt lat="41.31750816" lon="-72.91990841">
        <time>2026-09-07T14:52:00+00:00Z</time>
      </trkpt>
      <trkpt lat="41.31748804" lon="-72.91990983">
        <time>2026-09-07T14:52:01+00:00Z</time>
      </trkpt>
      <trkpt lat="41.31746608" lon="-72.91992551">
        <time>2026-09-07T14:52:02+00:00Z</time>
      </trkpt>
      <trkpt lat="41.31744613" lon="-72.91993598">
        <time>2026-09-07T14:52:03+00:00Z</time>
      </trkpt>
      <trkpt lat="41.31742132" lon="-72.91994722">
        <time>2026-09-07T14:52:04+00:00Z</time>
      </trkpt>
      <trkpt lat="41.31739860" lon="-72.91996038">
        <time>2026-09-07T14:52:05+00:00Z</time>
      </trkpt>
      <trkpt lat="41.31737497" lon="-72.91996918">
        <time>2026-09-07T14:52:06+00:00Z</time>
      </trkpt>
      <trkpt lat="41.31735116" lon="-72.91998376">
        <time>2026-09-07T14:52:07+00:00Z</time>
      </trkpt>
      <trkpt lat="41.31733482" lon="-72.91998904">
        <time>2026-09-07T14:52:08+00:00Z</time>
      </trkpt>
      <trkpt lat="41.31731244" lon="-72.92000430">
        <time>2026-09-07T14:52:09+00:00Z</time>
      </trkpt>
      <trkpt lat="41.31729634" lon="-72.92001218">
        <time>2026-09-07T14:52:10+00:00Z</time>
      </trkpt>
      <trkpt lat="41.31726910" lon="-72.92002919">
        <time>2026-09-07T14:52:11+00:00Z</time>
      </trkpt>
      <trkpt lat="41.31724874" lon="-72.92003011">
        <time>2026-09-07T14:52:12+00:00Z</time>
      </trkpt>
      <trkpt lat="41.31722468" lon="-72.92003799">
        <time>2026-09-07T14:52:13+00:00Z</time>
      </trkpt>
      <trkpt lat="41.31720507" lon="-72.92004445">
        <time>2026-09-07T14:52:14+00:00Z</time>
      </trkpt>
      <trkpt lat="41.31718311" lon="-72.92005191">
        <time>2026-09-07T14:52:15+00:00Z</time>
      </trkpt>
      <trkpt lat="41.31715846" lon="-72.92006305">
        <time>2026-09-07T14:52:16+00:00Z</time>
      </trkpt>
      <trkpt lat="41.31714421" lon="-72.92006859">
        <time>2026-09-07T14:52:17+00:00Z</time>
      </trkpt>
      <trkpt lat="41.31711890" lon="-72.92008284">
        <time>2026-09-07T14:52:18+00:00Z</time>
      </trkpt>
      <trkpt lat="41.31710373" lon="-72.92008745">
        <time>2026-09-07T14:52:19+00:00Z</time>
      </trkpt>
      <trkpt lat="41.31707825" lon="-72.92009843">
        <time>2026-09-07T14:52:20+00:00Z</time>
      </trkpt>
      <trkpt lat="41.31706065" lon="-72.92010312">
        <time>2026-09-07T14:52:21+00:00Z</time>
      </trkpt>
      <trkpt lat="41.31703885" lon="-72.92011410">
        <time>2026-09-07T14:52:22+00:00Z</time>
      </trkpt>
      <trkpt lat="41.31701949" lon="-72.92012206">
        <time>2026-09-07T14:52:23+00:00Z</time>
      </trkpt>
      <trkpt lat="41.31699569" lon="-72.92013564">
        <time>2026-09-07T14:52:24+00:00Z</time>
      </trkpt>
      <trkpt lat="41.31697264" lon="-72.92015006">
        <time>2026-09-07T14:52:25+00:00Z</time>
      </trkpt>
      <trkpt lat="41.31695101" lon="-72.92016037">
        <time>2026-09-07T14:52:26+00:00Z</time>
      </trkpt>
      <trkpt lat="41.31692930" lon="-72.92017395">
        <time>2026-09-07T14:52:27+00:00Z</time>
      </trkpt>
      <trkpt lat="41.31691304" lon="-72.92018074">
        <time>2026-09-07T14:52:28+00:00Z</time>
      </trkpt>
      <trkpt lat="41.31688706" lon="-72.92019272">
        <time>2026-09-07T14:52:29+00:00Z</time>
      </trkpt>
      <trkpt lat="41.31686971" lon="-72.92019716">
        <time>2026-09-07T14:52:30+00:00Z</time>
      </trkpt>
      <trkpt lat="41.31684263" lon="-72.92021200">
        <time>2026-09-07T14:52:31+00:00Z</time>
      </trkpt>
      <trkpt lat="41.31682578" lon="-72.92021854">
        <time>2026-09-07T14:52:32+00:00Z</time>
      </trkpt>
      <trkpt lat="41.31680416" lon="-72.92023094">
        <time>2026-09-07T14:52:33+00:00Z</time>
      </trkpt>
      <trkpt lat="41.31678245" lon="-72.92024343">
        <time>2026-09-07T14:52:34+00:00Z</time>
      </trkpt>
      <trkpt lat="41.31676024" lon="-72.92025827">
        <time>2026-09-07T14:52:35+00:00Z</time>
      </trkpt>
      <trkpt lat="41.31673576" lon="-72.92027235">
        <time>2026-09-07T14:52:36+00:00Z</time>
      </trkpt>
      <trkpt lat="41.31671439" lon="-72.92028325">
        <time>2026-09-07T14:52:37+00:00Z</time>
      </trkpt>
      <trkpt lat="41.31668975" lon="-72.92029331">
        <time>2026-09-07T14:52:38+00:00Z</time>
      </trkpt>
      <trkpt lat="41.31666997" lon="-72.92030278">
        <time>2026-09-07T14:52:39+00:00Z</time>
      </trkpt>
      <trkpt lat="41.31664608" lon="-72.92031971">
        <time>2026-09-07T14:52:40+00:00Z</time>
      </trkpt>
      <trkpt lat="41.31662479" lon="-72.92033027">
        <time>2026-09-07T14:52:41+00:00Z</time>
      </trkpt>
      <trkpt lat="41.31660023" lon="-72.92034443">
        <time>2026-09-07T14:52:42+00:00Z</time>
      </trkpt>
      <trkpt lat="41.31657927" lon="-72.92035173">
        <time>2026-09-07T14:52:43+00:00Z</time>
      </trkpt>
      <trkpt lat="41.31655606" lon="-72.92036153">
        <time>2026-09-07T14:52:44+00:00Z</time>
      </trkpt>
      <trkpt lat="41.31653233" lon="-72.92036983">
        <time>2026-09-07T14:52:45+00:00Z</time>
      </trkpt>
      <trkpt lat="41.31651272" lon="-72.92038006">
        <time>2026-09-07T14:52:46+00:00Z</time>
      </trkpt>
      <trkpt lat="41.31648657" lon="-72.92039355">
        <time>2026-09-07T14:52:47+00:00Z</time>
      </trkpt>
      <trkpt lat="41.31646746" lon="-72.92040001">
        <time>2026-09-07T14:52:48+00:00Z</time>
      </trkpt>
      <trkpt lat="41.31644164" lon="-72.92041518">
        <time>2026-09-07T14:52:49+00:00Z</time>
      </trkpt>
      <trkpt lat="41.31642178" lon="-72.92042331">
        <time>2026-09-07T14:52:50+00:00Z</time>
      </trkpt>
      <trkpt lat="41.31639730" lon="-72.92043848">
        <time>2026-09-07T14:52:51+00:00Z</time>
      </trkpt>
      <trkpt lat="41.31637744" lon="-72.92044879">
        <time>2026-09-07T14:52:52+00:00Z</time>
      </trkpt>
      <trkpt lat="41.31635397" lon="-72.92046111">
        <time>2026-09-07T14:52:53+00:00Z</time>
      </trkpt>
      <trkpt lat="41.31633268" lon="-72.92047293">
        <time>2026-09-07T14:52:54+00:00Z</time>
      </trkpt>
      <trkpt lat="41.31631290" lon="-72.92047980">
        <time>2026-09-07T14:52:55+00:00Z</time>
      </trkpt>
      <trkpt lat="41.31628867" lon="-72.92049279">
        <time>2026-09-07T14:52:56+00:00Z</time>
      </trkpt>
      <trkpt lat="41.31626914" lon="-72.92049950">
        <time>2026-09-07T14:52:57+00:00Z</time>
      </trkpt>
      <trkpt lat="41.31624484" lon="-72.92051442">
        <time>2026-09-07T14:52:58+00:00Z</time>
      </trkpt>
      <trkpt lat="41.31622782" lon="-72.92052171">
        <time>2026-09-07T14:52:59+00:00Z</time>
      </trkpt>
      <trkpt lat="41.31620318" lon="-72.92053579">
        <time>2026-09-07T14:53:00+00:00Z</time>
      </trkpt>
      <trkpt lat="41.31618490" lon="-72.92054585">
        <time>2026-09-07T14:53:01+00:00Z</time>
      </trkpt>
      <trkpt lat="41.31615783" lon="-72.92056178">
        <time>2026-09-07T14:53:02+00:00Z</time>
      </trkpt>
      <trkpt lat="41.31613604" lon="-72.92056865">
        <time>2026-09-07T14:53:03+00:00Z</time>
      </trkpt>
      <trkpt lat="41.31610821" lon="-72.92058064">
        <time>2026-09-07T14:53:04+00:00Z</time>
      </trkpt>
      <trkpt lat="41.31608281" lon="-72.92059137">
        <time>2026-09-07T14:53:05+00:00Z</time>
      </trkpt>
      <trkpt lat="41.31605901" lon="-72.92060000">
        <time>2026-09-07T14:53:06+00:00Z</time>
      </trkpt>
      <trkpt lat="41.31603395" lon="-72.92061224">
        <time>2026-09-07T14:53:07+00:00Z</time>
      </trkpt>
      <trkpt lat="41.31601031" lon="-72.92062330">
        <time>2026-09-07T14:53:08+00:00Z</time>
      </trkpt>
      <trkpt lat="41.31598349" lon="-72.92063319">
        <time>2026-09-07T14:53:09+00:00Z</time>
      </trkpt>
      <trkpt lat="41.31596421" lon="-72.92064115">
        <time>2026-09-07T14:53:10+00:00Z</time>
      </trkpt>
      <trkpt lat="41.31593588" lon="-72.92065959">
        <time>2026-09-07T14:53:11+00:00Z</time>
      </trkpt>
      <trkpt lat="41.31592113" lon="-72.92067074">
        <time>2026-09-07T14:53:12+00:00Z</time>
      </trkpt>
      <trkpt lat="41.31589707" lon="-72.92068013">
        <time>2026-09-07T14:53:13+00:00Z</time>
      </trkpt>
      <trkpt lat="41.31587360" lon="-72.92069279">
        <time>2026-09-07T14:53:14+00:00Z</time>
      </trkpt>
      <trkpt lat="41.31585415" lon="-72.92069941">
        <time>2026-09-07T14:53:15+00:00Z</time>
      </trkpt>
      <trkpt lat="41.31583161" lon="-72.92071584">
        <time>2026-09-07T14:53:16+00:00Z</time>
      </trkpt>
      <trkpt lat="41.31581434" lon="-72.92072170">
        <time>2026-09-07T14:53:17+00:00Z</time>
      </trkpt>
      <trkpt lat="41.31578702" lon="-72.92073436">
        <time>2026-09-07T14:53:18+00:00Z</time>
      </trkpt>
      <trkpt lat="41.31576774" lon="-72.92073830">
        <time>2026-09-07T14:53:19+00:00Z</time>
      </trkpt>
      <trkpt lat="41.31574108" lon="-72.92075255">
        <time>2026-09-07T14:53:20+00:00Z</time>
      </trkpt>
      <trkpt lat="41.31572130" lon="-72.92075993">
        <time>2026-09-07T14:53:21+00:00Z</time>
      </trkpt>
      <trkpt lat="41.31570118" lon="-72.92076998">
        <time>2026-09-07T14:53:22+00:00Z</time>
      </trkpt>
      <trkpt lat="41.31567663" lon="-72.92078172">
        <time>2026-09-07T14:53:23+00:00Z</time>
      </trkpt>
      <trkpt lat="41.31565802" lon="-72.92079044">
        <time>2026-09-07T14:53:24+00:00Z</time>
      </trkpt>
      <trkpt lat="41.31562960" lon="-72.92080527">
        <time>2026-09-07T14:53:25+00:00Z</time>
      </trkpt>
      <trkpt lat="41.31561209" lon="-72.92080971">
        <time>2026-09-07T14:53:26+00:00Z</time>
      </trkpt>
      <trkpt lat="41.31558602" lon="-72.92082178">
        <time>2026-09-07T14:53:27+00:00Z</time>
      </trkpt>
      <trkpt lat="41.31556355" lon="-72.92082556">
        <time>2026-09-07T14:53:28+00:00Z</time>
      </trkpt>
      <trkpt lat="41.31553388" lon="-72.92083905">
        <time>2026-09-07T14:53:29+00:00Z</time>
      </trkpt>
      <trkpt lat="41.31551100" lon="-72.92084316">
        <time>2026-09-07T14:53:30+00:00Z</time>
      </trkpt>
      <trkpt lat="41.31548694" lon="-72.92085892">
        <time>2026-09-07T14:53:31+00:00Z</time>
      </trkpt>
      <trkpt lat="41.31546926" lon="-72.92086964">
        <time>2026-09-07T14:53:32+00:00Z</time>
      </trkpt>
      <trkpt lat="41.31544512" lon="-72.92088113">
        <time>2026-09-07T14:53:33+00:00Z</time>
      </trkpt>
      <trkpt lat="41.31542609" lon="-72.92089446">
        <time>2026-09-07T14:53:34+00:00Z</time>
      </trkpt>
      <trkpt lat="41.31540480" lon="-72.92090879">
        <time>2026-09-07T14:53:35+00:00Z</time>
      </trkpt>
      <trkpt lat="41.31538234" lon="-72.92092279">
        <time>2026-09-07T14:53:36+00:00Z</time>
      </trkpt>
      <trkpt lat="41.31536524" lon="-72.92093226">
        <time>2026-09-07T14:53:37+00:00Z</time>
      </trkpt>
      <trkpt lat="41.31533984" lon="-72.92094357">
        <time>2026-09-07T14:53:38+00:00Z</time>
      </trkpt>
      <trkpt lat="41.31532408" lon="-72.92095120">
        <time>2026-09-07T14:53:39+00:00Z</time>
      </trkpt>
      <trkpt lat="41.31530254" lon="-72.92096143">
        <time>2026-09-07T14:53:40+00:00Z</time>
      </trkpt>
      <trkpt lat="41.31528494" lon="-72.92096922">
        <time>2026-09-07T14:53:41+00:00Z</time>
      </trkpt>
      <trkpt lat="41.31526306" lon="-72.92098330">
        <time>2026-09-07T14:53:42+00:00Z</time>
      </trkpt>
      <trkpt lat="41.31524102" lon="-72.92099236">
        <time>2026-09-07T14:53:43+00:00Z</time>
      </trkpt>
      <trkpt lat="41.31522484" lon="-72.92100308">
        <time>2026-09-07T14:53:44+00:00Z</time>
      </trkpt>
      <trkpt lat="41.31520104" lon="-72.92101515">
        <time>2026-09-07T14:53:45+00:00Z</time>
      </trkpt>
      <trkpt lat="41.31518310" lon="-72.92102169">
        <time>2026-09-07T14:53:46+00:00Z</time>
      </trkpt>
      <trkpt lat="41.31515527" lon="-72.92104089">
        <time>2026-09-07T14:53:47+00:00Z</time>
      </trkpt>
      <trkpt lat="41.31513692" lon="-72.92105136">
        <time>2026-09-07T14:53:48+00:00Z</time>
      </trkpt>
      <trkpt lat="41.31511487" lon="-72.92107249">
        <time>2026-09-07T14:53:49+00:00Z</time>
      </trkpt>
      <trkpt lat="41.31509651" lon="-72.92108439">
        <time>2026-09-07T14:53:50+00:00Z</time>
      </trkpt>
      <trkpt lat="41.31507296" lon="-72.92109830">
        <time>2026-09-07T14:53:51+00:00Z</time>
      </trkpt>
      <trkpt lat="41.31504949" lon="-72.92110736">
        <time>2026-09-07T14:53:52+00:00Z</time>
      </trkpt>
      <trkpt lat="41.31502552" lon="-72.92111565">
        <time>2026-09-07T14:53:53+00:00Z</time>
      </trkpt>
      <trkpt lat="41.31499954" lon="-72.92112898">
        <time>2026-09-07T14:53:54+00:00Z</time>
      </trkpt>
      <trkpt lat="41.31498503" lon="-72.92113066">
        <time>2026-09-07T14:53:55+00:00Z</time>
      </trkpt>
      <trkpt lat="41.31495293" lon="-72.92114566">
        <time>2026-09-07T14:53:56+00:00Z</time>
      </trkpt>
      <trkpt lat="41.31493525" lon="-72.92114968">
        <time>2026-09-07T14:53:57+00:00Z</time>
      </trkpt>
      <trkpt lat="41.31490801" lon="-72.92116326">
        <time>2026-09-07T14:53:58+00:00Z</time>
      </trkpt>
      <trkpt lat="41.31489158" lon="-72.92116771">
        <time>2026-09-07T14:53:59+00:00Z</time>
      </trkpt>
      <trkpt lat="41.31486643" lon="-72.92118195">
        <time>2026-09-07T14:54:00+00:00Z</time>
      </trkpt>
      <trkpt lat="41.31484615" lon="-72.92118791">
        <time>2026-09-07T14:54:01+00:00Z</time>
      </trkpt>
      <trkpt lat="41.31482335" lon="-72.92119930">
        <time>2026-09-07T14:54:02+00:00Z</time>
      </trkpt>
      <trkpt lat="41.31480072" lon="-72.92121054">
        <time>2026-09-07T14:54:03+00:00Z</time>
      </trkpt>
      <trkpt lat="41.31478320" lon="-72.92121657">
        <time>2026-09-07T14:54:04+00:00Z</time>
      </trkpt>
      <trkpt lat="41.31475772" lon="-72.92123308">
        <time>2026-09-07T14:54:05+00:00Z</time>
      </trkpt>
      <trkpt lat="41.31474246" lon="-72.92124088">
        <time>2026-09-07T14:54:06+00:00Z</time>
      </trkpt>
      <trkpt lat="41.31471698" lon="-72.92125203">
        <time>2026-09-07T14:54:07+00:00Z</time>
      </trkpt>
      <trkpt lat="41.31470114" lon="-72.92126209">
        <time>2026-09-07T14:54:08+00:00Z</time>
      </trkpt>
      <trkpt lat="41.31468136" lon="-72.92127256">
        <time>2026-09-07T14:54:09+00:00Z</time>
      </trkpt>
      <trkpt lat="41.31465772" lon="-72.92128069">
        <time>2026-09-07T14:54:10+00:00Z</time>
      </trkpt>
      <trkpt lat="41.31463987" lon="-72.92129092">
        <time>2026-09-07T14:54:11+00:00Z</time>
      </trkpt>
      <trkpt lat="41.31460911" lon="-72.92129603">
        <time>2026-09-07T14:54:12+00:00Z</time>
      </trkpt>
      <trkpt lat="41.31458790" lon="-72.92129989">
        <time>2026-09-07T14:54:13+00:00Z</time>
      </trkpt>
      <trkpt lat="41.31455680" lon="-72.92131305">
        <time>2026-09-07T14:54:14+00:00Z</time>
      </trkpt>
      <trkpt lat="41.31453459" lon="-72.92131774">
        <time>2026-09-07T14:54:15+00:00Z</time>
      </trkpt>
      <trkpt lat="41.31450727" lon="-72.92132788">
        <time>2026-09-07T14:54:16+00:00Z</time>
      </trkpt>
      <trkpt lat="41.31448111" lon="-72.92133652">
        <time>2026-09-07T14:54:17+00:00Z</time>
      </trkpt>
      <trkpt lat="41.31445815" lon="-72.92134733">
        <time>2026-09-07T14:54:18+00:00Z</time>
      </trkpt>
      <trkpt lat="41.31443359" lon="-72.92135973">
        <time>2026-09-07T14:54:19+00:00Z</time>
      </trkpt>
      <trkpt lat="41.31441557" lon="-72.92137088">
        <time>2026-09-07T14:54:20+00:00Z</time>
      </trkpt>
      <trkpt lat="41.31438975" lon="-72.92138128">
        <time>2026-09-07T14:54:21+00:00Z</time>
      </trkpt>
      <trkpt lat="41.31436838" lon="-72.92138672">
        <time>2026-09-07T14:54:22+00:00Z</time>
      </trkpt>
      <trkpt lat="41.31434223" lon="-72.92139779">
        <time>2026-09-07T14:54:23+00:00Z</time>
      </trkpt>
      <trkpt lat="41.31432127" lon="-72.92140835">
        <time>2026-09-07T14:54:24+00:00Z</time>
      </trkpt>
      <trkpt lat="41.31429655" lon="-72.92142134">
        <time>2026-09-07T14:54:25+00:00Z</time>
      </trkpt>
      <trkpt lat="41.31427425" lon="-72.92143383">
        <time>2026-09-07T14:54:26+00:00Z</time>
      </trkpt>
      <trkpt lat="41.31425556" lon="-72.92143978">
        <time>2026-09-07T14:54:27+00:00Z</time>
      </trkpt>
      <trkpt lat="41.31422605" lon="-72.92145261">
        <time>2026-09-07T14:54:28+00:00Z</time>
      </trkpt>
      <trkpt lat="41.31420912" lon="-72.92146074">
        <time>2026-09-07T14:54:29+00:00Z</time>
      </trkpt>
      <trkpt lat="41.31418171" lon="-72.92147482">
        <time>2026-09-07T14:54:30+00:00Z</time>
      </trkpt>
      <trkpt lat="41.31416570" lon="-72.92147758">
        <time>2026-09-07T14:54:31+00:00Z</time>
      </trkpt>
      <trkpt lat="41.31413754" lon="-72.92149276">
        <time>2026-09-07T14:54:32+00:00Z</time>
      </trkpt>
      <trkpt lat="41.31411675" lon="-72.92150214">
        <time>2026-09-07T14:54:33+00:00Z</time>
      </trkpt>
      <trkpt lat="41.31409354" lon="-72.92151287">
        <time>2026-09-07T14:54:34+00:00Z</time>
      </trkpt>
      <trkpt lat="41.31407107" lon="-72.92152519">
        <time>2026-09-07T14:54:35+00:00Z</time>
      </trkpt>
      <trkpt lat="41.31405355" lon="-72.92152930">
        <time>2026-09-07T14:54:36+00:00Z</time>
      </trkpt>
      <trkpt lat="41.31402765" lon="-72.92154389">
        <time>2026-09-07T14:54:37+00:00Z</time>
      </trkpt>
      <trkpt lat="41.31400804" lon="-72.92155101">
        <time>2026-09-07T14:54:38+00:00Z</time>
      </trkpt>
      <trkpt lat="41.31397703" lon="-72.92156526">
        <time>2026-09-07T14:54:39+00:00Z</time>
      </trkpt>
      <trkpt lat="41.31396060" lon="-72.92157322">
        <time>2026-09-07T14:54:40+00:00Z</time>
      </trkpt>
      <trkpt lat="41.31393705" lon="-72.92159124">
        <time>2026-09-07T14:54:41+00:00Z</time>
      </trkpt>
      <trkpt lat="41.31391500" lon="-72.92160356">
        <time>2026-09-07T14:54:42+00:00Z</time>
      </trkpt>
      <trkpt lat="41.31389505" lon="-72.92160792">
        <time>2026-09-07T14:54:43+00:00Z</time>
      </trkpt>
      <trkpt lat="41.31386756" lon="-72.92162494">
        <time>2026-09-07T14:54:44+00:00Z</time>
      </trkpt>
      <trkpt lat="41.31384929" lon="-72.92163718">
        <time>2026-09-07T14:54:45+00:00Z</time>
      </trkpt>
      <trkpt lat="41.31381769" lon="-72.92165922">
        <time>2026-09-07T14:54:46+00:00Z</time>
      </trkpt>
      <trkpt lat="41.31379807" lon="-72.92167171">
        <time>2026-09-07T14:54:47+00:00Z</time>
      </trkpt>
      <trkpt lat="41.31377393" lon="-72.92169048">
        <time>2026-09-07T14:54:48+00:00Z</time>
      </trkpt>
      <trkpt lat="41.31375122" lon="-72.92170784">
        <time>2026-09-07T14:54:49+00:00Z</time>
      </trkpt>
      <trkpt lat="41.31373093" lon="-72.92171781">
        <time>2026-09-07T14:54:50+00:00Z</time>
      </trkpt>
      <trkpt lat="41.31370696" lon="-72.92173441">
        <time>2026-09-07T14:54:51+00:00Z</time>
      </trkpt>
      <trkpt lat="41.31368584" lon="-72.92175042">
        <time>2026-09-07T14:54:52+00:00Z</time>
      </trkpt>
      <trkpt lat="41.31366162" lon="-72.92177958">
        <time>2026-09-07T14:54:53+00:00Z</time>
      </trkpt>
      <trkpt lat="41.31364753" lon="-72.92179283">
        <time>2026-09-07T14:54:54+00:00Z</time>
      </trkpt>
      <trkpt lat="41.31362197" lon="-72.92181110">
        <time>2026-09-07T14:54:55+00:00Z</time>
      </trkpt>
      <trkpt lat="41.31360462" lon="-72.92182384">
        <time>2026-09-07T14:54:56+00:00Z</time>
      </trkpt>
      <trkpt lat="41.31358341" lon="-72.92184236">
        <time>2026-09-07T14:54:57+00:00Z</time>
      </trkpt>
      <trkpt lat="41.31356196" lon="-72.92186441">
        <time>2026-09-07T14:54:58+00:00Z</time>
      </trkpt>
      <trkpt lat="41.31354754" lon="-72.92187254">
        <time>2026-09-07T14:54:59+00:00Z</time>
      </trkpt>
      <trkpt lat="41.31351720" lon="-72.92189542">
        <time>2026-09-07T14:55:00+00:00Z</time>
      </trkpt>
      <trkpt lat="41.31350186" lon="-72.92190263">
        <time>2026-09-07T14:55:01+00:00Z</time>
      </trkpt>
      <trkpt lat="41.31348149" lon="-72.92192493">
        <time>2026-09-07T14:55:02+00:00Z</time>
      </trkpt>
      <trkpt lat="41.31346489" lon="-72.92193406">
        <time>2026-09-07T14:55:03+00:00Z</time>
      </trkpt>
      <trkpt lat="41.31344385" lon="-72.92195074">
        <time>2026-09-07T14:55:04+00:00Z</time>
      </trkpt>
      <trkpt lat="41.31342399" lon="-72.92196809">
        <time>2026-09-07T14:55:05+00:00Z</time>
      </trkpt>
      <trkpt lat="41.31340706" lon="-72.92198075">
        <time>2026-09-07T14:55:06+00:00Z</time>
      </trkpt>
      <trkpt lat="41.31338350" lon="-72.92200129">
        <time>2026-09-07T14:55:07+00:00Z</time>
      </trkpt>
      <trkpt lat="41.31336448" lon="-72.92201160">
        <time>2026-09-07T14:55:08+00:00Z</time>
      </trkpt>
      <trkpt lat="41.31334310" lon="-72.92203087">
        <time>2026-09-07T14:55:09+00:00Z</time>
      </trkpt>
      <trkpt lat="41.31332190" lon="-72.92204596">
        <time>2026-09-07T14:55:10+00:00Z</time>
      </trkpt>
      <trkpt lat="41.31329784" lon="-72.92207018">
        <time>2026-09-07T14:55:11+00:00Z</time>
      </trkpt>
      <trkpt lat="41.31328016" lon="-72.92208343">
        <time>2026-09-07T14:55:12+00:00Z</time>
      </trkpt>
      <trkpt lat="41.31325828" lon="-72.92210388">
        <time>2026-09-07T14:55:13+00:00Z</time>
      </trkpt>
      <trkpt lat="41.31323850" lon="-72.92211964">
        <time>2026-09-07T14:55:14+00:00Z</time>
      </trkpt>
      <trkpt lat="41.31322190" lon="-72.92214076">
        <time>2026-09-07T14:55:15+00:00Z</time>
      </trkpt>
      <trkpt lat="41.31320019" lon="-72.92216046">
        <time>2026-09-07T14:55:16+00:00Z</time>
      </trkpt>
      <trkpt lat="41.31318251" lon="-72.92217563">
        <time>2026-09-07T14:55:17+00:00Z</time>
      </trkpt>
      <trkpt lat="41.31316256" lon="-72.92219508">
        <time>2026-09-07T14:55:18+00:00Z</time>
      </trkpt>
      <trkpt lat="41.31314412" lon="-72.92221117">
        <time>2026-09-07T14:55:19+00:00Z</time>
      </trkpt>
      <trkpt lat="41.31312526" lon="-72.92223154">
        <time>2026-09-07T14:55:20+00:00Z</time>
      </trkpt>
      <trkpt lat="41.31310891" lon="-72.92224168">
        <time>2026-09-07T14:55:21+00:00Z</time>
      </trkpt>
      <trkpt lat="41.31309232" lon="-72.92226079">
        <time>2026-09-07T14:55:22+00:00Z</time>
      </trkpt>
      <trkpt lat="41.31307488" lon="-72.92227177">
        <time>2026-09-07T14:55:23+00:00Z</time>
      </trkpt>
      <trkpt lat="41.31305602" lon="-72.92228635">
        <time>2026-09-07T14:55:24+00:00Z</time>
      </trkpt>
      <trkpt lat="41.31303616" lon="-72.92230027">
        <time>2026-09-07T14:55:25+00:00Z</time>
      </trkpt>
      <trkpt lat="41.31301722" lon="-72.92231309">
        <time>2026-09-07T14:55:26+00:00Z</time>
      </trkpt>
      <trkpt lat="41.31299333" lon="-72.92232600">
        <time>2026-09-07T14:55:27+00:00Z</time>
      </trkpt>
      <trkpt lat="41.31297338" lon="-72.92234310">
        <time>2026-09-07T14:55:28+00:00Z</time>
      </trkpt>
      <trkpt lat="41.31294815" lon="-72.92236590">
        <time>2026-09-07T14:55:29+00:00Z</time>
      </trkpt>
      <trkpt lat="41.31292988" lon="-72.92237981">
        <time>2026-09-07T14:55:30+00:00Z</time>
      </trkpt>
      <trkpt lat="41.31290372" lon="-72.92239674">
        <time>2026-09-07T14:55:31+00:00Z</time>
      </trkpt>
      <trkpt lat="41.31288168" lon="-72.92240320">
        <time>2026-09-07T14:55:32+00:00Z</time>
      </trkpt>
      <trkpt lat="41.31285653" lon="-72.92241602">
        <time>2026-09-07T14:55:33+00:00Z</time>
      </trkpt>
      <trkpt lat="41.31283592" lon="-72.92242625">
        <time>2026-09-07T14:55:34+00:00Z</time>
      </trkpt>
      <trkpt lat="41.31281856" lon="-72.92243639">
        <time>2026-09-07T14:55:35+00:00Z</time>
      </trkpt>
      <trkpt lat="41.31279979" lon="-72.92245508">
        <time>2026-09-07T14:55:36+00:00Z</time>
      </trkpt>
      <trkpt lat="41.31278747" lon="-72.92247059">
        <time>2026-09-07T14:55:37+00:00Z</time>
      </trkpt>
      <trkpt lat="41.31276852" lon="-72.92249263">
        <time>2026-09-07T14:55:38+00:00Z</time>
      </trkpt>
      <trkpt lat="41.31275302" lon="-72.92250445">
        <time>2026-09-07T14:55:39+00:00Z</time>
      </trkpt>
      <trkpt lat="41.31273164" lon="-72.92252323">
        <time>2026-09-07T14:55:40+00:00Z</time>
      </trkpt>
      <trkpt lat="41.31271144" lon="-72.92253647">
        <time>2026-09-07T14:55:41+00:00Z</time>
      </trkpt>
      <trkpt lat="41.31268806" lon="-72.92255374">
        <time>2026-09-07T14:55:42+00:00Z</time>
      </trkpt>
      <trkpt lat="41.31266652" lon="-72.92256882">
        <time>2026-09-07T14:55:43+00:00Z</time>
      </trkpt>
      <trkpt lat="41.31264682" lon="-72.92258408">
        <time>2026-09-07T14:55:44+00:00Z</time>
      </trkpt>
      <trkpt lat="41.31262377" lon="-72.92260503">
        <time>2026-09-07T14:55:45+00:00Z</time>
      </trkpt>
      <trkpt lat="41.31260608" lon="-72.92261635">
        <time>2026-09-07T14:55:46+00:00Z</time>
      </trkpt>
      <trkpt lat="41.31258580" lon="-72.92263848">
        <time>2026-09-07T14:55:47+00:00Z</time>
      </trkpt>
      <trkpt lat="41.31256702" lon="-72.92265256">
        <time>2026-09-07T14:55:48+00:00Z</time>
      </trkpt>
      <trkpt lat="41.31254565" lon="-72.92266664">
        <time>2026-09-07T14:55:49+00:00Z</time>
      </trkpt>
      <trkpt lat="41.31252243" lon="-72.92268542">
        <time>2026-09-07T14:55:50+00:00Z</time>
      </trkpt>
      <trkpt lat="41.31250550" lon="-72.92269447">
        <time>2026-09-07T14:55:51+00:00Z</time>
      </trkpt>
      <trkpt lat="41.31247750" lon="-72.92271903">
        <time>2026-09-07T14:55:52+00:00Z</time>
      </trkpt>
      <trkpt lat="41.31245982" lon="-72.92273294">
        <time>2026-09-07T14:55:53+00:00Z</time>
      </trkpt>
      <trkpt lat="41.31244155" lon="-72.92274845">
        <time>2026-09-07T14:55:54+00:00Z</time>
      </trkpt>
      <trkpt lat="41.31241942" lon="-72.92276261">
        <time>2026-09-07T14:55:55+00:00Z</time>
      </trkpt>
      <trkpt lat="41.31240198" lon="-72.92277284">
        <time>2026-09-07T14:55:56+00:00Z</time>
      </trkpt>
      <trkpt lat="41.31237742" lon="-72.92279262">
        <time>2026-09-07T14:55:57+00:00Z</time>
      </trkpt>
      <trkpt lat="41.31236116" lon="-72.92280276">
        <time>2026-09-07T14:55:58+00:00Z</time>
      </trkpt>
      <trkpt lat="41.31233979" lon="-72.92281576">
        <time>2026-09-07T14:55:59+00:00Z</time>
      </trkpt>
      <trkpt lat="41.31231708" lon="-72.92283026">
        <time>2026-09-07T14:56:00+00:00Z</time>
      </trkpt>
      <trkpt lat="41.31230257" lon="-72.92283855">
        <time>2026-09-07T14:56:01+00:00Z</time>
      </trkpt>
      <trkpt lat="41.31228296" lon="-72.92285750">
        <time>2026-09-07T14:56:02+00:00Z</time>
      </trkpt>
      <trkpt lat="41.31226586" lon="-72.92286680">
        <time>2026-09-07T14:56:03+00:00Z</time>
      </trkpt>
      <trkpt lat="41.31224038" lon="-72.92288482">
        <time>2026-09-07T14:56:04+00:00Z</time>
      </trkpt>
      <trkpt lat="41.31221901" lon="-72.92289932">
        <time>2026-09-07T14:56:05+00:00Z</time>
      </trkpt>
      <trkpt lat="41.31220216" lon="-72.92291022">
        <time>2026-09-07T14:56:06+00:00Z</time>
      </trkpt>
      <trkpt lat="41.31217970" lon="-72.92292723">
        <time>2026-09-07T14:56:07+00:00Z</time>
      </trkpt>
      <trkpt lat="41.31216142" lon="-72.92293461">
        <time>2026-09-07T14:56:08+00:00Z</time>
      </trkpt>
      <trkpt lat="41.31214089" lon="-72.92294869">
        <time>2026-09-07T14:56:09+00:00Z</time>
      </trkpt>
      <trkpt lat="41.31212127" lon="-72.92295766">
        <time>2026-09-07T14:56:10+00:00Z</time>
      </trkpt>
      <trkpt lat="41.31209822" lon="-72.92296881">
        <time>2026-09-07T14:56:11+00:00Z</time>
      </trkpt>
      <trkpt lat="41.31207610" lon="-72.92298465">
        <time>2026-09-07T14:56:12+00:00Z</time>
      </trkpt>
      <trkpt lat="41.31205908" lon="-72.92300158">
        <time>2026-09-07T14:56:13+00:00Z</time>
      </trkpt>
      <trkpt lat="41.31203670" lon="-72.92302371">
        <time>2026-09-07T14:56:14+00:00Z</time>
      </trkpt>
      <trkpt lat="41.31201801" lon="-72.92303544">
        <time>2026-09-07T14:56:15+00:00Z</time>
      </trkpt>
      <trkpt lat="41.31199345" lon="-72.92305506">
        <time>2026-09-07T14:56:16+00:00Z</time>
      </trkpt>
      <trkpt lat="41.31197451" lon="-72.92306746">
        <time>2026-09-07T14:56:17+00:00Z</time>
      </trkpt>
      <trkpt lat="41.31195188" lon="-72.92308892">
        <time>2026-09-07T14:56:18+00:00Z</time>
      </trkpt>
      <trkpt lat="41.31193335" lon="-72.92310468">
        <time>2026-09-07T14:56:19+00:00Z</time>
      </trkpt>
      <trkpt lat="41.31191391" lon="-72.92312379">
        <time>2026-09-07T14:56:20+00:00Z</time>
      </trkpt>
      <trkpt lat="41.31189454" lon="-72.92314558">
        <time>2026-09-07T14:56:21+00:00Z</time>
      </trkpt>
      <trkpt lat="41.31187703" lon="-72.92316402">
        <time>2026-09-07T14:56:22+00:00Z</time>
      </trkpt>
      <trkpt lat="41.31185892" lon="-72.92318473">
        <time>2026-09-07T14:56:23+00:00Z</time>
      </trkpt>
      <trkpt lat="41.31184383" lon="-72.92319571">
        <time>2026-09-07T14:56:24+00:00Z</time>
      </trkpt>
      <trkpt lat="41.31182355" lon="-72.92321599">
        <time>2026-09-07T14:56:25+00:00Z</time>
      </trkpt>
      <trkpt lat="41.31180611" lon="-72.92322722">
        <time>2026-09-07T14:56:26+00:00Z</time>
      </trkpt>
      <trkpt lat="41.31178273" lon="-72.92324105">
        <time>2026-09-07T14:56:27+00:00Z</time>
      </trkpt>
      <trkpt lat="41.31176244" lon="-72.92324784">
        <time>2026-09-07T14:56:28+00:00Z</time>
      </trkpt>
      <trkpt lat="41.31174224" lon="-72.92326109">
        <time>2026-09-07T14:56:29+00:00Z</time>
      </trkpt>
      <trkpt lat="41.31172012" lon="-72.92327508">
        <time>2026-09-07T14:56:30+00:00Z</time>
      </trkpt>
      <trkpt lat="41.31170444" lon="-72.92329034">
        <time>2026-09-07T14:56:31+00:00Z</time>
      </trkpt>
      <trkpt lat="41.31168365" lon="-72.92331330">
        <time>2026-09-07T14:56:32+00:00Z</time>
      </trkpt>
      <trkpt lat="41.31166530" lon="-72.92332236">
        <time>2026-09-07T14:56:33+00:00Z</time>
      </trkpt>
      <trkpt lat="41.31164309" lon="-72.92333644">
        <time>2026-09-07T14:56:34+00:00Z</time>
      </trkpt>
      <trkpt lat="41.31162347" lon="-72.92335253">
        <time>2026-09-07T14:56:35+00:00Z</time>
      </trkpt>
      <trkpt lat="41.31160646" lon="-72.92336293">
        <time>2026-09-07T14:56:36+00:00Z</time>
      </trkpt>
      <trkpt lat="41.31158383" lon="-72.92338061">
        <time>2026-09-07T14:56:37+00:00Z</time>
      </trkpt>
      <trkpt lat="41.31156891" lon="-72.92339377">
        <time>2026-09-07T14:56:38+00:00Z</time>
      </trkpt>
      <trkpt lat="41.31154284" lon="-72.92341699">
        <time>2026-09-07T14:56:39+00:00Z</time>
      </trkpt>
      <trkpt lat="41.31152356" lon="-72.92343082">
        <time>2026-09-07T14:56:40+00:00Z</time>
      </trkpt>
      <trkpt lat="41.31150219" lon="-72.92344356">
        <time>2026-09-07T14:56:41+00:00Z</time>
      </trkpt>
      <trkpt lat="41.31148014" lon="-72.92345588">
        <time>2026-09-07T14:56:42+00:00Z</time>
      </trkpt>
      <trkpt lat="41.31146237" lon="-72.92346560">
        <time>2026-09-07T14:56:43+00:00Z</time>
      </trkpt>
      <trkpt lat="41.31143731" lon="-72.92348069">
        <time>2026-09-07T14:56:44+00:00Z</time>
      </trkpt>
      <trkpt lat="41.31141803" lon="-72.92348991">
        <time>2026-09-07T14:56:45+00:00Z</time>
      </trkpt>
      <trkpt lat="41.31139523" lon="-72.92350726">
        <time>2026-09-07T14:56:46+00:00Z</time>
      </trkpt>
      <trkpt lat="41.31137445" lon="-72.92352319">
        <time>2026-09-07T14:56:47+00:00Z</time>
      </trkpt>
      <trkpt lat="41.31135584" lon="-72.92353802">
        <time>2026-09-07T14:56:48+00:00Z</time>
      </trkpt>
      <trkpt lat="41.31133388" lon="-72.92355462">
        <time>2026-09-07T14:56:49+00:00Z</time>
      </trkpt>
      <trkpt lat="41.31131753" lon="-72.92356761">
        <time>2026-09-07T14:56:50+00:00Z</time>
      </trkpt>
      <trkpt lat="41.31129691" lon="-72.92358815">
        <time>2026-09-07T14:56:51+00:00Z</time>
      </trkpt>
      <trkpt lat="41.31127613" lon="-72.92360064">
        <time>2026-09-07T14:56:52+00:00Z</time>
      </trkpt>
      <trkpt lat="41.31125752" lon="-72.92361849">
        <time>2026-09-07T14:56:53+00:00Z</time>
      </trkpt>
      <trkpt lat="41.31123832" lon="-72.92363727">
        <time>2026-09-07T14:56:54+00:00Z</time>
      </trkpt>
      <trkpt lat="41.31122206" lon="-72.92365319">
        <time>2026-09-07T14:56:55+00:00Z</time>
      </trkpt>
      <trkpt lat="41.31120119" lon="-72.92367817">
        <time>2026-09-07T14:56:56+00:00Z</time>
      </trkpt>
      <trkpt lat="41.31118309" lon="-72.92369351">
        <time>2026-09-07T14:56:57+00:00Z</time>
      </trkpt>
      <trkpt lat="41.31116012" lon="-72.92371036">
        <time>2026-09-07T14:56:58+00:00Z</time>
      </trkpt>
      <trkpt lat="41.31113942" lon="-72.92372745">
        <time>2026-09-07T14:56:59+00:00Z</time>
      </trkpt>
      <trkpt lat="41.31112223" lon="-72.92374271">
        <time>2026-09-07T14:57:00+00:00Z</time>
      </trkpt>
      <trkpt lat="41.31109877" lon="-72.92376249">
        <time>2026-09-07T14:57:01+00:00Z</time>
      </trkpt>
      <trkpt lat="41.31107873" lon="-72.92377464">
        <time>2026-09-07T14:57:02+00:00Z</time>
      </trkpt>
      <trkpt lat="41.31105334" lon="-72.92378470">
        <time>2026-09-07T14:57:03+00:00Z</time>
      </trkpt>
      <trkpt lat="41.31103171" lon="-72.92379635">
        <time>2026-09-07T14:57:04+00:00Z</time>
      </trkpt>
      <trkpt lat="41.31101285" lon="-72.92381194">
        <time>2026-09-07T14:57:05+00:00Z</time>
      </trkpt>
      <trkpt lat="41.31098687" lon="-72.92383424">
        <time>2026-09-07T14:57:06+00:00Z</time>
      </trkpt>
      <trkpt lat="41.31096700" lon="-72.92384514">
        <time>2026-09-07T14:57:07+00:00Z</time>
      </trkpt>
      <trkpt lat="41.31094211" lon="-72.92386794">
        <time>2026-09-07T14:57:08+00:00Z</time>
      </trkpt>
      <trkpt lat="41.31091839" lon="-72.92388286">
        <time>2026-09-07T14:57:09+00:00Z</time>
      </trkpt>
      <trkpt lat="41.31089517" lon="-72.92390213">
        <time>2026-09-07T14:57:10+00:00Z</time>
      </trkpt>
      <trkpt lat="41.31086558" lon="-72.92392736">
        <time>2026-09-07T14:57:11+00:00Z</time>
      </trkpt>
      <trkpt lat="41.31084848" lon="-72.92394228">
        <time>2026-09-07T14:57:12+00:00Z</time>
      </trkpt>
      <trkpt lat="41.31081915" lon="-72.92396751">
        <time>2026-09-07T14:57:13+00:00Z</time>
      </trkpt>
      <trkpt lat="41.31079727" lon="-72.92398252">
        <time>2026-09-07T14:57:14+00:00Z</time>
      </trkpt>
      <trkpt lat="41.31077665" lon="-72.92399853">
        <time>2026-09-07T14:57:15+00:00Z</time>
      </trkpt>
      <trkpt lat="41.31075175" lon="-72.92402057">
        <time>2026-09-07T14:57:16+00:00Z</time>
      </trkpt>
      <trkpt lat="41.31073700" lon="-72.92403046">
        <time>2026-09-07T14:57:17+00:00Z</time>
      </trkpt>
      <trkpt lat="41.31070507" lon="-72.92405167">
        <time>2026-09-07T14:57:18+00:00Z</time>
      </trkpt>
      <trkpt lat="41.31067925" lon="-72.92406449">
        <time>2026-09-07T14:57:19+00:00Z</time>
      </trkpt>
      <trkpt lat="41.31065494" lon="-72.92407983">
        <time>2026-09-07T14:57:20+00:00Z</time>
      </trkpt>
      <trkpt lat="41.31062393" lon="-72.92409626">
        <time>2026-09-07T14:57:21+00:00Z</time>
      </trkpt>
      <trkpt lat="41.31060440" lon="-72.92410799">
        <time>2026-09-07T14:57:22+00:00Z</time>
      </trkpt>
      <trkpt lat="41.31057682" lon="-72.92412442">
        <time>2026-09-07T14:57:23+00:00Z</time>
      </trkpt>
      <trkpt lat="41.31054615" lon="-72.92413976">
        <time>2026-09-07T14:57:24+00:00Z</time>
      </trkpt>
      <trkpt lat="41.31052771" lon="-72.92416030">
        <time>2026-09-07T14:57:25+00:00Z</time>
      </trkpt>
      <trkpt lat="41.31049309" lon="-72.92418787">
        <time>2026-09-07T14:57:26+00:00Z</time>
      </trkpt>
      <trkpt lat="41.31047021" lon="-72.92419525">
        <time>2026-09-07T14:57:27+00:00Z</time>
      </trkpt>
      <trkpt lat="41.31044297" lon="-72.92420916">
        <time>2026-09-07T14:57:28+00:00Z</time>
      </trkpt>
      <trkpt lat="41.31041279" lon="-72.92422928">
        <time>2026-09-07T14:57:29+00:00Z</time>
      </trkpt>
      <trkpt lat="41.31039527" lon="-72.92423682">
        <time>2026-09-07T14:57:30+00:00Z</time>
      </trkpt>
      <trkpt lat="41.31036895" lon="-72.92425233">
        <time>2026-09-07T14:57:31+00:00Z</time>
      </trkpt>
      <trkpt lat="41.31034548" lon="-72.92425845">
        <time>2026-09-07T14:57:32+00:00Z</time>
      </trkpt>
      <trkpt lat="41.31031606" lon="-72.92427496">
        <time>2026-09-07T14:57:33+00:00Z</time>
      </trkpt>
      <trkpt lat="41.31028589" lon="-72.92429642">
        <time>2026-09-07T14:57:34+00:00Z</time>
      </trkpt>
      <trkpt lat="41.31026208" lon="-72.92431536">
        <time>2026-09-07T14:57:35+00:00Z</time>
      </trkpt>
      <trkpt lat="41.31023216" lon="-72.92433816">
        <time>2026-09-07T14:57:36+00:00Z</time>
      </trkpt>
      <trkpt lat="41.31020668" lon="-72.92435685">
        <time>2026-09-07T14:57:37+00:00Z</time>
      </trkpt>
      <trkpt lat="41.31018070" lon="-72.92438007">
        <time>2026-09-07T14:57:38+00:00Z</time>
      </trkpt>
      <trkpt lat="41.31015119" lon="-72.92440647">
        <time>2026-09-07T14:57:39+00:00Z</time>
      </trkpt>
      <trkpt lat="41.31013091" lon="-72.92442156">
        <time>2026-09-07T14:57:40+00:00Z</time>
      </trkpt>
      <trkpt lat="41.31010861" lon="-72.92444352">
        <time>2026-09-07T14:57:41+00:00Z</time>
      </trkpt>
      <trkpt lat="41.31008280" lon="-72.92446456">
        <time>2026-09-07T14:57:42+00:00Z</time>
      </trkpt>
      <trkpt lat="41.31006259" lon="-72.92447755">
        <time>2026-09-07T14:57:43+00:00Z</time>
      </trkpt>
      <trkpt lat="41.31003217" lon="-72.92450177">
        <time>2026-09-07T14:57:44+00:00Z</time>
      </trkpt>
      <trkpt lat="41.31000887" lon="-72.92451594">
        <time>2026-09-07T14:57:45+00:00Z</time>
      </trkpt>
      <trkpt lat="41.30998657" lon="-72.92453354">
        <time>2026-09-07T14:57:46+00:00Z</time>
      </trkpt>
      <trkpt lat="41.30995438" lon="-72.92456221">
        <time>2026-09-07T14:57:47+00:00Z</time>
      </trkpt>
      <trkpt lat="41.30993360" lon="-72.92457369">
        <time>2026-09-07T14:57:48+00:00Z</time>
      </trkpt>
      <trkpt lat="41.30991004" lon="-72.92459205">
        <time>2026-09-07T14:57:49+00:00Z</time>
      </trkpt>
      <trkpt lat="41.30987987" lon="-72.92461736">
        <time>2026-09-07T14:57:50+00:00Z</time>
      </trkpt>
      <trkpt lat="41.30985875" lon="-72.92463295">
        <time>2026-09-07T14:57:51+00:00Z</time>
      </trkpt>
      <trkpt lat="41.30982740" lon="-72.92465977">
        <time>2026-09-07T14:57:52+00:00Z</time>
      </trkpt>
      <trkpt lat="41.30980183" lon="-72.92467671">
        <time>2026-09-07T14:57:53+00:00Z</time>
      </trkpt>
      <trkpt lat="41.30978080" lon="-72.92469456">
        <time>2026-09-07T14:57:54+00:00Z</time>
      </trkpt>
      <trkpt lat="41.30974936" lon="-72.92472180">
        <time>2026-09-07T14:57:55+00:00Z</time>
      </trkpt>
      <trkpt lat="41.30972673" lon="-72.92473203">
        <time>2026-09-07T14:57:56+00:00Z</time>
      </trkpt>
      <trkpt lat="41.30970041" lon="-72.92474703">
        <time>2026-09-07T14:57:57+00:00Z</time>
      </trkpt>
      <trkpt lat="41.30966999" lon="-72.92477435">
        <time>2026-09-07T14:57:58+00:00Z</time>
      </trkpt>
      <trkpt lat="41.30964668" lon="-72.92478693">
        <time>2026-09-07T14:57:59+00:00Z</time>
      </trkpt>
      <trkpt lat="41.30961475" lon="-72.92480989">
        <time>2026-09-07T14:58:00+00:00Z</time>
      </trkpt>
      <trkpt lat="41.30958617" lon="-72.92482733">
        <time>2026-09-07T14:58:01+00:00Z</time>
      </trkpt>
      <trkpt lat="41.30956538" lon="-72.92484091">
        <time>2026-09-07T14:58:02+00:00Z</time>
      </trkpt>
      <trkpt lat="41.30953621" lon="-72.92486748">
        <time>2026-09-07T14:58:03+00:00Z</time>
      </trkpt>
      <trkpt lat="41.30951593" lon="-72.92487460">
        <time>2026-09-07T14:58:04+00:00Z</time>
      </trkpt>
      <trkpt lat="41.30948634" lon="-72.92489053">
        <time>2026-09-07T14:58:05+00:00Z</time>
      </trkpt>
      <trkpt lat="41.30945943" lon="-72.92490394">
        <time>2026-09-07T14:58:06+00:00Z</time>
      </trkpt>
      <trkpt lat="41.30943462" lon="-72.92491408">
        <time>2026-09-07T14:58:07+00:00Z</time>
      </trkpt>
      <trkpt lat="41.30940537" lon="-72.92493403">
        <time>2026-09-07T14:58:08+00:00Z</time>
      </trkpt>
      <trkpt lat="41.30937989" lon="-72.92494794">
        <time>2026-09-07T14:58:09+00:00Z</time>
      </trkpt>
      <trkpt lat="41.30935323" lon="-72.92496362">
        <time>2026-09-07T14:58:10+00:00Z</time>
      </trkpt>
      <trkpt lat="41.30932742" lon="-72.92498323">
        <time>2026-09-07T14:58:11+00:00Z</time>
      </trkpt>
      <trkpt lat="41.30930998" lon="-72.92499564">
        <time>2026-09-07T14:58:12+00:00Z</time>
      </trkpt>
      <trkpt lat="41.30928115" lon="-72.92501735">
        <time>2026-09-07T14:58:13+00:00Z</time>
      </trkpt>
      <trkpt lat="41.30925584" lon="-72.92503428">
        <time>2026-09-07T14:58:14+00:00Z</time>
      </trkpt>
      <trkpt lat="41.30922876" lon="-72.92504819">
        <time>2026-09-07T14:58:15+00:00Z</time>
      </trkpt>
      <trkpt lat="41.30919901" lon="-72.92506755">
        <time>2026-09-07T14:58:16+00:00Z</time>
      </trkpt>
      <trkpt lat="41.30917654" lon="-72.92508390">
        <time>2026-09-07T14:58:17+00:00Z</time>
      </trkpt>
      <trkpt lat="41.30915157" lon="-72.92510100">
        <time>2026-09-07T14:58:18+00:00Z</time>
      </trkpt>
      <trkpt lat="41.30912449" lon="-72.92512304">
        <time>2026-09-07T14:58:19+00:00Z</time>
      </trkpt>
      <trkpt lat="41.30910404" lon="-72.92513595">
        <time>2026-09-07T14:58:20+00:00Z</time>
      </trkpt>
      <trkpt lat="41.30907638" lon="-72.92516042">
        <time>2026-09-07T14:58:21+00:00Z</time>
      </trkpt>
      <trkpt lat="41.30904998" lon="-72.92518004">
        <time>2026-09-07T14:58:22+00:00Z</time>
      </trkpt>
      <trkpt lat="41.30902617" lon="-72.92519873">
        <time>2026-09-07T14:58:23+00:00Z</time>
      </trkpt>
      <trkpt lat="41.30899868" lon="-72.92522455">
        <time>2026-09-07T14:58:24+00:00Z</time>
      </trkpt>
      <trkpt lat="41.30897429" lon="-72.92524265">
        <time>2026-09-07T14:58:25+00:00Z</time>
      </trkpt>
      <trkpt lat="41.30894596" lon="-72.92526210">
        <time>2026-09-07T14:58:26+00:00Z</time>
      </trkpt>
      <trkpt lat="41.30891796" lon="-72.92528456">
        <time>2026-09-07T14:58:27+00:00Z</time>
      </trkpt>
      <trkpt lat="41.30889650" lon="-72.92530451">
        <time>2026-09-07T14:58:28+00:00Z</time>
      </trkpt>
      <trkpt lat="41.30886859" lon="-72.92532882">
        <time>2026-09-07T14:58:29+00:00Z</time>
      </trkpt>
      <trkpt lat="41.30883942" lon="-72.92534977">
        <time>2026-09-07T14:58:30+00:00Z</time>
      </trkpt>
      <trkpt lat="41.30881679" lon="-72.92536561">
        <time>2026-09-07T14:58:31+00:00Z</time>
      </trkpt>
      <trkpt lat="41.30878528" lon="-72.92539369">
        <time>2026-09-07T14:58:32+00:00Z</time>
      </trkpt>
      <trkpt lat="41.30876373" lon="-72.92541213">
        <time>2026-09-07T14:58:33+00:00Z</time>
      </trkpt>
      <trkpt lat="41.30873934" lon="-72.92543133">
        <time>2026-09-07T14:58:34+00:00Z</time>
      </trkpt>
      <trkpt lat="41.30870984" lon="-72.92545496">
        <time>2026-09-07T14:58:35+00:00Z</time>
      </trkpt>
      <trkpt lat="41.30868704" lon="-72.92546896">
        <time>2026-09-07T14:58:36+00:00Z</time>
      </trkpt>
      <trkpt lat="41.30865536" lon="-72.92549319">
        <time>2026-09-07T14:58:37+00:00Z</time>
      </trkpt>
      <trkpt lat="41.30863231" lon="-72.92551330">
        <time>2026-09-07T14:58:38+00:00Z</time>
      </trkpt>
      <trkpt lat="41.30860657" lon="-72.92553065">
        <time>2026-09-07T14:58:39+00:00Z</time>
      </trkpt>
      <trkpt lat="41.30857925" lon="-72.92554976">
        <time>2026-09-07T14:58:40+00:00Z</time>
      </trkpt>
      <trkpt lat="41.30855704" lon="-72.92556393">
        <time>2026-09-07T14:58:41+00:00Z</time>
      </trkpt>
      <trkpt lat="41.30852837" lon="-72.92558287">
        <time>2026-09-07T14:58:42+00:00Z</time>
      </trkpt>
      <trkpt lat="41.30850482" lon="-72.92559352">
        <time>2026-09-07T14:58:43+00:00Z</time>
      </trkpt>
      <trkpt lat="41.30847875" lon="-72.92561472">
        <time>2026-09-07T14:58:44+00:00Z</time>
      </trkpt>
      <trkpt lat="41.30845285" lon="-72.92563048">
        <time>2026-09-07T14:58:45+00:00Z</time>
      </trkpt>
      <trkpt lat="41.30842804" lon="-72.92563627">
        <time>2026-09-07T14:58:46+00:00Z</time>
      </trkpt>
      <trkpt lat="41.30840172" lon="-72.92565077">
        <time>2026-09-07T14:58:47+00:00Z</time>
      </trkpt>
      <trkpt lat="41.30837842" lon="-72.92566258">
        <time>2026-09-07T14:58:48+00:00Z</time>
      </trkpt>
      <trkpt lat="41.30835361" lon="-72.92568253">
        <time>2026-09-07T14:58:49+00:00Z</time>
      </trkpt>
      <trkpt lat="41.30833584" lon="-72.92569804">
        <time>2026-09-07T14:58:50+00:00Z</time>
      </trkpt>
      <trkpt lat="41.30831857" lon="-72.92571740">
        <time>2026-09-07T14:58:51+00:00Z</time>
      </trkpt>
      <trkpt lat="41.30829267" lon="-72.92573668">
        <time>2026-09-07T14:58:52+00:00Z</time>
      </trkpt>
      <trkpt lat="41.30827256" lon="-72.92575160">
        <time>2026-09-07T14:58:53+00:00Z</time>
      </trkpt>
      <trkpt lat="41.30824515" lon="-72.92577406">
        <time>2026-09-07T14:58:54+00:00Z</time>
      </trkpt>
      <trkpt lat="41.30822176" lon="-72.92578823">
        <time>2026-09-07T14:58:55+00:00Z</time>
      </trkpt>
      <trkpt lat="41.30819896" lon="-72.92580700">
        <time>2026-09-07T14:58:56+00:00Z</time>
      </trkpt>
      <trkpt lat="41.30817206" lon="-72.92582544">
        <time>2026-09-07T14:58:57+00:00Z</time>
      </trkpt>
      <trkpt lat="41.30815513" lon="-72.92584045">
        <time>2026-09-07T14:58:58+00:00Z</time>
      </trkpt>
      <trkpt lat="41.30813367" lon="-72.92586107">
        <time>2026-09-07T14:58:59+00:00Z</time>
      </trkpt>
      <trkpt lat="41.30811715" lon="-72.92587582">
        <time>2026-09-07T14:59:00+00:00Z</time>
      </trkpt>
      <trkpt lat="41.30809260" lon="-72.92589367">
        <time>2026-09-07T14:59:01+00:00Z</time>
      </trkpt>
      <trkpt lat="41.30807265" lon="-72.92590708">
        <time>2026-09-07T14:59:02+00:00Z</time>
      </trkpt>
      <trkpt lat="41.30804935" lon="-72.92591907">
        <time>2026-09-07T14:59:03+00:00Z</time>
      </trkpt>
      <trkpt lat="41.30802345" lon="-72.92593458">
        <time>2026-09-07T14:59:04+00:00Z</time>
      </trkpt>
      <trkpt lat="41.30800207" lon="-72.92595042">
        <time>2026-09-07T14:59:05+00:00Z</time>
      </trkpt>
      <trkpt lat="41.30797936" lon="-72.92597523">
        <time>2026-09-07T14:59:06+00:00Z</time>
      </trkpt>
      <trkpt lat="41.30796360" lon="-72.92598571">
        <time>2026-09-07T14:59:07+00:00Z</time>
      </trkpt>
      <trkpt lat="41.30794466" lon="-72.92599970">
        <time>2026-09-07T14:59:08+00:00Z</time>
      </trkpt>
      <trkpt lat="41.30792999" lon="-72.92601521">
        <time>2026-09-07T14:59:09+00:00Z</time>
      </trkpt>
      <trkpt lat="41.30791322" lon="-72.92602795">
        <time>2026-09-07T14:59:10+00:00Z</time>
      </trkpt>
      <trkpt lat="41.30790107" lon="-72.92603080">
        <time>2026-09-07T14:59:11+00:00Z</time>
      </trkpt>
      <trkpt lat="41.30788959" lon="-72.92603114">
        <time>2026-09-07T14:59:12+00:00Z</time>
      </trkpt>
      <trkpt lat="41.30788154" lon="-72.92602954">
        <time>2026-09-07T14:59:13+00:00Z</time>
      </trkpt>
      <trkpt lat="41.30787668" lon="-72.92603273">
        <time>2026-09-07T14:59:14+00:00Z</time>
      </trkpt>
      <trkpt lat="41.30786763" lon="-72.92603876">
        <time>2026-09-07T14:59:15+00:00Z</time>
      </trkpt>
      <trkpt lat="41.30785480" lon="-72.92604983">
        <time>2026-09-07T14:59:16+00:00Z</time>
      </trkpt>
      <trkpt lat="41.30784784" lon="-72.92606022">
        <time>2026-09-07T14:59:17+00:00Z</time>
      </trkpt>
      <trkpt lat="41.30784089" lon="-72.92606886">
        <time>2026-09-07T14:59:18+00:00Z</time>
      </trkpt>
      <trkpt lat="41.30783854" lon="-72.92607279">
        <time>2026-09-07T14:59:19+00:00Z</time>
      </trkpt>
      <trkpt lat="41.30783368" lon="-72.92608562">
        <time>2026-09-07T14:59:20+00:00Z</time>
      </trkpt>
      <trkpt lat="41.30783477" lon="-72.92609467">
        <time>2026-09-07T14:59:21+00:00Z</time>
      </trkpt>
      <trkpt lat="41.30783477" lon="-72.92609501">
        <time>2026-09-07T14:59:22+00:00Z</time>
      </trkpt>
      <trkpt lat="41.30782806" lon="-72.92610615">
        <time>2026-09-07T14:59:23+00:00Z</time>
      </trkpt>
      <trkpt lat="41.30781692" lon="-72.92612250">
        <time>2026-09-07T14:59:24+00:00Z</time>
      </trkpt>
      <trkpt lat="41.30780878" lon="-72.92613038">
        <time>2026-09-07T14:59:25+00:00Z</time>
      </trkpt>
      <trkpt lat="41.30780132" lon="-72.92613566">
        <time>2026-09-07T14:59:26+00:00Z</time>
      </trkpt>
      <trkpt lat="41.30779688" lon="-72.92613675">
        <time>2026-09-07T14:59:27+00:00Z</time>
      </trkpt>
      <trkpt lat="41.30779143" lon="-72.92613625">
        <time>2026-09-07T14:59:28+00:00Z</time>
      </trkpt>
      <trkpt lat="41.30778431" lon="-72.92614060">
        <time>2026-09-07T14:59:29+00:00Z</time>
      </trkpt>
      <trkpt lat="41.30777459" lon="-72.92614865">
        <time>2026-09-07T14:59:30+00:00Z</time>
      </trkpt>
      <trkpt lat="41.30775221" lon="-72.92615267">
        <time>2026-09-07T14:59:31+00:00Z</time>
      </trkpt>
      <trkpt lat="41.30774600" lon="-72.92615460">
        <time>2026-09-07T14:59:32+00:00Z</time>
      </trkpt>
      <trkpt lat="41.30773301" lon="-72.92615041">
        <time>2026-09-07T14:59:33+00:00Z</time>
      </trkpt>
      <trkpt lat="41.30772756" lon="-72.92615561">
        <time>2026-09-07T14:59:34+00:00Z</time>
      </trkpt>
    </trkseg>
  </trk>
</gpx>